Cycles,Voltage_V,Current_A,Temperature_C,Internal_Resistance_mOhm,Capacity_Ah,SOH
165,3.43,3.45,29.2,40.2,47.54,95.33
386,4.19,3.09,30.0,48.6,46.98,90.41
303,4.18,3.96,28.8,39.6,46.37,91.79
1572,4.02,1.46,22.8,92.2,33.49,69.18
1708,3.3,0.89,27.7,100.9,33.65,66.52
89,3.59,1.13,25.9,31.6,49.03,99.0
1957,3.4,1.27,26.0,105.0,30.31,62.06
1685,3.49,2.28,39.0,98.8,33.77,63.45
1770,3.86,0.99,47.1,97.9,33.15,59.99
366,3.75,4.56,29.1,41.7,46.39,90.2
1932,3.76,4.57,49.3,110.5,30.2,58.35
54,4.05,3.91,42.4,29.1,50.36,95.42
305,3.86,3.34,34.6,45.4,47.59,92.07
1235,4.15,2.94,46.4,83.1,38.31,71.43
447,3.26,0.75,23.8,45.7,46.17,92.62
1244,3.72,4.27,39.3,84.5,36.81,73.24
1267,4.18,0.66,31.1,79.8,37.28,72.8
772,3.59,1.02,40.7,59.5,42.55,81.08
1271,3.66,4.35,28.6,85.5,36.46,74.16
130,3.29,1.13,25.0,39.9,49.59,96.63
1345,3.91,3.75,35.3,82.5,37.53,72.59
496,4.19,0.88,27.3,52.1,44.89,88.46
170,3.82,1.66,23.3,40.1,48.19,94.87
982,3.77,3.43,35.4,68.0,40.62,80.68
156,3.93,2.4,23.0,38.0,48.22,97.43
1018,3.49,1.6,34.6,73.6,40.64,78.97
715,3.44,0.83,45.1,60.3,42.68,83.12
650,3.78,0.56,36.4,54.7,43.65,86.87
958,3.62,2.53,25.0,66.2,40.82,81.73
540,3.98,4.38,24.0,56.3,44.85,90.08
572,3.6,1.32,33.1,55.1,43.65,86.74
877,3.44,2.02,42.4,64.4,40.92,78.92
649,3.82,2.08,20.7,54.1,43.8,89.06
321,3.93,1.19,29.0,44.9,46.07,94.34
376,3.68,1.28,42.9,42.6,47.18,88.06
1455,3.6,2.89,32.5,90.3,35.47,68.92
796,3.66,0.64,25.0,65.6,42.84,82.66
809,3.99,4.22,22.3,60.3,42.51,84.62
1367,4.17,3.69,21.6,88.3,36.42,73.5
1727,4.08,2.34,28.1,98.4,32.26,63.31
760,3.4,4.49,20.9,57.7,42.1,84.57
1692,3.24,1.25,50.0,97.7,33.82,62.29
786,4.18,2.97,29.0,59.7,42.52,83.27
1283,3.83,2.55,23.0,78.8,37.61,74.22
1453,3.63,4.15,44.5,88.4,35.0,68.67
974,4.13,0.76,25.4,66.5,40.09,79.07
1647,3.59,2.68,25.0,92.4,34.46,67.08
657,3.65,1.29,27.3,56.6,44.28,86.08
494,4.01,2.59,30.4,52.5,44.75,88.76
654,4.04,0.76,34.2,57.3,42.72,85.72
805,3.98,1.04,46.5,67.2,42.53,79.61
462,3.6,1.95,36.9,53.1,45.67,90.21
846,3.58,1.08,43.6,60.1,41.23,79.67
607,3.97,0.76,34.4,56.9,44.06,88.25
753,3.4,4.39,26.3,56.6,41.56,84.77
984,4.15,4.82,35.4,71.7,40.53,79.78
1371,3.49,4.17,44.9,86.3,37.19,68.75
1622,3.25,0.74,24.1,99.4,34.01,67.77
624,3.54,0.51,21.5,50.7,43.22,89.2
1979,3.5,1.22,28.8,110.7,29.32,61.63
467,4.02,1.97,44.0,46.2,45.33,87.29
1364,3.72,1.06,49.3,86.8,36.95,68.76
1668,3.44,2.62,37.7,99.7,34.19,66.02
86,3.65,1.1,40.1,31.3,50.05,95.19
1807,3.58,0.8,28.4,104.1,32.63,62.89
795,3.89,4.19,44.1,60.6,42.43,80.4
1687,3.88,3.64,47.9,94.2,32.17,62.83
1189,3.62,2.24,37.6,77.8,38.33,72.77
55,3.31,4.23,36.0,28.2,50.0,98.13
250,3.75,0.53,40.8,40.9,46.98,92.84
209,4.05,2.47,26.3,38.0,47.4,95.99
878,3.7,2.89,38.4,68.3,40.6,80.95
1489,3.21,4.28,36.2,90.8,35.57,70.07
133,3.9,3.58,32.7,34.8,49.6,94.31
1479,3.45,2.28,37.2,93.2,35.8,70.43
1216,3.68,3.53,41.8,76.8,38.24,72.65
1912,4.2,0.55,49.5,103.3,30.69,57.53
1127,3.25,2.91,22.7,77.4,38.42,75.89
341,3.27,2.34,24.9,43.5,46.67,92.47
830,3.57,3.87,46.4,62.2,41.58,81.44
356,3.45,2.79,24.6,46.2,46.06,92.94
1272,3.99,4.97,35.2,83.4,37.96,75.0
468,3.3,3.62,47.8,50.6,45.64,88.32
594,3.31,3.09,22.1,53.0,44.01,89.05
104,3.33,1.79,41.7,38.0,49.36,94.27
812,3.6,1.04,48.7,65.6,41.86,81.8
598,4.02,2.83,47.3,50.1,43.43,86.57
635,3.44,0.55,40.2,58.4,44.11,83.58
699,3.62,3.62,49.2,59.4,42.89,82.01
183,3.56,1.16,45.0,35.3,47.56,92.38
792,3.8,1.84,44.7,60.7,41.74,83.01
1376,3.56,2.87,33.0,82.4,37.22,70.62
1740,3.44,2.16,33.2,100.3,33.24,64.66
1828,3.83,1.22,26.5,107.4,32.21,61.69
1502,3.39,1.17,41.5,92.5,34.8,68.79
1827,3.76,1.87,35.6,101.6,32.06,61.35
1960,3.84,0.56,27.0,113.3,31.29,60.17
772,4.14,3.97,47.4,62.0,42.2,81.63
1068,4.07,1.98,42.3,72.7,40.01,77.61
1519,4.0,4.29,35.5,88.1,34.28,69.67
1529,3.49,2.59,47.6,96.0,35.32,64.33
303,3.55,1.78,38.5,45.1,46.81,90.54
1102,3.39,0.75,43.6,71.4,38.71,76.48
425,3.44,3.56,45.4,49.6,45.2,87.68
1231,4.14,4.93,48.1,74.4,38.35,69.94
482,3.51,0.74,48.9,48.8,46.07,87.96
1758,4.2,3.67,29.0,99.6,32.84,63.35
582,3.31,2.62,33.4,53.1,44.67,87.43
1723,3.62,1.66,33.0,98.8,31.94,65.2
628,4.04,0.72,45.7,52.9,44.32,82.85
1738,4.01,4.18,28.4,99.4,32.74,65.97
241,3.38,1.88,23.7,37.4,48.09,96.59
1887,4.1,2.54,47.4,102.5,31.18,58.69
458,3.53,0.6,24.6,46.9,45.99,92.04
1172,3.65,1.0,45.9,72.4,38.94,72.94
1926,3.45,1.28,45.3,103.2,31.42,57.53
254,4.02,3.17,42.2,42.2,46.64,93.41
1436,4.03,3.84,35.9,82.6,35.11,70.32
371,3.84,2.84,24.0,46.0,46.42,94.65
525,3.96,1.21,36.7,48.8,44.17,87.03
647,3.45,2.75,48.3,58.0,43.92,82.5
1190,3.57,3.47,23.8,79.0,38.26,76.04
713,3.58,1.63,20.6,59.8,42.12,86.86
99,4.15,0.67,35.3,32.5,49.21,94.48
1397,3.28,0.56,48.5,86.2,36.66,69.04
1338,4.16,1.87,35.8,83.8,35.8,72.82
537,4.06,4.27,21.0,53.1,43.8,89.73
405,3.24,1.83,24.8,47.2,46.35,93.92
890,4.16,2.67,27.6,64.2,40.63,79.81
454,3.61,0.59,39.1,45.6,45.81,89.5
76,3.81,1.27,33.0,33.5,48.93,98.51
1286,3.79,2.97,24.5,85.4,37.54,72.69
1417,4.19,2.75,20.4,84.3,36.06,72.66
638,3.41,4.44,35.9,57.4,43.27,85.2
1901,3.89,2.81,30.2,109.3,31.84,60.57
521,4.06,3.2,23.6,48.9,44.86,87.91
301,3.34,4.0,32.9,46.1,47.95,90.91
1816,3.97,4.64,44.9,106.3,32.4,59.22
664,3.24,0.51,47.2,56.3,43.61,83.34
1100,4.12,1.45,43.4,74.9,38.34,75.28
662,3.51,1.09,26.1,61.2,44.07,87.33
1196,3.94,1.48,20.0,82.3,38.24,77.94
1989,3.52,4.79,40.5,110.6,30.06,57.9
671,4.0,1.82,27.5,56.0,43.7,87.92
88,3.39,2.89,44.4,36.6,48.36,95.29
1874,3.62,2.33,29.7,100.6,30.34,61.76
1147,3.56,4.81,42.6,80.1,39.41,75.15
1796,3.99,4.48,45.6,103.5,32.5,59.67
1972,3.74,2.23,44.0,110.1,31.17,59.2
391,4.06,2.04,40.5,44.3,46.14,91.67
1274,3.87,3.02,34.1,85.9,36.71,74.13
231,3.87,1.68,41.1,44.0,48.65,94.32
919,3.53,3.23,45.3,61.8,41.35,79.67
1728,4.09,1.92,26.4,94.2,32.3,65.65
1557,3.39,0.7,41.8,87.7,34.3,66.18
791,3.83,2.47,29.0,60.3,42.21,82.38
384,3.84,3.22,44.2,44.0,45.29,88.11
1683,3.44,3.45,44.8,98.4,33.59,63.87
135,3.6,3.07,42.4,33.0,48.12,94.57
269,3.48,1.53,33.0,42.6,47.39,94.75
304,3.57,4.13,45.2,40.0,47.84,89.8
517,4.11,3.29,20.6,46.3,45.43,92.05
951,4.1,1.5,33.9,67.0,39.6,81.63
1988,3.7,3.87,31.5,108.2,29.24,60.12
1005,4.08,4.13,24.4,65.6,40.11,78.63
485,4.08,1.53,26.1,53.2,45.97,90.47
769,3.96,0.5,30.6,60.6,42.34,83.22
1954,3.57,5.0,20.6,107.2,31.03,62.29
341,3.48,3.77,26.9,46.6,47.1,93.51
1142,3.41,1.07,23.3,78.2,38.94,79.26
1174,3.63,4.5,44.7,81.7,38.82,72.15
724,3.22,4.47,20.0,61.0,42.83,88.03
926,3.6,2.0,30.2,62.8,39.88,79.78
1501,3.76,3.97,22.9,89.8,35.97,71.43
1871,3.27,4.27,22.1,102.4,31.56,64.64
467,3.3,3.11,32.7,45.2,44.65,88.84
1973,3.86,1.64,21.8,107.9,29.4,60.93
698,4.19,1.19,44.7,60.8,43.32,81.71
838,3.8,2.38,39.2,68.3,42.08,80.42
17,4.07,3.3,43.8,29.5,49.89,95.6
1439,3.33,4.37,31.8,87.5,36.18,69.5
1437,3.39,3.43,29.1,87.3,35.8,72.25
1470,4.08,1.12,37.1,87.8,35.36,67.56
973,3.9,0.97,42.2,71.4,39.72,78.55
1378,4.18,1.02,27.4,86.3,36.3,73.96
1639,4.03,0.94,34.3,96.2,33.08,64.06
1271,3.48,0.68,42.8,82.7,37.63,71.56
664,3.64,4.23,27.3,55.4,43.28,85.86
574,4.11,3.98,42.0,56.8,45.03,85.25
1851,3.3,1.63,22.7,104.4,32.08,63.6
636,3.88,2.3,34.0,53.1,44.1,85.5
302,4.17,4.3,44.3,41.7,46.89,90.54
600,3.78,3.12,42.4,56.7,44.08,85.66
298,3.37,3.63,34.9,37.6,46.9,94.26
1641,3.79,1.53,28.9,92.6,33.01,65.19
953,3.94,4.85,37.0,69.0,40.75,80.57
337,3.73,4.94,20.9,38.5,45.86,94.77
652,4.04,3.95,27.1,52.0,43.11,86.02
973,3.53,4.43,34.7,67.9,40.64,78.86
1729,3.58,0.63,48.9,102.5,31.96,63.1
737,3.24,1.69,37.4,55.7,42.51,81.46
285,3.3,4.44,46.3,41.3,46.91,92.06
198,4.04,4.23,36.6,36.4,48.11,95.32
169,4.05,2.0,29.7,32.7,48.81,97.56
386,3.67,2.35,27.6,48.9,47.07,92.03
951,3.88,2.03,40.4,72.0,39.9,77.75
1578,3.41,0.65,20.3,91.3,34.03,67.27
837,3.85,1.91,27.6,63.4,41.58,81.52
404,4.03,3.47,41.4,50.7,45.15,89.42
1860,3.24,0.56,31.4,100.3,31.29,62.46
1559,3.51,4.82,40.3,95.9,35.33,66.43
1615,3.75,0.55,23.6,92.5,34.84,67.33
1382,3.53,3.56,25.0,86.1,36.57,71.15
1649,3.78,1.88,48.2,94.7,33.53,61.96
827,3.84,4.75,20.3,64.2,42.19,85.08
1566,3.83,3.96,24.4,88.2,33.9,67.54
1923,4.12,3.37,32.0,108.4,29.87,60.09
1105,4.1,0.54,46.1,73.5,38.16,76.0
1737,3.64,3.86,28.0,103.5,33.24,63.08
1276,4.17,2.87,40.4,83.9,36.48,72.59
552,3.54,2.4,43.5,50.9,43.67,86.7
1222,3.21,3.18,45.1,76.5,37.07,73.34
1177,3.69,1.51,23.5,76.8,38.07,77.93
1600,4.03,1.97,32.3,89.4,33.19,67.93
1500,3.94,2.45,30.6,86.0,34.66,70.11
702,3.83,4.09,43.1,55.7,43.33,84.27
635,3.86,0.69,22.6,54.0,42.87,87.12
1732,3.47,4.47,23.6,94.7,32.69,66.35
1093,3.79,3.07,27.0,71.3,38.76,78.43
286,3.45,3.71,46.1,38.6,47.15,89.65
1327,3.55,4.78,29.7,79.8,36.46,72.79
1592,3.29,1.35,46.1,92.1,33.37,65.82
1372,3.78,3.27,37.9,80.2,36.56,70.8
833,4.03,2.82,23.5,61.3,41.84,83.81
1060,3.44,0.79,43.1,69.4,40.05,76.19
354,3.41,3.11,38.3,42.0,46.14,91.89
1358,3.99,2.69,26.0,79.8,36.28,71.92
95,3.87,2.68,29.4,29.7,49.45,97.47
1501,3.23,4.43,21.5,92.8,34.33,70.15
899,3.3,3.28,29.3,68.7,40.31,83.36
180,3.78,0.57,45.8,38.6,48.34,91.56
1002,3.99,0.85,23.5,74.8,39.57,81.42
1313,4.18,1.96,36.4,85.9,36.14,70.65
1802,3.66,3.68,45.7,100.4,32.04,61.27
93,3.38,4.56,21.8,31.8,49.87,100.0
87,4.08,1.63,36.7,36.3,49.91,95.06
1005,3.99,2.27,49.9,69.3,40.76,75.11
1585,3.36,1.18,47.3,93.6,33.77,65.58
1858,3.78,3.62,22.5,101.9,30.77,63.7
1916,3.25,1.8,38.5,103.8,31.24,59.59
1890,3.41,1.32,22.9,104.9,30.42,62.83
647,4.08,3.22,36.1,60.3,42.99,84.22
774,3.97,1.51,31.0,63.8,42.88,83.04
812,3.21,4.13,21.6,65.2,42.23,83.36
720,3.89,2.53,44.2,54.8,42.31,82.93
1690,3.59,1.67,29.5,102.5,32.47,66.48
1029,3.35,3.91,26.6,70.1,39.13,78.76
28,3.45,2.45,30.6,33.6,50.65,97.56
1103,3.81,2.22,27.0,70.4,38.76,76.91
14,3.61,1.84,32.1,32.8,50.41,99.85
1732,4.15,1.37,33.9,101.2,32.88,64.92
1638,3.4,3.29,33.0,93.6,34.53,64.19
1135,3.37,1.99,28.5,71.5,37.88,76.53
1728,3.31,3.3,20.6,97.1,31.74,67.53
1398,3.39,1.18,48.0,87.2,35.89,68.77
1482,3.86,3.63,48.6,88.0,34.79,67.9
1460,4.12,4.02,42.5,93.3,35.37,69.88
1637,4.02,0.91,48.2,97.7,34.21,65.31
147,3.86,3.81,24.0,34.2,47.53,97.72
1543,3.98,1.77,47.6,93.6,35.16,65.44
161,3.58,3.32,36.2,32.6,48.52,95.72
405,3.88,3.46,20.6,49.1,46.29,94.11
1910,3.22,4.67,35.9,107.1,29.9,61.59
978,3.61,3.28,30.4,70.3,40.21,78.43
538,4.06,2.52,34.2,50.6,45.11,89.34
1380,3.32,4.21,25.8,86.5,36.81,73.04
491,3.99,3.06,25.2,54.3,46.06,91.65
691,3.23,1.89,36.8,55.6,43.84,84.3
1545,3.79,1.44,36.6,93.7,34.78,67.45
1494,4.18,1.14,31.6,93.8,34.56,67.65
1840,3.77,3.42,36.4,105.3,30.64,61.82
1556,3.27,0.78,47.9,92.9,35.13,64.7
1017,3.64,2.4,32.9,67.2,40.58,78.42
863,3.5,3.22,27.1,60.8,41.62,84.11
974,3.88,2.08,38.7,72.4,39.28,77.62
1188,3.78,2.94,32.8,74.2,37.41,74.31
1735,3.46,3.42,39.9,98.3,31.93,61.08
1156,3.57,3.77,29.7,76.0,37.64,75.47
1150,3.94,1.86,43.9,79.5,39.21,73.97
46,3.79,1.97,46.4,36.4,49.25,95.56
512,3.39,0.85,46.5,51.6,44.83,86.03
1329,3.23,1.58,49.8,87.8,35.76,70.17
1120,4.01,2.7,49.0,78.7,37.82,74.72
1349,3.21,3.47,30.9,85.7,36.22,73.69
1635,3.48,2.96,37.5,93.3,34.45,64.99
1910,3.67,3.16,42.9,110.4,30.98,60.28
1022,4.13,2.85,40.6,66.0,39.24,76.84
343,4.19,3.75,31.5,45.1,46.74,92.51
910,3.37,0.8,29.2,69.8,41.55,80.55
1822,3.28,2.16,29.7,98.4,32.02,64.7
1528,4.2,4.28,47.8,88.7,35.16,64.88
1629,4.08,3.14,37.8,90.3,34.1,65.11
814,3.76,3.53,47.7,65.1,41.33,82.21
403,4.1,5.0,31.8,48.8,45.84,92.86
268,4.19,1.95,24.9,40.1,47.28,92.69
1729,3.54,2.47,45.3,96.0,33.45,63.69
1885,4.07,2.46,40.4,105.0,31.06,60.81
192,3.95,4.77,48.1,41.5,48.39,90.97
1601,4.06,1.26,23.8,95.2,33.73,69.89
1058,3.27,4.31,45.9,71.2,39.28,74.58
770,3.79,2.18,24.5,59.7,42.45,86.38
909,3.4,0.5,37.6,66.7,41.46,80.64
639,4.14,3.28,43.9,52.2,43.54,83.03
563,3.4,4.67,46.2,54.4,43.59,84.58
1945,3.39,1.95,28.2,106.7,29.69,59.51
498,3.42,0.91,27.7,54.8,45.88,90.2
587,3.69,1.14,46.8,54.6,44.0,86.34
524,3.98,3.39,26.4,50.9,44.68,89.09
163,3.49,0.78,23.2,38.0,48.41,95.72
484,3.55,2.71,45.9,49.0,45.1,87.61
234,3.84,4.71,23.8,37.4,46.78,96.61
534,4.17,2.71,36.9,50.2,44.22,89.29
43,3.99,1.13,24.2,28.1,49.63,99.11
1439,4.01,4.2,21.1,92.6,34.83,70.95
82,3.41,1.97,30.7,38.0,48.74,96.79
1336,3.83,1.84,31.5,80.1,36.28,71.9
21,4.1,3.24,23.1,35.1,50.08,100.0
1972,3.78,1.91,43.4,110.8,30.99,57.54
356,3.75,1.41,23.6,44.3,47.4,93.57
1089,3.71,0.99,44.0,69.5,39.93,75.38
938,3.25,4.31,27.6,70.7,39.83,80.43
902,3.37,0.97,34.6,63.1,41.71,80.34
1763,4.03,4.74,47.8,98.6,33.36,59.86
774,3.78,3.8,36.0,61.1,42.36,84.57
1947,3.68,4.5,49.1,108.1,31.37,56.35
1330,3.68,1.59,48.5,87.3,37.44,70.58
1726,3.75,3.83,21.8,94.2,32.07,64.48
592,4.08,4.09,49.5,56.1,45.03,83.07
733,3.85,3.03,21.3,60.4,43.11,85.94
585,3.46,0.93,20.8,50.6,44.75,88.62
1777,3.45,2.01,22.5,102.5,31.3,63.14
603,3.97,1.23,37.3,51.4,43.33,85.48
753,3.97,3.52,20.4,57.5,41.48,84.52
505,4.05,4.97,20.1,53.1,44.72,91.87
443,3.67,1.93,37.9,52.0,45.8,88.22
398,3.63,4.24,33.3,44.3,46.09,89.33
1975,3.26,4.3,23.0,112.3,30.64,62.23
1505,3.98,2.85,38.9,85.9,34.34,67.59
457,4.0,2.42,36.6,50.6,45.68,90.26
414,3.62,2.64,37.7,49.0,44.99,87.92
974,3.32,4.52,28.7,71.1,39.31,79.82
673,3.34,1.95,38.5,58.6,43.17,82.52
131,3.97,0.76,36.3,33.0,49.38,94.1
845,3.21,4.41,44.6,67.1,41.66,81.3
1887,3.92,0.93,37.4,109.9,30.75,61.52
1138,3.74,4.21,22.5,79.4,39.41,78.4
1342,3.31,2.05,46.7,81.2,37.26,68.52
1562,3.39,2.0,27.4,91.9,35.34,69.4
1355,3.55,1.71,29.6,80.2,36.03,70.94
639,4.06,4.3,23.5,52.2,42.67,86.16
673,4.1,3.09,29.9,55.8,43.49,86.84
874,3.84,1.81,23.8,63.8,41.35,82.53
1658,3.73,2.62,30.7,92.8,34.41,67.51
1161,3.22,4.59,37.1,75.4,38.69,73.89
202,3.79,4.53,22.4,39.8,47.51,96.31
1079,3.95,1.59,44.3,77.8,38.7,75.73
1577,3.89,0.59,20.5,91.3,34.61,68.48
208,4.18,1.97,35.5,39.7,48.1,93.85
312,3.92,2.52,42.9,39.5,47.55,90.67
1999,3.52,2.16,20.2,106.4,29.94,61.11
66,3.41,3.48,44.0,37.2,49.93,97.73
1259,3.84,2.16,33.2,80.7,36.98,75.45
706,3.23,4.61,46.1,56.7,42.69,84.35
1194,3.59,3.05,28.8,75.9,38.17,75.85
1025,3.43,2.25,37.2,67.2,39.81,77.95
810,4.15,3.29,20.2,66.5,42.49,82.89
1700,3.49,3.11,39.0,93.1,33.84,62.19
1249,3.67,2.19,22.9,79.6,36.68,74.72
1337,4.17,0.69,36.7,81.1,35.83,70.69
348,3.92,4.74,44.0,40.3,45.93,91.03
1796,3.55,2.36,46.7,99.6,32.57,59.11
1148,3.35,4.03,39.4,75.5,39.12,74.75
1326,3.67,2.02,27.1,79.5,37.46,73.6
886,3.43,2.94,36.6,62.9,41.03,82.38
106,3.75,3.25,21.8,34.8,49.36,100.0
1976,4.03,0.94,33.6,107.5,29.35,60.02
282,3.57,2.8,25.4,39.8,46.77,93.36
595,3.39,2.52,24.4,49.9,43.4,86.79
51,4.01,4.15,31.9,31.1,49.88,99.14
438,3.3,1.69,37.0,45.0,45.19,91.09
1448,3.33,1.0,46.1,84.0,35.48,67.21
74,3.56,5.0,24.8,35.4,49.69,96.63
709,3.77,3.25,36.9,55.9,43.85,84.75
1279,4.12,1.67,49.9,78.4,37.99,70.27
945,3.6,4.78,29.1,68.9,39.98,81.39
760,3.53,3.5,21.5,56.2,42.19,85.43
1858,3.79,4.81,36.0,101.1,30.71,61.71
401,4.06,4.43,20.5,46.7,46.92,91.7
19,3.62,2.24,45.2,34.3,49.54,97.24
238,3.66,4.55,28.9,42.1,48.03,95.21
1583,4.11,3.99,21.5,94.6,33.84,66.88
475,4.18,4.49,25.8,47.9,45.91,89.24
1970,3.93,2.41,38.0,106.1,30.84,56.74
942,3.77,1.28,45.8,63.5,40.95,76.6
1884,3.35,3.85,28.3,108.9,32.07,62.02
1587,4.02,3.86,34.7,96.4,35.0,68.08
1131,4.11,2.49,37.2,72.0,37.7,75.51
388,3.83,2.79,23.3,47.0,45.72,93.26
493,3.87,4.67,21.3,52.7,45.02,90.75
1098,3.39,1.25,32.1,69.2,38.64,77.09
10,3.23,3.24,28.9,27.1,48.96,99.01
227,3.8,4.47,25.9,37.2,47.22,93.92
1333,3.65,3.8,48.3,80.5,37.19,70.27
251,3.33,0.94,23.0,39.1,48.41,95.95
1071,4.14,3.37,33.2,69.2,39.43,77.2
1949,3.76,3.27,20.3,107.1,31.12,63.34
1005,3.28,3.4,21.6,65.9,39.58,81.84
1083,3.57,3.68,36.5,69.2,38.78,76.61
100,4.17,1.26,49.7,35.4,48.82,93.6
839,4.08,3.54,44.6,60.5,41.02,79.79
1676,3.98,1.69,24.9,99.9,33.99,66.0
555,3.26,3.48,47.3,54.5,43.88,85.41
596,3.63,4.3,41.9,54.1,43.99,83.8
1352,3.25,3.55,37.0,86.8,36.58,71.23
1592,3.78,3.25,20.1,92.4,34.41,67.43
1929,3.48,4.88,22.1,102.7,30.32,61.22
1418,3.25,0.73,41.8,86.7,36.19,67.97
1857,3.48,1.55,35.3,101.3,30.62,60.4
841,3.52,1.46,20.2,65.2,41.13,82.75
768,3.96,3.17,49.9,61.2,41.56,82.34
192,4.1,1.21,22.9,41.2,47.14,96.8
1056,3.27,3.57,40.8,74.1,40.37,75.89
702,4.09,4.02,27.7,61.1,42.55,85.19
1691,4.01,4.44,22.2,99.5,32.85,65.35
1778,4.19,1.31,36.4,96.5,32.25,62.33
423,3.27,0.57,33.4,47.0,45.54,88.6
1412,3.49,2.09,36.1,89.7,34.89,71.34
1325,3.85,4.63,32.8,84.9,36.59,73.59
375,3.29,0.92,45.7,42.0,45.42,88.83
370,3.88,3.34,37.5,43.5,46.8,90.27
224,3.81,0.78,34.5,39.4,48.07,92.28
319,3.68,1.53,48.1,47.1,46.06,91.5
1524,4.19,3.52,40.5,95.7,34.35,68.18
1311,3.93,4.71,42.1,83.3,36.94,72.37
994,3.78,0.8,32.6,72.5,40.02,77.51
474,3.78,3.4,23.6,49.2,44.38,91.76
1187,3.62,3.56,47.0,73.6,38.38,71.21
1337,3.86,2.42,35.6,81.1,37.5,71.74
643,3.82,4.33,29.7,59.1,42.58,85.91
161,3.73,2.36,37.6,40.5,48.24,93.23
864,3.23,4.96,32.7,67.5,40.89,82.13
1855,3.72,2.76,29.7,102.0,31.72,63.1
1610,3.77,4.47,31.1,95.6,34.46,67.69
207,4.1,1.28,42.3,38.3,48.74,94.08
1196,3.73,2.24,49.0,79.9,37.43,73.4
957,4.05,4.6,37.4,66.6,41.42,79.79
812,3.21,3.35,32.5,63.7,42.63,84.4
825,3.65,2.76,33.3,67.4,41.19,83.36
783,4.14,1.92,21.5,63.3,41.32,83.04
337,3.68,1.1,31.9,47.4,47.56,91.77
1868,3.92,4.39,48.1,107.8,31.19,60.14
1898,3.46,4.08,42.8,107.7,30.58,60.01
354,3.32,2.89,35.4,44.1,47.43,90.49
1306,3.94,3.49,24.3,85.5,37.94,73.16
1583,3.56,4.53,47.2,92.1,34.31,65.44
1392,4.11,2.66,33.3,87.7,35.51,69.18
159,3.67,1.93,41.0,36.6,48.57,94.18
34,3.35,1.41,35.6,27.8,49.51,98.07
1088,3.74,2.74,33.3,70.8,39.49,78.55
1472,3.74,1.39,49.8,89.9,35.85,65.66
1613,3.42,4.72,25.9,96.3,33.1,66.78
1687,3.55,1.85,36.0,93.3,32.21,65.55
1000,3.57,3.15,29.4,66.4,40.59,78.03
1904,3.26,2.04,24.9,107.1,31.91,63.04
442,3.31,2.94,41.0,46.5,45.74,89.24
1967,3.37,4.1,33.5,110.0,30.45,60.23
1091,3.45,0.55,44.9,71.3,38.45,74.67
117,3.84,2.07,43.2,33.1,49.44,96.29
1579,4.05,1.67,46.8,91.1,34.51,64.35
1565,3.2,2.66,33.5,90.4,33.48,66.15
1561,4.07,4.02,44.2,96.7,33.62,67.2
1411,3.53,2.22,44.7,81.7,34.93,67.69
1784,3.68,3.99,20.8,105.0,33.13,64.83
1155,4.18,0.64,31.4,75.8,37.82,74.75
1402,3.69,4.64,46.4,87.6,36.63,70.48
1045,4.1,2.79,29.2,76.4,39.91,79.57
1578,3.89,2.18,40.5,92.9,35.22,66.95
1536,3.73,4.68,49.5,96.1,34.25,64.62
178,3.97,3.65,34.7,33.6,48.1,94.45
490,3.24,4.61,39.0,54.5,44.37,89.72
813,3.8,2.34,20.7,61.9,41.69,83.64
453,3.33,1.46,27.0,53.0,46.27,89.73
871,3.84,3.97,29.8,66.8,41.24,80.02
1282,3.56,2.11,25.6,80.7,37.92,74.34
888,3.62,1.45,38.6,69.6,41.41,81.62
1756,3.91,2.46,31.7,103.0,33.34,65.51
641,3.56,3.14,20.8,52.9,43.56,87.98
1130,3.4,3.34,44.8,75.8,39.49,76.35
1182,3.41,2.55,21.9,72.6,37.93,77.5
1828,3.57,1.16,27.5,106.9,32.15,61.57
451,3.27,0.55,41.3,43.4,45.04,88.73
1641,3.7,3.43,24.4,94.5,33.4,68.46
776,3.91,2.56,49.7,63.6,41.87,79.48
1329,4.07,0.83,44.2,82.2,37.28,71.98
1099,3.46,2.4,36.6,69.4,38.86,74.55
699,3.44,1.01,48.8,58.2,43.57,83.39
294,3.49,1.96,44.3,43.6,46.66,93.01
165,3.73,1.67,29.6,35.3,47.91,97.1
1588,3.7,4.85,40.7,96.5,33.27,64.06
222,4.11,1.1,36.0,40.2,47.59,94.22
344,3.84,4.45,29.0,48.7,46.5,92.06
1596,3.49,3.0,25.3,94.1,34.52,67.96
1889,3.26,0.56,22.3,105.1,31.79,60.86
832,3.81,4.95,21.1,63.1,41.81,84.56
64,3.7,4.43,36.0,34.9,50.3,96.78
1647,3.3,3.21,44.7,96.4,33.97,65.3
1060,3.98,3.32,41.1,72.9,38.88,76.07
75,4.01,4.71,36.4,33.0,48.71,95.91
876,3.21,1.47,34.4,63.3,41.91,79.76
933,3.93,1.46,40.7,67.4,40.96,80.79
762,4.03,3.22,33.5,65.1,41.71,84.14
1682,3.62,2.94,27.0,97.4,33.65,68.0
1324,3.44,4.28,25.6,86.2,37.35,72.16
568,3.36,4.99,23.9,51.4,43.67,88.35
719,3.91,0.93,33.9,63.1,43.14,83.12
1580,3.92,1.21,39.4,97.8,33.48,65.16
758,3.97,3.17,27.5,58.3,41.68,83.89
1209,4.12,1.41,42.3,77.0,38.85,71.95
665,3.51,2.27,33.3,54.8,43.19,85.05
1052,3.73,1.92,36.9,68.2,39.88,75.99
797,3.53,3.68,49.6,59.7,41.31,80.26
1294,4.14,4.17,43.0,83.4,36.43,70.01
906,3.88,1.21,41.3,70.1,41.86,78.22
1015,3.5,0.62,32.8,71.3,40.65,78.22
822,3.48,3.91,38.6,58.5,41.69,79.98
835,3.96,4.5,38.0,66.7,42.5,82.18
862,3.75,3.38,46.8,68.6,42.02,78.39
1179,4.03,4.58,27.1,72.2,37.48,75.92
798,3.98,3.61,43.5,57.1,41.7,79.81
366,3.6,4.29,46.9,45.6,46.32,88.05
1991,3.23,1.9,30.0,113.5,31.07,59.82
689,3.99,4.54,43.5,55.3,42.76,84.25
1164,3.85,4.15,28.0,77.3,38.27,77.76
693,3.61,3.17,48.7,55.3,42.89,82.38
1464,3.91,2.14,37.6,88.6,35.99,69.27
172,3.56,1.02,46.3,40.4,49.01,92.97
1306,4.19,0.91,28.0,86.5,36.94,74.97
1297,3.55,1.01,48.8,83.2,37.06,68.53
1617,3.26,4.11,25.6,97.6,33.35,66.66
725,3.21,2.68,45.9,55.5,42.66,82.57
481,3.35,4.42,33.9,47.6,45.08,90.35
1786,3.65,4.99,25.9,104.3,31.83,63.32
1156,4.04,1.45,33.2,75.9,39.02,73.84
1673,3.35,3.04,23.3,98.5,33.66,65.03
1656,3.52,2.61,32.1,96.5,32.49,65.67
649,3.63,1.59,26.1,58.3,42.52,86.2
595,4.03,4.41,37.1,57.7,43.41,86.11
1280,3.27,4.28,26.6,82.3,37.06,73.33
662,3.34,4.5,21.3,57.3,43.22,88.06
632,3.93,4.68,37.1,60.0,42.94,86.04
1685,3.29,4.52,24.4,97.6,32.39,67.67
242,3.54,1.56,29.2,41.1,47.86,95.05
1735,3.25,3.48,20.8,102.5,32.31,67.49
1903,3.73,1.96,37.9,101.5,30.51,60.4
1803,3.56,1.46,21.7,97.4,31.38,62.58
1065,3.5,3.47,28.5,73.2,38.89,79.11
431,3.37,3.62,28.4,49.2,46.64,91.05
1776,4.09,4.97,31.8,98.6,32.67,65.27
1755,4.2,1.96,34.9,99.1,32.28,62.1
606,3.33,0.83,45.0,49.6,43.67,86.64
1941,3.65,4.48,38.2,110.8,31.57,59.95
1047,3.84,1.17,37.5,68.1,38.71,78.18
1998,4.03,2.11,43.1,107.2,30.4,59.22
615,3.75,2.6,48.3,54.8,42.87,86.05
328,3.31,3.34,47.8,44.1,47.23,89.74
524,3.92,2.94,41.9,52.8,45.57,86.28
1829,3.61,2.88,43.5,99.3,31.28,61.28
1962,3.44,1.44,35.5,104.2,30.57,57.73
385,3.31,2.44,21.6,46.3,46.87,94.7
144,3.74,4.36,29.7,31.8,49.56,98.19
955,3.94,0.62,44.3,68.0,41.21,79.51
698,4.17,0.59,39.5,62.0,43.29,82.55
1680,3.96,1.05,32.0,94.8,33.57,66.13
198,4.14,4.45,27.9,41.9,48.25,94.39
881,4.07,2.11,22.3,64.4,40.49,81.88
209,3.22,3.29,20.3,38.0,48.07,95.0
1446,3.72,3.63,42.5,90.1,34.71,68.72
1043,3.2,0.9,23.4,68.9,40.51,80.06
1767,3.41,0.79,31.9,101.5,31.66,63.8
354,3.81,1.47,34.9,46.6,46.85,90.7
1664,3.62,0.99,44.7,92.0,32.43,65.67
285,3.31,2.5,37.0,46.3,47.14,91.01
1116,3.54,4.48,42.0,79.3,38.9,74.96
359,3.99,3.72,42.4,48.8,45.93,89.58
1579,4.18,0.82,30.9,91.8,35.2,67.23
281,3.58,2.09,38.6,43.4,46.36,93.27
521,3.26,4.62,36.9,54.6,45.37,85.95
1474,3.47,2.4,49.1,91.5,35.71,65.88
107,4.17,1.73,44.5,37.7,49.56,94.18
1579,3.28,3.99,48.6,97.0,34.7,64.28
1407,3.39,0.92,29.4,82.9,35.38,71.74
898,3.73,3.7,38.4,70.8,41.43,79.51
1953,3.26,0.78,42.4,105.5,31.08,59.36
1721,4.06,1.06,31.2,94.3,33.75,62.82
275,3.58,0.67,38.6,40.1,47.25,91.08
1078,4.1,3.56,37.2,74.2,38.65,78.17
25,3.5,1.3,44.6,30.3,50.59,97.58
1533,3.84,1.96,41.9,89.2,35.44,67.99
258,3.41,1.61,36.5,40.2,47.95,92.5
381,4.09,1.44,21.4,48.0,46.92,91.13
1877,4.18,1.15,24.3,107.7,31.01,60.64
1601,3.73,0.58,34.6,92.0,33.02,67.45
465,3.93,3.74,36.7,46.1,44.66,89.47
676,4.09,4.21,48.4,57.7,42.55,82.42
863,3.29,2.83,46.0,64.8,40.62,79.24
441,3.38,2.77,22.0,50.2,46.08,91.78
1255,3.82,2.45,26.5,81.6,36.46,76.4
1056,3.66,1.49,41.6,71.0,39.42,76.69
104,4.1,2.72,46.6,35.6,49.27,96.5
1611,4.11,4.17,34.9,98.5,34.13,67.4
807,3.91,0.83,24.3,65.4,41.03,83.55
583,4.17,4.26,45.3,51.0,44.0,85.85
934,3.49,2.68,32.6,68.9,39.85,82.02
546,3.34,0.68,36.3,52.6,43.71,86.21
675,3.74,0.73,31.8,54.0,42.28,86.65
372,4.15,2.75,33.5,49.6,45.76,91.91
790,3.49,3.92,42.2,63.0,42.12,83.55
1506,3.57,1.15,29.9,92.2,35.81,70.58
579,4.1,0.51,46.6,49.7,44.2,87.1
320,4.06,3.25,25.3,45.7,47.04,95.07
1149,3.57,1.14,45.8,73.6,38.68,72.51
139,3.41,2.12,49.2,33.6,47.84,94.35
229,3.27,2.26,44.6,43.7,47.19,90.73
512,3.51,3.26,26.0,47.5,44.65,87.91
1671,3.53,4.2,22.3,95.3,32.54,67.34
373,4.01,4.82,39.1,46.8,45.97,91.17
1398,3.33,2.5,25.1,87.9,36.06,71.62
1053,3.97,3.63,21.9,70.5,39.75,77.61
281,3.52,1.53,32.4,44.6,47.79,92.28
1151,3.82,4.81,22.8,78.1,39.21,75.61
1288,3.58,3.42,38.8,81.8,36.39,72.93
1154,3.47,2.5,47.6,73.0,38.92,75.31
374,3.37,2.99,33.8,47.8,46.52,92.29
887,3.8,4.68,32.4,65.0,41.31,81.95
1640,4.14,3.67,45.6,93.1,33.3,63.09
670,3.95,2.63,48.2,52.5,43.68,83.48
458,3.79,3.36,26.5,45.3,46.0,90.01
986,3.71,1.55,27.7,68.5,39.89,80.96
1811,3.58,1.41,26.7,99.3,32.01,64.16
898,3.43,2.52,37.6,69.9,40.12,79.02
242,3.94,4.01,40.7,37.0,46.69,91.31
665,3.88,3.54,23.0,52.7,42.56,85.41
948,3.2,3.58,22.0,63.0,40.89,79.65
688,4.12,3.52,21.6,58.6,43.4,84.78
1505,4.0,2.18,43.7,85.4,35.64,67.35
1996,3.47,3.84,43.4,112.9,30.55,55.62
973,3.75,1.85,37.8,66.2,40.98,76.78
1810,3.86,2.55,43.8,107.0,32.33,61.81
784,4.08,0.69,34.1,61.9,41.48,84.93
1332,3.69,3.81,39.4,80.6,37.28,69.8
719,4.18,1.78,45.4,58.4,43.75,81.96
851,3.87,1.98,36.2,60.1,41.47,82.22
1627,3.29,2.42,47.7,96.3,34.14,64.55
1154,3.95,3.35,45.4,75.5,38.35,73.05
1380,4.09,2.23,29.5,86.2,35.77,71.68
1606,3.95,1.73,44.9,89.6,33.26,63.1
620,4.14,4.12,24.0,54.2,43.79,88.27
198,3.88,2.5,36.5,37.0,47.1,93.48
1984,4.17,4.05,39.9,106.4,30.97,59.05
139,3.95,4.27,31.3,31.3,49.17,96.87
401,4.03,3.77,42.0,45.9,46.41,90.97
1009,3.61,4.09,49.3,68.0,39.59,77.93
993,4.1,3.17,38.8,73.1,39.43,79.92
295,4.13,1.54,31.3,46.6,47.45,91.89
1742,3.51,0.55,43.3,100.3,31.85,62.28
1745,4.01,2.33,38.0,104.6,31.92,63.98
1193,3.83,2.7,35.9,74.0,38.03,74.15
1163,3.47,2.38,30.3,76.1,38.86,76.93
758,3.81,4.26,25.8,57.5,41.53,85.73
763,3.46,1.76,32.7,60.8,42.09,83.41
188,4.01,1.99,48.8,41.1,47.25,91.81
1460,3.38,4.15,21.4,86.3,35.34,73.2
1720,3.3,3.89,44.4,94.0,32.71,62.42
782,3.84,3.69,40.8,63.2,41.46,83.15
1022,3.47,1.34,24.8,75.8,40.48,80.56
1646,3.61,4.36,47.0,91.3,34.36,64.59
950,3.3,1.82,24.8,69.9,40.13,80.62
189,3.86,1.65,44.4,41.5,48.23,95.23
1631,4.06,1.68,32.1,92.5,33.88,67.11
1248,4.12,2.65,32.4,81.3,38.04,74.64
218,3.8,3.23,33.2,38.2,48.04,92.9
1559,3.81,1.31,34.7,94.6,35.09,68.42
540,4.02,2.41,25.3,51.9,44.53,90.3
1680,3.78,2.2,47.6,99.1,33.04,63.79
1787,3.43,0.69,37.0,101.3,31.93,61.6
1077,3.8,3.76,32.9,72.8,39.74,75.75
431,3.58,1.59,44.1,43.1,45.35,87.56
1487,3.95,3.41,40.4,88.1,35.63,66.91
1982,3.76,0.76,44.1,111.0,29.93,59.42
285,3.51,0.78,34.4,40.3,48.14,93.3
1741,4.14,3.59,35.0,104.3,32.22,64.02
953,3.85,4.14,43.0,66.7,41.35,76.73
1639,4.12,3.97,35.2,97.3,33.49,67.6
1569,3.87,0.65,32.4,91.3,33.62,65.82
28,3.72,1.72,22.6,30.8,49.49,98.76
1287,3.69,3.98,24.9,84.4,36.96,74.06
1147,3.89,4.65,37.9,78.0,39.47,75.49
376,3.95,2.66,48.6,48.2,47.21,89.75
1460,3.24,1.46,45.2,92.9,36.13,67.19
611,3.35,0.61,30.7,57.4,43.48,85.54
1755,3.57,2.23,28.0,98.6,32.81,64.11
1184,3.38,4.7,22.8,76.6,39.09,78.56
335,3.93,1.46,32.7,47.1,45.72,91.12
1358,3.82,1.39,35.2,83.6,36.36,71.85
420,3.54,2.06,32.0,49.7,46.71,90.16
550,3.45,3.76,37.2,51.7,43.7,88.01
731,3.86,4.85,41.0,64.2,42.74,84.86
983,3.71,4.99,27.0,71.9,39.59,80.65
773,3.72,3.72,27.4,58.1,43.24,84.0
1427,3.29,4.76,29.1,86.0,35.99,71.63
18,3.51,4.33,41.6,26.7,49.83,96.38
1924,3.26,3.77,38.9,106.0,31.27,61.04
788,4.18,2.54,37.6,63.6,42.38,81.92
339,3.8,2.47,49.7,40.1,46.92,91.21
1401,3.92,1.89,29.8,88.9,35.18,70.91
788,3.58,4.06,30.3,59.9,41.84,85.07
1442,3.45,1.1,28.6,91.3,35.76,69.12
216,3.89,4.72,44.8,35.0,47.99,91.77
593,3.91,2.87,24.7,55.7,44.77,88.93
1537,4.0,0.8,34.3,95.7,34.69,65.93
1086,4.13,1.57,26.1,77.0,38.43,79.12
1471,3.25,3.37,30.2,93.2,35.16,71.77
1147,3.93,3.87,42.2,76.3,38.61,75.98
273,3.75,4.48,44.0,42.3,46.42,91.52
232,3.41,1.42,35.7,40.1,47.02,93.54
808,3.38,2.75,26.0,62.2,42.39,83.57
312,3.97,4.96,20.6,44.3,47.38,94.75
548,3.74,0.59,20.1,49.9,44.75,87.83
1844,4.19,2.61,31.8,108.0,31.2,63.13
718,3.39,3.7,33.2,59.6,43.5,83.38
49,4.13,1.62,47.1,35.2,48.99,95.55
1957,3.74,3.63,27.3,112.6,30.01,59.04
1018,4.01,4.91,28.0,66.8,38.82,80.43
1354,4.1,0.58,22.0,81.5,35.97,71.51
33,3.53,1.76,33.1,32.5,50.57,99.96
903,3.92,4.26,20.3,69.0,40.38,81.39
1533,3.24,1.27,38.2,94.9,34.72,66.19
150,3.55,2.77,27.9,31.8,48.19,98.39
281,3.42,1.1,44.1,37.0,46.27,92.87
1904,4.12,2.73,38.5,107.4,30.23,58.04
1327,3.21,3.89,33.8,86.2,35.76,71.05
1027,3.56,1.47,35.2,69.5,39.79,77.4
1582,3.48,2.58,39.0,90.2,34.78,65.02
1979,3.5,1.0,47.2,111.4,30.87,55.34
691,3.82,3.23,44.7,54.4,42.8,83.35
1387,3.75,2.78,46.7,82.8,35.71,67.19
958,4.07,4.57,31.7,70.6,40.57,77.85
154,3.33,2.75,36.4,34.3,48.01,94.18
835,4.17,2.01,24.2,67.6,42.34,83.98
1105,3.21,1.47,32.0,78.8,38.66,78.66
1149,4.15,2.7,24.3,74.5,37.98,76.75
421,3.87,3.37,27.0,43.3,46.14,91.34
867,4.12,3.45,44.7,63.1,40.37,80.35
1827,3.32,1.93,41.5,98.3,32.69,61.13
194,3.54,2.52,34.5,34.4,49.04,94.72
736,3.29,4.47,28.1,55.1,43.34,85.17
273,3.36,3.8,26.8,40.1,47.84,96.09
344,3.42,3.78,37.2,41.7,46.63,90.55
573,3.6,2.08,46.4,53.5,44.65,85.37
1057,3.29,4.81,38.9,71.8,39.32,77.55
924,3.86,3.32,21.0,63.4,41.18,81.75
864,3.55,0.63,34.7,66.3,41.63,81.21
1963,3.24,4.35,26.0,109.1,30.58,62.14
1722,3.35,2.17,31.2,102.0,33.34,64.03
558,3.22,4.72,24.1,49.3,44.64,88.78
1289,3.55,1.09,39.5,83.2,37.49,73.77
406,3.38,3.91,26.4,48.9,45.03,89.99
587,3.69,0.65,37.8,55.9,43.35,87.62
1545,3.51,1.93,47.9,93.6,33.59,65.64
1717,3.36,1.31,40.1,97.6,32.69,64.33
1702,3.26,3.39,24.7,93.8,33.52,67.53
1477,3.81,3.93,39.8,88.1,34.41,69.58
1221,3.21,4.11,44.3,75.2,37.87,71.74
840,3.83,4.49,22.9,59.2,42.28,84.15
36,3.75,4.35,38.1,29.1,48.75,97.1
1746,4.05,2.8,40.7,95.7,32.34,62.83
816,3.72,1.07,32.0,67.2,41.57,81.04
298,3.66,1.91,42.1,42.5,47.72,91.13
1412,3.84,1.43,48.6,89.7,35.26,67.4
1987,4.07,0.73,39.5,112.6,30.55,56.67
1226,3.41,4.08,38.5,78.1,38.61,74.03
1974,3.87,4.25,40.5,109.4,29.38,60.02
212,3.27,2.46,29.7,42.5,47.4,96.76
134,4.09,3.62,37.7,33.4,49.65,96.72
1505,4.07,3.79,20.7,89.1,35.16,68.59
1839,3.89,4.45,26.8,101.7,31.71,62.12
378,3.8,4.3,47.6,46.3,45.3,89.38
1368,4.19,3.96,24.1,86.8,36.94,74.2
680,3.94,2.49,40.9,53.0,43.96,85.35
1037,3.72,2.86,44.9,66.5,40.41,77.35
1313,4.02,0.97,33.5,83.1,37.45,70.73
1806,3.51,3.1,32.8,101.6,31.08,62.13
1574,3.59,3.71,45.4,89.5,35.15,66.15
1856,3.34,1.65,34.6,107.3,31.1,60.12
1206,3.86,1.64,45.7,82.1,37.55,74.0
524,3.45,0.92,45.9,55.5,45.65,86.47
1602,4.06,2.65,34.5,95.8,34.7,66.11
1515,4.04,2.94,38.8,88.1,34.58,67.46
1017,4.16,0.68,37.9,67.7,39.67,77.41
810,3.54,4.14,49.1,66.9,42.47,79.85
1460,3.89,4.33,26.0,93.3,34.54,69.9
1861,4.04,1.39,35.6,100.1,31.82,62.78
1735,3.79,4.76,26.8,103.4,32.33,66.81
1381,4.1,3.33,33.4,89.2,36.12,69.73
1620,4.02,2.82,43.7,91.3,33.0,65.37
440,3.85,1.91,23.1,46.1,45.26,91.66
1042,3.9,3.33,46.9,74.1,39.99,77.47
155,4.18,4.66,40.5,34.2,47.51,95.09
1031,3.29,4.0,47.1,67.8,39.36,77.03
1184,3.27,2.63,45.6,76.4,38.75,74.29
1199,3.41,4.14,21.7,77.1,37.87,77.29
606,3.41,2.09,24.3,55.3,44.89,88.11
1589,3.95,1.69,38.4,97.2,34.6,67.44
185,3.88,2.95,25.1,40.3,47.7,97.86
1814,3.87,2.67,29.3,106.4,32.4,64.03
1264,3.3,0.58,30.6,82.4,37.83,74.71
698,3.82,0.76,24.1,59.0,42.04,87.15
1128,3.84,3.91,29.1,70.5,38.44,75.56
55,3.82,4.12,44.7,29.3,49.91,95.49
998,3.43,4.2,45.2,71.7,40.52,78.84
1536,3.48,2.39,23.8,89.0,34.16,69.44
710,3.41,4.01,33.0,56.2,42.06,83.94
880,3.54,1.95,31.9,68.8,40.96,79.5
575,3.89,3.59,36.9,50.3,44.95,86.11
1005,3.39,4.79,32.7,65.5,40.18,77.12
331,3.74,1.17,39.5,40.7,46.41,90.73
67,3.51,4.56,21.6,29.5,50.02,99.59
554,3.92,1.09,31.9,52.0,43.62,85.97
997,3.45,4.94,35.6,64.9,39.97,79.54
1541,4.01,0.73,36.0,87.5,34.79,68.6
1192,3.51,5.0,48.2,80.0,39.07,71.88
1635,3.94,1.48,39.0,90.6,34.42,65.28
1397,3.84,0.87,46.2,81.5,36.11,70.6
207,3.35,2.81,43.4,40.6,47.34,92.13
1407,4.08,4.74,26.1,82.9,35.86,70.88
937,4.07,1.13,35.0,67.1,41.29,79.03
1984,4.17,3.15,22.7,105.3,29.9,60.05
1009,3.38,2.06,28.0,65.5,39.47,80.71
94,3.6,2.97,22.2,38.7,48.71,97.93
943,3.65,3.73,33.6,71.2,41.46,79.5
1729,3.71,1.35,46.9,95.7,32.78,62.2
1330,3.63,0.8,46.1,85.3,36.28,68.46
841,3.55,4.23,41.8,66.1,41.74,79.68
1907,3.5,4.83,27.3,109.9,31.61,63.11
1202,4.16,3.47,24.9,76.1,38.98,77.18
1334,3.77,3.35,47.8,85.0,37.17,71.36
956,3.82,2.11,44.5,72.1,40.67,78.69
1508,3.85,2.07,49.7,89.6,35.72,65.28
1159,4.15,2.42,49.3,72.2,37.88,72.21
267,3.5,4.56,28.7,38.7,47.12,95.17
845,3.25,4.63,39.9,65.2,41.16,79.43
1787,3.58,0.9,33.3,101.8,32.37,61.99
1115,3.21,3.72,21.6,77.4,39.06,78.07
88,3.71,3.29,39.2,37.2,49.2,94.42
1021,3.52,4.66,35.5,72.4,39.19,79.51
1327,3.32,2.82,32.5,82.8,36.01,73.4
81,3.67,2.71,49.6,32.7,48.47,93.97
1608,3.54,4.27,40.4,95.3,33.32,66.15
1586,3.88,1.61,42.3,90.2,33.77,67.2
184,3.95,1.6,29.5,33.3,47.58,96.12
1254,3.38,1.51,21.7,83.4,38.42,74.52
1883,3.53,4.51,48.8,105.9,30.87,57.81
1361,3.35,2.73,27.8,83.6,36.95,73.32
1646,4.02,4.42,29.3,100.2,33.42,67.85
773,3.22,1.21,48.0,61.0,42.48,83.02
1315,3.47,4.6,36.1,86.9,36.5,71.24
1694,3.65,1.13,42.7,99.9,33.05,65.4
1103,3.87,3.87,32.0,73.3,38.85,77.28
775,3.97,4.3,28.5,56.1,41.96,82.85
465,3.27,4.89,26.8,46.2,44.41,89.7
90,3.83,0.72,47.1,36.6,49.06,93.7
1330,4.12,2.18,38.2,83.3,35.78,72.88
545,3.88,1.89,45.5,51.6,43.57,84.15
1225,3.23,2.61,33.3,81.6,38.59,74.91
1487,4.15,2.66,27.3,87.9,36.1,68.48
320,3.91,1.13,38.7,41.9,47.57,93.42
1834,3.67,3.66,41.6,104.0,30.68,60.14
800,3.88,2.21,31.9,59.7,42.71,84.49
1115,3.95,1.77,49.2,74.0,38.47,73.89
2000,3.72,2.09,21.6,106.4,30.66,62.51
610,3.67,4.13,37.1,55.0,43.57,86.02
1291,3.63,3.54,32.5,85.5,37.05,71.57
702,3.99,4.12,29.8,53.3,43.06,83.28
779,3.32,2.42,21.2,59.4,41.61,83.07
1489,3.85,4.05,42.0,92.1,35.52,68.2
1393,3.86,2.14,35.0,82.3,35.39,69.89
294,3.46,0.76,41.2,38.4,47.7,92.33
1789,3.83,0.88,46.6,104.4,32.86,61.35
1078,4.04,4.45,44.8,75.8,38.23,75.27
628,3.6,2.85,43.7,58.5,44.31,84.28
1732,3.36,3.31,47.9,94.7,32.33,61.29
1652,4.15,1.35,31.9,100.9,33.24,66.01
1567,3.91,1.63,32.5,97.5,34.02,68.32
1952,3.88,2.7,49.4,104.7,30.21,57.99
1878,3.23,3.42,41.7,105.5,31.43,58.23
1350,3.21,3.4,21.7,82.8,35.52,73.67
361,3.89,1.42,25.8,42.8,46.38,91.63
808,3.35,1.88,31.0,65.6,41.81,83.87
99,4.05,3.46,37.3,37.2,49.1,96.6
347,3.74,4.28,44.4,45.9,46.3,88.99
783,3.84,0.64,47.8,61.5,41.68,79.18
781,3.39,4.43,20.4,65.0,41.78,84.87
535,3.99,2.2,45.0,56.4,44.53,86.02
1842,3.79,3.2,26.1,108.3,31.92,63.64
1775,3.38,3.31,25.3,101.1,33.24,63.5
1426,3.72,2.28,30.4,90.9,35.79,70.85
1574,3.78,4.7,43.1,96.5,33.93,65.6
848,3.8,2.16,44.3,68.9,42.33,80.37
1938,3.93,4.79,42.9,103.6,30.68,60.14
617,3.52,3.36,39.3,50.6,44.46,84.63
165,3.96,4.9,37.2,34.3,48.81,94.33
940,3.33,4.9,43.6,71.6,40.88,78.48
1103,3.57,3.39,34.0,71.4,39.84,78.03
1729,4.05,4.79,41.4,99.5,32.09,63.69
1766,3.57,1.46,40.9,102.1,32.48,62.85
981,3.9,0.71,27.8,68.1,39.3,79.28
973,3.97,3.63,23.5,66.3,41.12,82.0
1137,3.99,1.56,21.9,74.1,38.98,76.6
782,3.71,0.96,30.7,59.9,41.43,84.24
1232,4.1,2.34,20.1,76.8,37.77,75.77
1256,3.65,1.27,22.4,78.3,38.19,76.48
707,3.84,0.9,35.3,59.8,42.08,84.71
77,4.18,0.99,36.3,30.4,48.77,97.02
1147,3.97,2.09,39.5,75.5,38.53,75.49
557,3.78,4.07,37.2,56.0,44.68,85.77
109,3.78,2.85,47.9,29.9,48.84,92.89
972,4.15,1.35,45.9,65.7,41.28,79.11
1102,4.17,2.38,44.0,78.1,39.01,75.8
1326,3.74,1.76,28.9,78.7,36.5,74.04
1392,4.03,4.01,27.2,83.8,35.31,71.5
611,3.59,3.74,47.1,53.3,43.66,84.52
648,3.44,1.69,44.8,57.0,44.33,83.54
1427,3.64,4.85,41.6,85.0,35.42,68.49
1503,3.96,3.13,30.3,89.5,35.27,68.74
34,3.47,0.85,31.4,33.5,48.95,97.01
1319,4.09,4.44,48.8,84.0,36.84,71.1
801,3.8,2.82,36.7,59.3,42.26,83.79
1757,3.96,2.51,46.3,104.6,33.31,62.87
550,3.32,1.24,48.7,55.4,43.91,87.05
887,3.65,2.41,43.0,64.9,42.09,79.94
1650,3.68,3.17,35.4,96.8,33.87,63.91
1628,3.2,4.72,37.4,95.9,32.83,66.77
1076,3.95,4.95,40.4,74.9,38.9,77.37
610,3.75,2.05,23.8,59.0,42.99,86.65
1470,3.21,3.21,32.0,89.9,36.06,71.09
1514,3.68,4.69,26.5,94.4,34.11,70.0
301,3.97,4.41,31.9,37.6,46.46,92.45
391,3.98,0.98,20.8,47.0,47.08,92.16
804,3.23,2.62,30.3,61.5,42.46,82.18
435,3.87,4.06,25.1,44.9,45.48,93.16
1959,3.21,4.07,24.7,111.7,30.37,60.74
101,3.3,4.64,49.7,29.5,49.53,93.23
679,3.66,4.93,25.6,60.8,43.45,87.02
1844,3.45,2.76,29.7,99.6,31.82,63.96
1381,3.8,4.07,31.5,86.3,35.89,72.04
1855,3.46,1.8,47.1,109.0,30.72,60.79
1298,3.25,1.21,27.1,78.4,37.0,71.87
1584,3.52,3.64,38.7,92.7,33.8,67.88
1287,3.64,3.7,34.6,76.9,37.3,74.5
379,4.09,4.7,28.3,42.6,46.64,92.2
702,3.77,4.19,47.4,60.4,43.74,82.98
1401,3.48,0.76,32.1,88.8,36.43,70.25
1441,4.09,3.76,45.5,91.9,36.15,66.87
1271,3.4,1.27,35.7,77.6,37.75,72.76
1187,3.94,4.35,34.0,75.7,37.68,76.07
366,3.96,1.5,33.6,49.1,45.51,92.93
1560,3.99,2.39,29.3,96.4,34.27,67.43
1402,4.02,2.59,49.7,82.4,35.09,70.2
1453,3.57,0.63,39.1,87.8,36.42,66.96
436,3.96,4.41,43.4,52.1,45.38,88.6
1134,4.05,3.94,30.7,77.8,39.23,78.07
622,4.08,3.94,45.2,59.8,43.29,84.79
548,3.7,2.16,25.8,50.7,43.61,90.56
363,4.08,1.64,21.5,42.7,45.47,92.09
551,3.26,4.34,25.3,47.4,43.97,87.42
170,3.75,0.81,20.2,34.0,48.03,96.72
1456,4.17,4.66,48.7,91.7,35.3,68.04
290,3.97,3.22,45.0,41.0,47.08,91.91
1949,3.89,3.05,31.1,112.1,31.17,58.98
1743,4.18,1.76,22.7,97.2,31.62,65.35
1701,3.37,1.23,35.8,97.5,33.84,63.48
768,3.39,1.69,49.3,56.8,42.39,81.97
1041,3.4,3.06,40.2,68.6,40.11,78.2
1778,3.38,2.89,46.4,105.1,31.93,63.19
177,3.73,1.63,37.3,37.9,49.1,92.79
1175,3.55,3.53,36.7,81.1,38.0,73.12
244,4.14,2.13,21.4,37.4,47.84,97.52
9,4.16,3.4,31.5,30.4,50.33,100.0
803,3.21,4.84,23.0,63.8,42.41,84.71
1395,3.6,3.88,26.1,88.8,35.59,73.59
1205,3.22,3.86,47.8,81.6,38.61,73.28
1192,3.65,1.56,49.7,77.8,37.92,73.59
1175,3.45,1.81,26.2,76.7,38.11,75.29
1383,4.15,0.85,26.8,81.8,36.38,72.09
50,3.69,3.02,45.9,35.9,48.52,97.64
879,3.73,3.65,26.8,65.5,41.53,84.07
1935,3.46,1.78,31.4,110.0,31.35,59.46
74,3.65,4.67,26.7,36.7,49.78,97.18
1605,3.81,1.76,24.2,93.2,33.42,68.74
396,4.09,2.93,36.5,45.5,45.24,89.51
1898,3.5,1.62,45.7,110.4,30.54,57.16
1819,3.5,0.71,43.1,104.6,32.28,62.0
1102,3.21,3.36,35.2,73.0,38.94,77.67
1489,3.75,2.01,26.3,88.5,34.13,69.64
1238,3.84,2.66,42.0,77.6,38.3,73.17
1734,3.55,1.14,23.1,103.9,32.12,66.08
1386,3.43,3.05,28.8,87.5,36.58,69.82
406,3.7,3.97,45.0,46.4,46.32,87.7
1003,3.93,2.65,39.7,72.7,39.46,76.55
1397,3.75,4.72,38.7,90.4,36.01,69.51
1718,3.28,4.22,39.0,101.8,33.13,63.26
753,3.41,0.83,41.4,64.7,41.65,84.34
1792,4.09,2.13,38.7,100.7,32.41,61.48
619,4.07,4.82,24.0,56.6,43.04,88.23
1823,3.22,2.53,41.0,99.7,32.72,59.34
1931,3.73,1.02,21.7,104.5,31.3,60.08
533,3.76,4.1,29.5,53.0,44.54,87.92
1604,4.07,3.89,25.4,89.7,34.73,66.66
1780,3.46,1.27,43.3,96.7,32.22,60.94
993,3.36,3.33,24.5,68.6,39.41,81.47
1683,3.7,2.06,28.2,92.7,33.93,66.71
266,3.45,2.28,43.0,38.7,48.32,93.02
1644,3.33,2.18,37.9,97.9,34.26,65.17
1546,4.13,4.7,46.5,93.5,34.17,65.54
552,4.17,4.74,22.5,55.7,43.77,89.38
327,3.49,3.69,47.7,45.4,46.15,90.47
611,3.67,4.52,47.7,55.7,44.49,83.18
1887,3.29,2.83,45.1,104.3,31.93,59.61
1839,3.53,2.85,33.8,106.9,31.09,61.82
1256,3.88,4.0,42.8,78.2,38.22,73.71
1070,3.64,3.88,36.6,69.8,38.33,75.98
1240,3.34,1.84,39.1,76.5,38.05,74.41
941,3.97,1.42,20.1,68.1,39.78,82.5
272,3.74,0.57,36.1,45.2,47.75,91.04
1774,3.34,2.36,42.9,99.5,31.71,61.82
760,3.78,4.22,22.9,59.2,41.98,84.73
867,3.75,4.03,28.8,68.7,40.59,83.81
1753,4.09,2.61,42.2,99.1,32.07,62.1
886,3.61,1.25,43.5,68.1,41.36,78.81
145,4.02,3.78,39.5,39.7,48.71,95.27
229,3.75,1.02,41.5,43.1,47.71,92.93
1027,3.26,1.57,29.9,74.5,39.09,78.18
822,3.85,2.43,42.2,59.9,41.57,80.94
240,3.41,0.54,34.8,38.2,47.34,93.12
189,3.23,4.51,34.9,37.9,48.54,94.11
159,3.39,3.36,26.6,40.1,48.21,97.66
191,3.44,3.06,33.5,38.5,47.97,95.11
1287,3.84,2.11,39.8,86.4,37.8,72.21
1529,3.57,4.26,34.7,88.0,34.23,69.87
1278,3.31,3.22,30.8,82.5,36.71,73.8
1426,4.01,4.77,33.3,88.2,34.77,71.5
880,3.65,4.64,22.5,66.3,41.96,81.97
1534,4.17,1.87,43.6,94.4,34.11,65.39
1248,3.41,3.37,37.6,79.2,38.29,71.71
467,4.13,3.57,25.2,50.4,45.71,90.23
1365,3.33,1.7,24.1,88.2,36.06,71.5
1763,4.12,2.75,32.1,95.6,32.42,62.34
1060,3.24,1.52,28.5,76.9,39.34,79.31
122,3.37,4.36,29.0,35.8,49.61,98.66
1099,3.35,1.88,43.4,72.3,38.44,77.15
1824,3.32,1.82,31.4,103.8,31.19,62.7
982,4.19,1.51,38.5,67.0,40.61,77.45
1640,3.49,2.15,45.8,91.0,33.81,63.44
1231,4.17,3.71,25.8,74.4,38.45,75.7
1765,3.35,1.33,20.9,105.3,32.24,63.72
1579,4.17,4.2,26.6,92.7,33.35,67.79
492,3.22,0.83,39.2,52.7,44.31,90.0
779,3.54,1.91,21.7,64.1,41.36,84.7
218,4.05,2.4,23.7,37.8,48.23,95.57
1945,3.43,4.05,40.6,105.7,30.63,58.64
616,3.69,4.38,37.8,58.5,43.04,85.42
149,3.98,3.89,23.6,33.5,48.25,98.28
1522,3.57,0.96,42.8,90.9,35.55,68.88
1967,3.71,4.39,26.8,104.2,30.71,60.35
1175,3.29,3.59,24.9,75.8,37.54,77.4
1836,3.7,0.76,34.3,108.4,32.07,62.28
504,3.57,2.21,27.4,51.7,45.13,87.57
1620,3.4,4.12,27.9,92.8,34.25,68.26
1580,3.73,1.35,33.6,93.4,34.67,67.63
1187,3.22,3.57,22.7,75.7,37.75,78.02
1039,3.82,4.66,33.0,75.4,40.51,76.08
394,3.61,4.1,35.0,49.0,46.2,89.8
1676,3.87,1.94,47.1,96.9,32.65,62.74
1988,3.7,1.03,40.5,112.8,31.04,58.96
356,3.99,3.46,44.6,40.1,45.89,88.13
229,3.78,4.63,39.3,44.1,47.64,94.57
414,4.18,3.1,27.2,44.0,46.55,91.98
414,3.59,2.24,42.7,49.1,45.39,88.0
909,3.3,1.75,36.8,65.2,40.95,78.07
303,4.06,0.83,48.3,37.4,46.08,91.59
1476,3.3,3.04,45.3,84.1,36.03,65.75
256,3.81,1.44,23.3,43.9,47.63,93.29
15,3.48,4.76,33.1,33.4,48.88,97.5
895,3.28,4.19,44.7,63.8,40.54,78.94
1725,3.93,2.24,35.7,101.6,33.62,62.29
943,3.49,2.66,24.6,64.6,41.06,82.23
1118,3.49,1.85,42.3,71.7,38.83,75.46
427,3.88,1.65,45.2,51.1,45.56,87.22
1840,3.86,4.42,45.1,107.7,31.99,60.75
278,3.47,4.81,31.2,41.1,46.96,91.75
1667,3.44,2.67,31.9,97.2,33.83,63.98
763,3.21,4.52,30.3,61.5,42.39,83.28
405,3.29,3.03,45.9,49.4,46.58,89.01
63,3.43,0.55,47.9,36.1,48.77,93.47
1956,3.63,3.2,21.3,105.7,31.19,60.78
1493,3.23,1.61,41.2,91.2,35.12,67.06
1199,4.04,0.63,23.3,75.9,38.69,77.09
885,3.67,1.71,45.1,67.4,41.22,77.68
155,3.63,2.63,23.8,31.5,48.54,99.03
663,4.12,1.74,29.1,61.2,42.56,85.13
1688,3.94,2.44,37.3,94.4,33.0,64.43
38,3.47,2.74,46.2,31.4,48.85,95.94
1077,3.52,4.71,34.4,75.5,38.71,75.97
1708,4.04,2.65,40.3,102.4,33.54,63.64
1044,3.75,2.28,44.8,67.1,39.81,76.04
624,4.01,4.52,45.8,54.3,42.96,84.9
1740,3.53,0.77,23.6,100.2,31.64,65.27
62,3.76,2.48,22.5,35.6,50.13,97.65
1437,3.97,1.29,27.4,88.8,35.12,69.79
269,3.94,2.07,20.6,37.8,47.54,95.69
1168,3.26,2.22,27.0,74.1,38.89,74.89
1400,3.94,1.66,49.3,90.6,36.99,67.48
1789,3.61,0.73,40.0,100.2,32.78,63.28
1352,3.22,2.56,31.3,80.6,36.7,70.37
1915,4.12,0.94,22.3,102.2,31.08,62.4
611,4.01,4.55,41.4,59.2,44.21,86.75
1005,3.22,1.07,20.2,73.5,39.31,81.86
1178,3.21,3.11,39.9,75.1,38.5,75.38
1095,4.06,0.64,33.6,73.8,38.25,77.5
1031,3.65,3.33,36.5,73.5,39.58,77.36
772,3.99,4.59,44.1,58.3,42.13,81.27
136,4.06,1.93,36.9,30.5,48.26,95.13
1244,3.64,1.76,33.2,75.9,37.25,75.3
461,4.11,0.93,24.0,48.9,45.69,92.73
97,3.94,3.07,20.9,37.6,48.83,98.43
1417,3.23,3.81,24.1,88.7,36.03,71.29
1775,3.57,1.02,42.9,96.0,31.61,61.35
797,3.74,4.96,25.5,66.4,42.1,85.08
192,3.56,1.85,27.7,38.1,47.35,96.95
809,3.65,3.11,49.3,63.8,41.8,79.46
554,3.9,3.94,37.4,51.0,44.57,85.25
600,3.6,4.63,25.1,52.8,44.22,88.29
857,3.32,1.32,30.7,60.1,41.13,81.48
673,3.3,4.77,41.0,61.6,43.11,83.43
1347,4.11,2.86,48.0,82.2,36.02,69.2
1013,3.9,3.16,27.3,72.9,39.96,80.82
375,3.92,1.66,25.0,41.2,46.06,93.7
332,3.89,4.55,48.4,47.0,47.29,90.76
1661,4.19,4.29,42.5,100.1,33.67,65.99
679,4.14,3.74,32.1,55.1,42.9,83.86
1476,3.8,3.88,47.5,87.9,36.18,65.67
1062,3.32,2.41,32.7,71.0,40.34,76.61
547,3.63,2.01,43.6,56.5,45.14,87.49
1574,4.05,1.73,42.8,89.7,35.17,64.01
1290,3.94,1.22,29.9,83.9,37.96,72.88
1046,3.66,1.72,47.2,71.9,39.05,76.37
829,3.98,1.81,43.8,62.5,42.61,81.76
1658,3.75,3.52,36.3,94.5,34.35,65.38
1700,3.96,3.39,23.9,93.0,32.2,64.62
1514,4.13,0.56,27.3,95.3,35.84,68.78
1550,4.11,3.22,25.3,88.5,33.61,68.46
434,3.84,1.25,38.7,43.0,45.12,91.1
1552,4.14,2.38,37.9,89.3,34.26,65.67
1283,4.17,3.55,38.9,85.1,36.21,72.51
248,4.14,3.29,23.7,41.9,47.39,93.72
1052,3.34,2.64,47.3,74.2,39.69,73.86
177,3.71,4.67,26.4,36.9,48.27,94.7
1599,3.44,1.83,34.5,91.4,33.55,67.8
634,3.41,4.08,27.0,60.0,42.7,88.19
1636,3.27,3.97,45.1,96.1,32.71,64.86
1993,3.74,3.71,26.6,104.7,30.83,61.89
190,3.69,2.62,47.5,37.8,49.03,94.05
943,3.77,4.78,24.9,65.8,41.25,80.74
707,3.55,4.53,37.2,55.5,43.69,85.35
948,3.74,4.12,23.3,67.6,41.29,80.7
1348,4.2,1.26,40.9,81.3,36.46,72.42
1500,3.39,3.33,31.5,92.6,35.14,69.28
22,3.26,2.14,46.3,35.0,49.04,94.85
1680,3.51,2.85,23.3,102.0,33.16,66.56
1816,4.14,3.56,36.9,101.6,30.92,62.89
1652,3.3,0.98,35.3,94.0,32.97,65.63
1936,3.21,4.79,26.6,105.7,31.29,60.89
1782,4.03,4.85,36.4,100.1,31.53,63.39
288,4.16,1.06,30.7,41.4,48.09,92.75
1308,3.75,4.14,31.9,82.7,37.13,72.16
835,4.18,3.96,37.9,64.6,40.74,81.53
108,4.06,2.52,30.5,35.8,48.72,98.43
1300,3.24,2.81,27.9,80.9,36.05,72.89
101,4.04,3.49,33.2,35.5,49.91,97.76
1368,4.2,0.91,34.2,79.9,36.6,71.8
197,3.72,1.94,24.4,36.3,48.67,97.13
1849,3.31,4.99,21.0,101.6,30.94,62.26
370,3.68,1.85,22.4,41.9,45.67,92.66
1048,3.69,0.63,32.0,67.4,39.62,79.41
976,3.98,1.05,28.7,70.8,40.15,79.32
1641,3.72,2.34,37.5,98.3,33.83,66.26
1417,3.43,4.16,21.4,85.2,36.29,70.26
240,3.66,0.66,26.1,39.7,47.29,96.04
406,3.81,3.1,47.0,43.3,46.91,90.42
581,3.65,4.7,47.0,55.3,43.64,86.77
314,3.78,1.48,43.1,47.5,46.83,90.57
1911,4.07,2.01,23.4,103.2,30.75,60.27
1507,4.18,4.88,37.8,85.3,35.05,67.91
1009,3.41,4.57,27.3,68.5,39.26,78.48
1634,3.31,3.62,45.6,99.9,33.39,63.03
499,3.73,1.85,22.8,48.1,44.33,89.92
452,3.93,2.79,26.0,49.3,44.78,91.68
985,3.72,2.22,27.1,69.4,40.07,78.16
1611,3.59,2.75,32.9,97.9,33.39,67.37
495,4.09,4.14,44.1,54.4,44.5,88.74
867,3.55,3.19,39.4,68.4,41.08,80.02
1392,4.06,3.34,30.3,81.8,36.43,73.11
1491,3.73,3.13,30.2,93.7,35.81,68.38
1432,3.43,0.62,40.7,89.0,34.73,68.58
1169,3.84,4.57,45.2,74.6,38.37,73.66
795,3.75,3.16,32.3,61.8,42.73,84.05
477,4.12,2.91,38.6,48.3,44.56,88.56
1740,3.5,0.55,23.8,97.5,33.24,65.6
423,3.94,3.54,43.3,50.2,44.99,88.35
622,3.28,1.98,45.8,50.4,44.47,85.33
1652,3.25,4.77,41.2,92.7,32.88,64.08
60,3.24,4.53,27.1,36.0,50.08,99.79
1898,3.89,2.68,28.6,105.4,31.27,62.28
1481,3.94,1.09,37.0,85.0,36.09,69.36
229,3.3,1.72,38.0,41.9,47.89,93.43
554,3.38,3.99,34.0,48.6,45.1,86.68
1925,3.74,1.87,27.4,106.2,30.32,63.04
1998,3.97,2.96,35.0,113.9,29.52,56.59
1890,4.15,3.84,39.1,108.3,31.57,58.37
604,3.22,0.83,32.8,56.0,43.43,86.84
168,3.99,0.91,48.2,41.2,47.59,93.29
180,3.96,0.94,30.1,40.8,47.69,97.36
1044,3.73,3.32,26.0,76.3,40.11,79.67
1120,3.66,1.13,40.4,76.0,39.43,73.56
173,3.77,4.06,41.5,40.0,49.03,95.61
905,3.51,1.31,42.1,70.8,41.31,78.74
1972,4.03,0.84,22.8,107.8,29.84,59.75
802,3.95,1.03,43.1,64.8,42.82,82.93
768,4.13,2.84,29.1,65.3,43.22,83.05
807,3.77,1.57,30.7,61.6,42.14,81.14
1028,3.46,1.91,33.3,75.8,39.09,76.26
267,3.22,1.74,21.5,44.6,47.08,94.7
625,3.21,4.28,33.1,54.9,44.52,86.36
1406,3.53,2.57,31.6,87.8,35.59,69.4
100,4.16,1.36,48.8,34.7,48.7,94.2
133,4.18,2.87,23.3,34.4,47.72,96.73
429,3.36,1.82,48.4,42.7,45.18,87.95
1234,4.0,3.1,25.7,79.6,38.07,75.32
1511,3.93,3.0,37.2,92.8,33.92,68.49
1349,4.04,0.56,26.4,85.2,36.1,70.84
1734,3.9,2.07,20.8,96.3,33.42,65.36
967,3.44,2.3,21.4,66.1,39.96,80.55
1517,3.25,4.48,39.8,87.9,34.81,68.64
159,3.51,4.39,21.7,40.7,48.67,97.77
1425,4.14,1.25,25.4,88.5,34.77,73.18
1268,3.78,3.27,34.0,80.0,37.29,71.68
129,4.19,1.58,24.9,31.6,48.73,97.57
1078,3.41,2.15,37.4,68.6,38.7,75.06
329,3.56,0.79,47.4,40.9,46.42,89.78
620,3.41,1.49,20.1,52.1,44.31,86.36
1103,3.93,2.91,28.4,78.4,39.61,76.58
1393,3.71,2.22,29.5,81.0,36.73,72.68
1238,3.48,1.17,39.4,76.2,37.95,72.72
246,3.32,1.29,25.0,41.7,48.39,93.35
1382,3.95,1.53,30.2,87.9,35.58,71.5
1705,4.16,0.57,21.3,93.3,32.25,65.82
1563,4.12,2.83,44.5,89.6,34.2,64.61
1165,3.87,1.31,34.5,78.9,39.27,73.87
548,3.35,0.78,30.3,52.7,45.3,89.98
87,3.74,2.41,29.5,29.4,48.28,98.69
214,3.47,2.17,21.7,41.2,48.03,94.94
809,3.77,3.51,28.0,58.9,41.32,85.08
340,3.86,0.73,39.9,45.9,47.55,89.31
1910,3.38,4.34,35.3,108.3,31.09,61.91
1716,3.55,4.76,33.1,101.3,32.51,63.04
672,3.45,0.86,24.3,60.3,42.38,86.63
1920,4.13,3.13,41.4,104.3,31.77,59.27
1637,3.61,2.01,34.2,98.0,34.13,65.04
771,4.0,3.41,46.1,58.4,42.22,82.26
1675,4.06,2.34,21.0,92.2,34.0,65.44
701,4.11,2.91,47.9,55.0,43.07,81.22
1320,3.82,0.84,26.0,84.4,36.55,72.41
968,3.52,1.33,31.7,64.1,40.83,81.09
1057,3.85,4.49,26.6,69.0,38.96,78.65
460,3.68,2.92,27.7,45.7,45.47,91.22
293,3.45,4.34,31.7,44.4,47.33,91.85
1599,3.87,3.98,30.4,97.7,34.13,68.18
1834,3.92,3.17,31.8,106.7,32.02,62.12
1815,3.33,0.65,33.9,106.1,31.1,61.36
1873,3.96,4.9,47.6,107.1,31.94,60.98
1045,3.77,2.51,20.2,68.8,40.12,80.55
860,3.69,0.97,45.9,64.6,41.41,78.05
686,3.69,2.45,41.2,56.6,43.3,85.77
1428,3.59,2.72,35.5,91.6,35.37,68.26
1748,3.4,2.4,46.2,101.6,33.25,63.31
666,3.7,4.88,49.8,55.8,43.77,81.69
1283,3.98,0.95,34.0,77.2,36.2,73.48
1246,3.33,2.03,32.4,81.8,37.45,72.44
597,3.53,0.93,43.3,49.8,44.31,86.67
52,3.83,2.2,44.1,36.3,48.85,96.52
177,3.77,1.57,25.2,38.7,47.63,97.47
1502,3.61,2.08,38.2,95.1,35.46,68.8
1605,4.06,2.91,40.8,91.2,33.22,64.49
499,3.53,3.03,31.0,52.4,45.19,89.52
1317,3.74,3.91,36.9,81.8,36.28,72.17
101,3.82,4.77,36.0,31.8,48.03,94.71
1084,4.1,1.11,49.2,70.1,39.16,75.99
586,3.7,2.59,49.9,56.7,45.0,85.57
269,3.42,3.31,41.7,39.1,47.97,92.83
237,3.83,4.12,41.8,35.8,48.07,94.36
1406,3.29,0.84,21.7,82.0,36.25,73.66
248,3.58,4.04,40.9,42.6,46.86,94.23
868,3.81,1.83,47.1,69.0,41.53,80.49
1583,3.64,1.85,37.5,95.5,34.63,66.56
158,3.85,1.71,35.2,37.5,47.97,93.99
726,3.65,2.82,26.6,57.9,42.16,84.53
517,4.15,2.42,40.7,53.2,45.22,88.11
33,3.42,0.73,34.0,27.7,50.28,98.6
1042,3.77,1.05,32.6,68.3,40.13,77.44
428,3.86,1.72,39.0,43.0,46.1,90.34
146,3.3,0.53,38.8,34.9,49.32,93.06
358,3.64,0.72,37.0,48.2,47.29,92.21
386,4.07,1.09,33.0,42.7,46.11,89.33
1088,4.05,4.84,32.9,74.2,38.7,76.24
1079,3.44,3.7,24.9,73.7,38.78,78.37
912,3.26,2.84,27.6,70.3,41.13,81.49
1852,3.63,3.51,35.1,101.4,31.64,62.7
492,3.74,0.64,43.0,51.6,45.57,86.21
1283,3.87,1.95,34.2,82.8,38.15,74.02
293,3.97,2.49,49.9,44.4,46.07,89.19
1536,3.96,0.95,21.0,95.1,35.4,68.41
540,3.83,3.06,29.4,50.9,44.69,90.41
1658,3.69,0.52,43.7,99.2,33.6,64.87
176,3.49,3.3,39.8,39.0,47.67,94.9
1581,3.41,1.0,42.7,93.6,33.28,63.76
1032,3.93,4.98,29.4,74.2,38.73,80.14
650,3.8,1.19,30.3,54.1,43.84,86.17
788,3.52,2.23,31.4,64.2,41.71,83.39
1081,3.37,3.63,34.8,70.2,38.65,76.91
49,4.05,2.43,26.9,28.7,49.31,97.03
1305,3.94,1.84,36.5,85.4,36.99,73.53
1552,3.54,0.82,30.5,87.7,34.02,69.7
1092,3.77,3.74,23.1,74.2,39.8,79.39
1679,3.65,2.27,42.8,96.2,33.36,62.28
1210,3.46,2.81,35.5,73.9,37.17,74.57
817,3.96,4.31,32.8,64.8,41.65,83.5
361,3.97,1.66,40.9,40.2,45.46,91.2
347,3.53,2.99,47.7,40.7,47.08,89.9
37,3.24,3.75,29.0,30.4,49.85,96.88
718,4.04,3.7,36.7,54.9,42.82,85.15
720,3.63,4.9,35.6,55.0,42.87,82.03
1859,3.66,1.01,49.9,107.9,32.26,59.65
1557,3.96,3.69,48.4,87.9,34.04,64.28
1883,3.54,1.62,27.2,103.0,30.35,63.99
1525,3.38,2.36,39.8,89.0,35.61,69.11
209,4.17,3.69,25.7,41.7,47.02,96.74
376,3.77,0.7,40.6,41.8,45.64,90.34
316,3.8,4.73,22.7,44.3,46.99,94.23
1928,3.42,2.16,23.7,102.6,31.2,63.39
290,3.52,1.37,45.6,38.0,46.36,92.52
858,3.52,3.12,35.1,63.6,40.74,83.14
700,4.03,3.86,25.5,61.2,43.65,84.32
1041,4.08,2.2,42.6,72.6,39.26,77.24
1709,3.71,2.19,38.7,95.0,33.74,65.39
611,3.28,4.33,25.2,53.3,44.04,88.9
1475,4.11,3.97,38.9,86.4,34.77,70.08
604,3.88,4.78,22.2,55.6,43.1,89.76
928,3.4,3.12,43.9,67.7,41.21,78.16
987,3.95,0.78,39.4,68.5,39.18,78.57
1911,3.25,1.38,49.4,110.3,30.27,57.24
682,3.21,3.28,35.0,58.5,43.48,85.47
589,3.7,2.65,40.9,55.2,44.98,84.95
1914,3.27,1.55,23.4,107.6,30.74,63.69
1992,3.65,3.96,30.8,109.2,29.99,60.07
1957,3.26,3.78,36.4,111.0,30.57,60.35
1337,3.51,3.95,39.3,83.8,37.52,71.83
896,3.74,3.6,26.1,63.1,42.0,83.25
128,3.81,3.44,26.9,39.8,48.7,95.86
1564,3.3,3.71,35.3,93.7,35.08,66.28
1621,4.1,3.79,26.1,94.9,32.8,67.91
1835,3.73,2.53,33.9,104.1,32.39,62.65
626,3.35,0.56,45.6,52.0,43.55,84.52
1370,3.44,1.99,26.6,89.2,37.23,73.11
75,3.54,2.25,38.7,35.4,49.57,95.21
1489,4.02,4.65,24.6,85.5,34.24,71.82
1950,3.7,0.85,32.8,107.7,31.16,58.67
302,3.43,4.3,34.8,44.5,47.07,90.79
1839,3.79,0.61,29.0,107.4,31.49,64.28
1590,3.37,4.61,21.6,92.9,34.14,68.32
425,4.15,4.06,27.3,51.0,46.33,92.76
1460,3.28,1.24,29.8,92.3,36.17,69.03
859,3.32,4.32,24.4,67.2,42.36,81.25
1587,4.17,4.63,24.8,97.1,33.57,67.7
863,3.51,1.53,28.8,68.5,40.76,82.42
278,3.38,2.44,20.6,38.8,46.39,93.81
735,4.02,3.8,42.2,62.9,42.79,82.9
1307,3.77,1.1,22.5,86.9,37.08,75.52
228,3.74,1.98,40.5,42.6,47.38,94.18
298,4.18,3.91,38.6,42.8,47.13,91.81
96,3.75,2.13,37.5,29.9,49.25,95.69
603,3.67,3.43,42.2,58.1,44.09,84.4
539,3.9,3.5,46.6,51.6,44.78,85.47
567,4.03,1.97,36.0,57.0,44.61,88.23
662,3.24,3.37,35.7,59.1,43.59,84.17
255,3.98,3.99,33.7,35.5,46.46,93.7
550,4.09,4.35,44.1,49.3,44.83,85.39
818,3.29,4.93,42.9,65.5,41.44,79.44
1930,3.86,2.7,40.4,106.5,30.67,59.04
337,3.79,4.9,27.8,47.8,47.51,92.1
460,3.4,2.98,34.2,46.9,44.93,89.02
1655,4.03,3.14,40.3,101.0,33.36,64.24
1383,3.28,3.77,41.2,82.3,35.34,67.99
1844,3.67,2.64,20.9,101.9,31.45,65.41
214,3.52,4.0,35.3,42.1,48.49,95.4
227,3.55,4.69,35.6,37.5,48.11,92.19
1701,4.04,1.3,46.9,102.6,33.62,62.1
1126,3.57,4.28,40.4,73.6,39.67,76.3
1991,4.14,3.3,33.0,107.7,30.36,58.61
711,3.56,2.54,48.5,57.8,43.03,80.56
540,4.0,3.85,37.9,54.8,45.34,85.27
23,3.4,0.95,42.6,31.6,50.01,95.76
926,3.64,3.04,24.5,63.8,40.08,80.38
883,3.61,0.74,42.5,62.0,40.44,80.44
991,3.89,1.58,20.5,65.8,39.1,79.0
1754,3.46,3.9,34.5,97.0,31.94,64.14
1817,4.13,1.04,28.6,105.7,31.19,64.62
177,3.72,4.75,32.8,33.8,47.81,93.51
220,4.08,1.8,22.5,41.0,47.55,94.23
861,3.74,4.69,44.4,61.7,40.63,81.6
1905,3.57,3.82,24.0,108.4,31.05,61.95
1178,3.94,2.55,24.4,75.0,37.35,77.91
86,3.81,1.06,25.4,29.1,49.11,96.34
1032,4.1,1.55,20.4,73.9,39.58,80.74
1576,4.1,3.49,22.6,95.9,33.38,70.77
242,3.41,1.84,26.3,34.9,47.21,93.03
14,3.87,3.61,32.9,28.1,50.37,98.9
649,4.17,2.95,34.7,58.1,44.03,86.99
44,4.19,0.62,20.8,33.5,48.83,98.74
1792,4.07,3.79,23.8,105.6,32.11,63.79
1136,3.25,4.94,28.4,79.7,38.55,75.93
547,3.84,2.14,46.4,56.5,44.31,85.73
437,3.55,3.28,47.3,47.0,46.3,89.35
1584,3.95,1.56,48.1,94.7,33.24,63.9
1374,3.77,2.49,32.9,89.0,37.24,71.05
433,4.01,3.74,30.1,47.8,46.62,90.08
1432,3.97,2.5,29.0,83.2,36.6,71.92
1521,3.76,3.4,28.4,86.2,34.28,67.76
58,3.77,4.35,30.1,30.3,48.88,98.24
554,3.36,2.36,48.0,48.6,44.21,85.63
1145,3.5,4.76,24.7,77.3,38.98,76.31
974,4.2,3.19,49.2,69.1,40.68,75.13
1857,3.62,3.11,43.9,99.9,32.36,59.88
901,4.19,2.67,47.2,61.7,41.4,77.34
734,4.03,4.69,25.3,56.4,43.23,85.65
1986,3.81,3.45,46.6,105.0,30.73,56.16
1430,3.46,2.44,25.2,84.5,35.71,72.76
573,3.8,0.67,28.3,53.7,43.36,86.74
1526,4.19,1.96,22.2,86.9,33.78,69.21
1412,3.74,2.24,44.5,87.9,35.53,70.33
42,3.37,4.88,29.9,28.3,48.92,98.52
1273,3.95,4.49,46.5,82.8,37.82,71.42
574,4.17,0.59,40.3,54.7,44.52,88.2
855,4.11,2.87,32.8,59.2,41.37,83.45
421,3.8,1.65,43.9,45.2,46.07,88.83
1974,3.34,1.19,25.4,107.3,30.62,62.44
952,3.2,1.37,31.1,72.8,41.37,81.07
141,3.8,4.18,42.0,35.2,48.16,96.21
327,3.62,0.68,23.4,46.7,47.18,94.06
412,3.37,0.67,46.1,42.0,46.37,89.41
1974,3.78,4.62,22.7,109.7,31.07,61.64
1281,4.13,3.44,38.4,81.1,37.37,71.16
1943,3.56,4.31,46.1,111.4,31.01,57.94
55,3.7,0.98,20.6,29.3,49.46,98.57
1300,3.2,0.8,33.2,81.4,37.12,74.32
1961,3.97,2.53,47.5,104.3,29.82,57.13
1717,4.19,4.86,42.8,101.7,33.3,62.85
1986,3.68,4.36,23.1,110.1,29.69,61.99
1024,3.8,1.38,35.7,72.2,39.29,78.51
808,3.7,1.92,38.2,58.3,41.63,82.18
1967,3.94,4.9,40.5,108.7,29.76,57.94
1417,3.35,1.22,45.8,87.1,36.51,68.68
127,3.21,2.83,38.5,35.7,48.8,93.82
2000,3.26,2.39,29.3,114.2,30.04,60.63
594,3.7,2.22,26.2,49.0,43.42,89.81
918,3.7,4.27,43.7,70.7,41.52,77.14
595,3.98,4.37,39.5,50.7,44.69,87.44
440,3.41,2.11,37.8,47.1,46.19,88.05
1578,3.26,3.88,37.7,97.8,34.95,68.14
737,3.72,2.76,43.9,56.9,41.89,83.83
1289,4.19,3.91,22.2,79.3,37.4,74.79
847,3.23,0.97,38.1,61.7,41.88,82.81
130,3.96,0.69,42.3,33.9,48.86,96.75
870,3.49,2.57,42.2,66.0,41.24,79.64
981,3.86,4.0,34.9,67.5,39.75,79.86
480,3.36,2.73,37.4,48.1,45.54,87.86
1179,4.16,1.84,26.7,77.0,38.13,77.43
352,3.99,1.73,21.9,48.8,47.06,91.77
2000,4.14,4.41,36.6,109.1,30.03,57.55
521,3.45,3.58,41.1,51.2,44.45,87.79
720,3.77,1.4,21.0,56.4,42.13,86.29
197,3.31,0.83,44.5,38.9,48.23,92.36
349,4.08,2.67,35.1,44.1,47.37,93.37
1131,3.87,3.83,20.2,76.6,38.49,77.63
1066,4.19,1.7,39.6,71.7,38.98,77.19
757,3.76,0.84,45.0,58.1,42.28,80.27
542,4.18,1.66,20.5,54.4,44.97,90.37
647,3.69,3.52,45.5,57.0,43.01,84.86
315,3.42,3.08,24.6,47.4,46.92,95.36
707,3.25,1.88,45.4,60.1,42.92,81.56
961,3.93,4.28,40.8,69.7,41.15,78.94
1786,3.71,3.62,23.5,102.8,31.2,63.14
933,3.8,3.15,25.1,70.1,39.93,82.29
1188,3.67,4.03,41.1,76.2,38.38,74.36
1660,3.78,4.37,44.9,98.4,34.03,64.32
286,3.82,0.84,39.5,44.2,47.44,91.28
1972,3.54,4.34,38.2,110.0,29.5,57.11
816,4.12,1.29,44.0,64.5,42.57,80.5
1708,4.08,1.31,36.3,95.6,33.87,62.31
48,3.65,4.36,31.6,30.6,50.24,97.69
130,3.47,4.14,35.2,32.0,49.61,95.23
1980,3.91,4.01,48.4,111.0,31.07,58.71
205,4.16,0.93,36.0,40.2,47.24,95.83
1452,3.53,4.41,29.3,88.9,35.06,71.2
1717,3.33,4.56,36.7,93.8,32.87,62.19
62,3.27,4.54,43.2,31.1,49.98,95.21
462,3.55,2.19,30.5,43.8,44.5,90.84
1425,3.83,3.41,38.6,82.8,36.37,69.52
1695,3.64,1.5,36.0,94.5,32.68,64.66
957,3.51,4.31,44.0,65.2,40.0,76.69
191,3.48,3.61,33.8,35.7,47.72,95.91
1724,3.89,2.47,46.7,99.4,31.85,62.0
1469,3.81,4.71,25.4,87.4,34.44,68.91
195,3.73,3.47,33.8,35.1,48.74,93.48
1464,3.59,0.56,28.7,87.5,34.58,69.93
406,3.53,3.76,41.2,47.1,46.39,90.96
416,3.78,2.51,43.6,46.4,46.24,87.53
129,4.18,0.63,42.2,34.7,49.04,93.75
493,3.62,0.88,28.8,51.2,44.62,87.67
470,3.95,1.21,43.9,49.3,44.37,89.1
1619,4.04,4.24,21.9,97.1,33.31,68.75
642,3.44,2.66,42.0,59.6,42.85,83.71
48,3.78,4.52,20.8,32.3,50.36,100.0
1954,3.76,2.68,46.1,108.9,30.21,57.83
805,3.97,1.33,40.8,62.2,42.48,81.28
1794,3.28,1.54,32.4,103.1,32.4,62.89
1972,3.84,4.81,43.1,105.0,30.58,57.65
867,3.48,2.53,20.7,68.9,41.46,85.18
101,3.45,3.38,26.4,29.2,49.03,97.31
1646,3.3,1.01,26.3,91.9,32.93,68.87
515,3.36,1.35,27.2,51.8,45.37,88.58
1614,3.96,0.56,39.7,90.0,33.2,63.75
639,3.95,0.58,29.3,50.8,42.7,86.93
1751,3.22,1.78,27.8,100.3,32.7,65.59
1526,3.23,2.86,47.8,92.1,34.58,67.59
1318,3.39,1.89,31.5,78.9,35.91,71.85
96,3.7,1.2,26.4,32.6,48.07,98.85
1404,4.15,3.75,33.9,89.9,35.41,72.25
101,3.84,2.77,29.8,29.5,48.58,97.81
1616,4.07,1.04,23.6,91.0,33.61,66.63
915,3.64,2.65,21.6,71.1,41.14,84.04
1597,3.72,1.03,23.8,98.1,34.16,69.01
1472,3.59,1.84,48.1,92.0,35.91,67.83
1349,3.41,4.74,21.1,88.4,35.66,72.17
1884,3.83,4.2,43.5,103.2,31.6,58.54
1122,3.99,4.4,28.0,70.8,38.48,76.82
1535,4.19,3.87,34.5,88.1,34.04,68.52
984,3.84,4.28,28.6,69.1,40.21,80.38
669,3.96,1.0,20.5,52.9,42.64,86.3
712,3.94,3.37,20.9,56.9,43.14,84.45
839,3.55,4.67,39.1,64.0,41.4,82.32
636,4.17,2.07,39.3,55.5,44.52,85.25
487,4.07,4.86,37.0,46.2,45.86,88.94
871,3.97,0.59,45.1,62.5,41.59,81.42
1622,3.99,4.78,29.8,96.5,33.58,65.74
842,3.39,4.84,45.4,67.8,41.66,78.67
582,4.02,4.04,49.4,57.7,44.79,84.91
1792,3.93,3.14,38.4,100.8,32.69,62.16
1159,3.39,2.1,26.7,73.6,37.6,77.4
190,3.67,1.17,31.4,34.6,47.23,95.68
591,3.77,1.11,44.2,48.8,43.74,85.2
1615,3.41,4.45,49.9,91.7,34.15,62.44
1343,3.4,1.87,45.0,80.4,36.53,70.85
1903,3.65,1.73,46.4,102.9,30.38,59.25
62,3.67,4.68,46.8,37.3,49.95,96.21
492,3.62,0.67,31.3,49.4,45.32,89.94
1568,3.34,2.99,22.2,88.8,33.76,67.11
1428,3.66,3.4,40.1,82.2,34.98,70.07
1545,3.28,0.64,31.3,96.1,34.5,66.48
1870,4.01,3.49,30.9,106.0,31.76,63.65
1306,3.81,0.54,36.4,86.3,36.55,71.9
1002,3.23,4.95,44.4,70.0,39.94,76.91
1260,3.9,1.72,36.5,78.0,37.18,72.74
528,3.25,1.47,36.8,53.5,43.79,86.14
149,3.97,1.87,25.9,40.9,47.81,97.79
488,4.0,3.87,21.3,52.6,45.85,88.91
448,3.28,1.58,47.1,48.8,45.52,87.58
1386,3.4,1.37,29.9,85.7,35.99,71.05
1291,3.34,0.88,48.0,80.8,36.43,70.1
19,3.46,1.81,28.8,29.3,50.27,100.0
344,3.36,0.52,20.3,47.9,46.41,92.58
392,3.84,1.15,24.4,47.6,45.8,91.91
520,3.56,1.42,25.9,53.9,45.75,88.24
1641,3.99,2.25,49.7,100.2,32.86,62.69
1572,3.33,4.72,24.5,93.8,34.3,70.33
777,4.07,3.66,44.3,65.9,42.18,83.3
1405,4.19,3.52,41.6,84.1,35.15,70.3
76,3.82,1.94,20.3,36.6,49.49,98.98
1104,3.62,1.79,48.9,74.5,38.86,74.36
265,4.15,4.37,36.4,41.7,46.68,91.19
814,3.37,1.17,20.1,58.8,42.33,82.83
1365,3.62,3.92,29.4,87.3,36.82,72.99
236,3.87,1.89,35.9,39.0,48.01,93.48
378,3.83,0.51,47.2,47.7,46.06,90.26
775,4.16,4.8,26.4,58.7,41.32,85.77
82,3.34,3.73,46.7,31.2,48.64,93.8
648,3.39,3.16,42.6,54.9,44.03,83.73
72,3.37,4.08,46.8,29.9,48.56,95.41
1613,3.89,2.91,43.5,95.7,33.72,63.27
904,3.4,1.17,48.4,64.7,41.56,79.23
1237,3.5,4.17,29.1,82.6,37.05,72.76
297,4.16,1.39,39.7,39.9,46.95,92.54
62,3.25,3.01,48.4,34.0,48.56,94.05
849,3.57,3.61,23.5,67.9,41.93,83.08
373,3.7,0.75,49.8,47.0,46.66,87.16
437,3.26,3.13,29.2,51.2,45.39,92.47
121,3.24,0.67,29.5,35.2,48.11,96.13
242,3.71,1.89,21.8,44.5,47.08,96.8
739,3.82,3.86,27.4,64.2,42.74,83.38
499,4.01,2.12,44.7,48.9,45.75,86.19
639,4.1,1.24,20.7,55.6,44.58,88.43
904,3.98,2.04,32.4,69.5,40.26,80.17
1432,3.27,2.06,33.0,91.5,35.68,71.69
1233,3.6,1.06,32.9,74.7,38.19,75.63
696,3.24,0.87,32.4,56.6,43.88,85.93
700,3.99,4.98,49.5,59.3,42.05,82.14
278,3.89,1.11,37.8,38.6,46.91,91.11
194,3.87,1.06,22.5,37.2,48.52,96.83
1990,3.76,1.16,31.4,113.9,29.31,59.26
1376,3.72,3.64,26.7,85.8,36.96,70.31
331,3.27,1.55,41.0,39.4,46.09,89.63
358,3.67,1.33,47.4,44.3,45.84,90.44
1577,3.48,1.92,39.6,94.7,34.85,67.64
134,3.44,3.72,48.7,33.5,48.31,94.67
402,4.06,0.79,21.3,44.2,46.13,93.91
1391,3.46,2.89,49.6,86.1,35.54,69.54
1333,3.42,3.08,29.0,79.6,35.91,72.85
1419,4.0,3.52,29.9,85.4,35.07,70.4
694,4.04,0.51,44.0,58.2,42.66,84.37
245,3.64,4.01,25.6,39.3,48.1,96.43
1819,3.37,3.15,49.3,100.2,31.66,61.87
1414,3.88,3.16,32.8,82.2,35.82,69.11
597,4.08,0.69,39.4,48.9,43.83,85.09
851,3.75,1.13,43.4,62.5,41.29,81.98
28,3.23,4.57,38.9,30.1,49.32,99.18
1558,3.48,2.61,41.9,97.1,33.77,64.93
603,3.62,4.71,24.3,53.2,44.4,88.87
1283,3.74,4.65,44.1,82.1,37.58,69.67
1459,3.93,2.43,39.8,89.7,35.03,70.3
1623,3.93,2.42,26.0,96.0,33.47,67.83
673,3.87,0.99,28.0,52.3,44.26,87.07
1351,3.98,3.71,26.1,86.9,35.85,73.87
1514,3.35,3.25,43.7,87.9,35.69,67.88
209,3.25,3.17,47.5,41.0,48.37,92.32
9,3.23,3.57,30.5,25.4,50.59,99.2
590,3.54,3.73,45.6,56.7,43.23,86.45
931,3.91,3.55,47.6,65.8,40.22,79.96
388,3.8,3.67,31.3,44.1,47.07,90.83
1557,3.77,4.46,46.9,90.5,34.11,66.2
587,3.83,3.71,45.6,55.4,44.22,86.65
191,4.02,0.89,39.0,42.0,48.26,92.31
52,4.02,2.08,35.7,30.5,50.21,96.24
1062,3.79,0.58,33.1,75.7,39.1,77.24
434,3.22,3.36,29.4,48.8,45.31,89.17
1200,3.21,1.51,37.4,77.3,38.01,72.28
1061,3.83,2.5,40.5,74.8,40.19,78.27
1882,3.79,4.34,30.1,101.6,30.81,59.69
874,3.39,4.07,24.6,64.3,41.01,82.32
148,3.45,3.3,30.8,39.9,49.13,95.47
1095,3.44,2.77,42.1,70.0,38.43,75.7
989,3.28,1.03,46.9,68.5,40.25,76.24
1227,3.38,4.36,47.4,75.3,36.76,73.71
786,3.28,4.04,39.4,57.5,42.13,81.25
834,3.31,4.51,39.8,62.0,42.16,80.11
714,4.13,0.83,25.8,63.1,42.5,85.76
845,4.17,4.01,42.1,65.2,41.34,82.47
1888,4.18,2.35,43.9,109.6,30.51,58.15
468,4.02,4.25,22.6,45.3,44.8,90.95
459,3.58,4.24,46.1,50.9,45.02,86.34
871,3.64,1.52,30.6,64.9,42.1,80.41
1358,3.27,1.73,36.4,81.1,35.57,71.49
1043,3.77,3.33,36.0,76.6,39.49,77.23
641,3.76,1.37,41.9,55.7,42.73,85.36
1706,3.53,2.43,22.4,94.7,33.74,68.22
345,3.72,0.8,27.1,42.9,46.8,91.31
541,3.2,2.58,34.8,52.2,44.05,85.83
556,3.61,4.88,47.6,54.7,43.99,87.12
988,3.48,3.6,47.0,70.8,39.23,75.68
1879,3.43,4.44,33.6,103.1,30.37,60.55
1648,3.82,2.91,49.7,92.6,33.18,63.0
153,3.27,3.41,48.0,32.0,49.43,93.66
938,3.78,2.41,41.3,71.0,40.66,78.69
1484,3.56,1.87,24.7,86.1,34.83,71.74
1067,3.71,0.62,37.0,75.5,39.24,77.42
432,3.71,3.78,25.6,43.1,45.89,92.47
353,3.48,4.64,48.5,39.7,46.19,90.01
1090,3.79,4.42,22.4,76.4,38.87,77.17
65,3.34,4.81,28.9,33.2,49.88,99.91
1548,3.31,2.12,23.3,89.4,34.0,71.09
1945,4.2,3.67,28.4,106.6,30.52,62.22
665,3.92,0.78,20.3,53.0,42.72,86.94
1072,3.45,3.46,27.4,71.5,39.76,78.26
745,4.02,4.25,45.5,63.8,42.8,81.92
403,4.05,2.97,33.3,43.9,46.62,90.94
51,3.26,1.38,46.6,29.4,49.73,95.26
1317,3.93,4.19,28.9,79.0,37.05,71.45
859,4.11,2.75,32.9,69.0,40.76,81.85
805,3.6,4.86,41.5,63.7,42.49,83.06
1723,4.18,2.58,37.0,95.0,32.25,64.54
253,4.11,4.29,39.4,43.8,47.9,91.06
448,3.55,3.93,26.9,49.2,46.49,91.9
1067,3.91,1.2,32.8,77.6,40.31,78.55
1737,3.56,1.32,22.6,98.6,32.5,66.15
1630,3.21,1.03,20.8,96.1,33.83,66.14
1530,3.28,0.55,32.3,87.6,35.52,69.5
149,3.93,4.4,36.7,38.8,49.15,94.61
690,3.86,1.42,35.2,53.7,43.22,85.82
1009,4.04,1.33,43.3,65.8,40.25,75.73
412,3.48,3.38,37.4,50.4,46.6,88.31
1505,3.82,3.98,27.1,95.0,34.68,70.67
770,3.37,4.15,46.6,58.2,41.62,79.85
751,3.55,4.48,24.4,60.4,42.49,86.72
363,3.53,4.01,34.2,48.1,45.64,92.11
1603,3.73,2.88,30.2,97.9,34.28,69.09
1002,3.49,4.33,30.9,65.9,40.12,80.55
1510,3.48,1.9,22.0,90.0,35.15,69.32
1707,3.4,0.85,48.2,96.5,32.09,62.92
1973,3.83,1.37,33.3,103.9,29.99,58.6
1427,3.89,4.78,24.7,88.2,36.14,72.98
1244,3.52,2.38,25.5,82.7,38.28,76.39
1543,4.13,1.93,36.8,88.7,33.67,68.71
102,4.03,4.9,20.7,33.4,48.34,98.01
25,3.23,3.23,49.2,32.1,50.13,96.2
1864,3.4,4.5,43.2,100.4,31.6,59.64
1881,3.8,4.07,48.7,105.3,31.83,58.84
537,3.35,1.11,27.2,49.1,44.56,90.58
1454,4.05,1.14,31.1,90.2,35.76,69.39
103,3.81,2.68,27.9,33.7,49.73,97.26
1565,3.75,4.84,44.7,96.1,34.91,65.61
764,4.14,0.66,28.4,57.1,41.37,82.23
671,3.57,4.04,46.3,52.2,43.02,83.58
1162,3.97,4.34,40.8,79.9,38.66,75.5
1033,3.89,1.76,21.6,66.8,39.79,79.04
1592,3.47,2.88,33.2,98.3,33.16,66.66
1838,3.88,3.62,44.4,99.4,31.16,61.47
1393,3.21,0.52,20.4,85.3,36.95,71.23
1339,3.98,4.91,41.6,82.4,36.43,69.9
305,3.74,4.24,38.6,38.1,46.37,92.36
619,4.12,3.76,24.2,57.0,43.84,88.79
120,4.14,1.28,39.1,33.1,49.06,96.75
762,3.83,3.06,21.3,59.7,41.79,85.32
877,3.76,3.69,29.1,61.1,41.55,83.22
1082,3.54,3.24,47.8,77.6,38.46,73.43
510,3.92,1.49,26.1,46.9,44.08,87.84
504,3.31,3.42,22.4,51.8,43.97,90.77
1653,3.82,1.06,26.2,91.4,34.01,65.15
1365,3.34,3.71,34.5,88.0,36.99,73.06
1786,3.25,2.65,26.6,101.3,31.69,63.38
929,3.81,0.63,42.3,64.0,40.09,77.54
1320,3.46,2.5,48.0,87.2,37.39,70.29
1508,3.2,3.34,28.7,94.1,35.8,70.19
318,3.85,1.89,27.6,43.5,45.95,93.7
1131,3.23,2.49,39.7,77.2,38.75,75.95
9,3.51,3.84,37.0,28.3,50.85,98.36
1082,3.58,3.06,27.4,72.9,38.36,77.3
1947,3.93,2.71,23.3,108.5,30.18,60.49
67,3.33,3.29,31.7,29.8,49.37,98.82
353,3.81,1.47,46.5,42.6,45.99,88.42
1503,3.81,2.24,23.5,85.9,35.35,71.78
1810,3.46,0.73,21.6,101.7,32.04,62.87
523,4.14,2.71,38.8,52.0,43.98,88.76
1549,3.51,3.98,47.4,94.5,33.77,64.68
1569,3.28,5.0,30.0,93.9,35.06,68.67
817,3.97,1.37,38.8,58.6,42.35,80.34
263,3.99,0.89,37.6,43.3,47.41,92.63
247,4.16,3.16,39.6,40.6,46.95,94.02
1605,3.96,0.65,23.2,92.6,32.99,68.11
287,3.49,4.49,32.3,42.0,47.5,94.99
1945,4.03,3.46,24.7,104.1,31.22,60.14
933,3.86,3.3,29.2,71.9,41.63,78.84
105,3.7,1.77,34.4,30.2,49.65,97.42
1162,4.12,2.9,34.5,79.5,38.18,76.0
1126,3.37,4.64,31.7,79.7,38.05,75.27
1972,3.7,1.44,25.5,110.3,29.81,62.04
334,3.22,0.55,25.7,38.9,46.96,93.17
1113,3.3,4.18,39.5,74.3,39.43,76.01
492,3.6,3.75,32.2,47.3,44.28,90.91
1021,3.6,4.07,37.5,68.4,39.74,79.32
755,3.41,2.18,24.8,57.0,42.36,83.44
882,3.61,1.34,46.7,63.9,41.68,80.61
385,3.57,4.05,29.4,44.0,45.6,90.54
474,3.95,2.52,31.5,53.0,44.44,89.0
339,3.91,4.5,39.1,45.1,47.45,91.53
1415,4.04,1.58,22.3,82.1,36.58,73.65
108,3.55,1.22,45.7,30.8,49.64,95.53
822,3.61,1.03,35.4,62.3,41.85,81.26
664,4.18,3.76,32.8,61.4,43.03,84.98
240,3.81,4.85,20.4,43.9,47.62,94.81
1041,3.24,0.97,22.0,72.6,38.96,80.19
1134,4.16,2.93,40.7,71.7,38.49,75.5
1382,3.97,4.5,39.5,89.5,37.03,69.95
658,3.34,0.94,23.5,57.0,43.22,86.35
1889,3.89,2.56,28.0,102.8,31.53,62.14
1788,3.33,3.01,21.2,100.4,31.62,62.96
1612,3.83,2.79,39.0,99.2,32.94,64.15
1571,4.03,0.54,28.0,96.6,34.96,69.12
1570,3.73,1.63,46.3,93.6,35.24,65.71
379,3.74,2.37,45.7,43.7,45.69,90.67
24,3.32,3.98,42.1,26.8,49.4,95.91
494,3.77,3.5,47.1,52.6,44.55,87.05
1923,3.25,1.12,41.5,111.6,30.98,58.9
1647,3.54,1.84,46.9,95.0,32.98,64.04
1807,3.81,2.96,41.2,101.9,31.13,59.78
533,3.77,3.67,39.3,46.4,44.01,88.59
527,3.83,1.52,32.3,53.2,45.7,87.9
940,3.57,2.52,49.0,63.5,39.74,78.05
1447,3.26,3.7,24.9,83.3,35.32,71.12
1842,3.73,4.0,41.9,107.7,31.03,61.49
106,3.22,3.36,22.3,35.4,49.46,98.38
773,3.83,2.76,25.0,56.0,42.82,84.3
505,3.31,4.87,43.2,47.7,45.84,87.21
230,3.88,2.09,46.6,42.3,47.34,94.09
160,4.13,3.01,34.3,33.1,47.41,94.77
148,4.06,3.62,48.6,40.8,47.97,92.89
1301,3.43,4.19,26.7,80.5,36.65,75.41
1457,3.76,2.95,48.0,84.8,36.07,65.73
1413,3.85,2.33,45.5,87.0,35.23,68.77
775,3.42,3.98,49.0,56.6,41.87,82.14
580,3.54,1.47,20.5,48.4,43.26,87.52
303,3.55,0.76,44.8,39.5,47.29,89.48
825,3.54,1.05,23.9,66.4,41.33,81.72
584,3.95,3.41,37.0,52.6,43.44,88.32
107,3.95,4.86,39.0,34.1,48.57,95.27
932,3.28,2.2,27.1,66.4,41.09,79.1
433,3.65,1.68,21.4,42.9,45.89,91.91
1360,3.85,1.37,42.4,85.9,36.29,69.36
1662,3.3,1.33,41.3,101.1,32.8,63.24
1263,3.61,3.13,49.7,76.4,36.72,71.87
543,4.11,3.63,25.7,47.7,43.59,89.82
387,3.94,4.93,43.3,40.7,45.49,91.32
1507,4.17,2.64,22.1,86.2,34.28,70.1
893,3.96,2.23,31.1,62.3,41.91,80.57
835,4.1,3.24,34.2,64.8,40.69,80.41
861,3.66,0.85,36.8,69.2,41.97,80.21
898,4.04,2.14,30.9,61.2,41.45,80.54
1121,3.46,2.25,23.8,77.6,38.45,78.63
939,3.73,3.6,33.0,64.1,39.97,79.26
1231,3.43,0.77,25.8,78.7,37.25,76.79
1179,3.41,2.13,44.4,74.9,37.64,73.57
949,3.66,2.42,36.7,72.3,41.02,80.55
1129,3.77,3.9,44.6,71.0,37.94,74.94
564,3.72,3.23,48.0,51.8,43.89,84.69
1438,3.39,0.71,36.9,89.6,34.91,71.03
1186,3.4,4.66,45.9,78.3,38.86,71.92
62,3.44,1.5,32.1,34.8,49.09,98.58
907,3.5,2.7,46.0,68.7,41.35,77.1
26,3.21,0.99,48.9,31.6,48.83,94.07
1779,3.32,4.62,29.5,102.7,31.87,62.1
374,3.59,3.93,41.2,46.8,46.24,91.47
725,3.89,4.21,46.6,58.0,42.16,83.21
199,3.42,3.68,41.0,40.9,48.82,94.7
1825,3.84,2.04,29.7,99.7,32.22,61.84
293,3.32,1.44,43.6,46.6,47.81,91.8
1489,3.44,1.68,42.3,89.4,35.97,66.73
379,3.84,3.49,20.2,41.3,45.64,94.86
988,4.1,4.86,21.4,65.3,40.59,79.6
317,3.36,1.06,28.6,39.3,46.69,92.34
1692,4.05,3.45,24.6,101.1,33.96,66.34
685,3.38,0.78,35.3,56.1,42.25,84.93
1794,3.58,3.07,26.6,104.0,32.4,62.01
338,3.65,3.25,42.0,46.6,46.78,89.83
1859,3.77,1.86,42.4,101.2,30.7,59.62
887,3.21,2.82,34.0,62.2,40.85,81.79
540,3.39,2.28,20.7,53.7,45.06,89.57
192,4.09,3.79,33.8,34.5,47.38,93.78
54,3.75,3.82,22.2,34.0,49.71,100.0
791,4.03,2.77,45.4,60.4,42.92,82.9
575,3.89,3.35,47.4,51.7,44.01,83.87
640,3.71,2.02,38.3,52.5,43.28,84.9
159,3.59,2.71,43.9,31.5,48.63,95.4
977,3.63,3.28,38.1,66.4,40.29,80.24
1111,3.28,3.65,36.7,73.5,38.79,75.94
1771,3.4,3.52,37.3,101.8,31.86,62.26
1098,3.41,1.21,24.4,76.5,39.98,77.86
946,3.51,3.1,49.3,70.8,40.27,78.03
399,3.35,4.45,36.4,44.9,46.18,89.71
1160,4.14,4.33,28.5,75.5,38.98,76.41
711,3.66,3.11,30.0,56.1,42.98,85.29
1635,3.83,2.85,45.6,97.0,34.12,65.58
1008,3.8,0.86,44.6,74.2,39.13,76.75
933,3.92,2.15,37.7,66.8,41.49,78.15
1094,3.64,0.73,23.7,71.9,39.8,78.84
1409,3.35,1.39,22.7,89.0,36.16,70.54
109,3.8,4.52,27.1,31.2,48.18,98.19
1100,3.69,4.75,44.3,76.9,39.46,76.63
1678,3.94,1.89,29.2,92.6,33.93,66.49
1354,3.32,2.68,32.0,85.7,35.66,71.94
308,3.96,4.12,40.4,40.6,46.73,91.92
1608,3.52,3.66,26.6,92.4,33.08,67.73
1645,3.31,3.92,34.4,91.7,33.08,67.42
488,4.07,2.93,41.6,44.8,46.07,85.83
1398,3.73,4.85,26.8,84.8,35.19,73.1
1167,3.45,2.25,42.4,75.6,37.74,75.57
632,3.21,3.61,24.3,58.7,42.7,86.26
608,3.61,1.71,40.5,56.7,43.24,85.83
341,4.03,1.19,28.9,41.7,47.06,93.57
547,4.08,1.17,45.6,56.3,44.24,85.83
1309,3.21,2.0,24.9,79.7,36.56,73.91
63,3.39,3.09,46.1,36.5,48.46,96.87
579,3.6,0.94,20.7,50.5,43.49,87.15
1228,3.8,2.12,27.7,79.7,38.72,73.27
47,3.77,1.73,49.0,31.0,49.48,94.65
1970,4.01,2.68,38.9,110.7,30.1,59.22
1061,4.15,1.89,37.9,71.0,39.67,78.42
1233,3.66,4.47,32.0,77.2,38.39,73.53
820,4.01,4.12,31.0,58.7,41.41,83.46
276,3.42,3.23,28.5,45.2,47.79,94.12
746,4.05,0.87,43.4,58.5,43.53,80.64
29,3.43,3.93,41.8,35.7,49.91,96.53
359,4.18,2.6,24.2,44.9,46.13,91.1
1012,3.84,4.96,28.8,71.6,40.85,80.56
219,3.55,4.59,45.0,37.7,47.59,92.43
1020,3.73,3.9,43.4,72.4,40.79,76.6
72,3.82,3.6,23.3,29.2,48.64,97.44
741,4.13,2.52,24.3,62.3,42.72,86.44
1030,3.99,3.61,26.7,75.5,38.89,79.23
280,3.93,0.82,30.9,44.6,47.51,94.43
1435,4.05,3.89,36.4,90.5,36.53,68.27
406,3.78,0.52,29.6,47.0,45.05,92.1
1488,3.39,1.84,27.5,92.3,34.46,70.18
1725,3.54,4.62,23.4,95.5,33.14,66.57
679,3.29,3.88,31.6,52.6,43.01,85.07
177,3.42,1.59,29.5,38.2,48.2,94.51
665,3.86,3.76,35.3,56.9,43.53,85.06
665,3.67,1.49,30.1,55.9,43.72,86.15
1202,4.05,3.6,34.3,77.1,37.03,73.89
1130,3.31,1.01,40.5,73.6,38.66,76.24
85,4.02,4.67,30.3,31.0,48.94,98.22
650,3.74,1.34,49.1,55.2,44.28,82.42
1019,4.19,3.35,28.3,67.3,40.53,79.54
1657,3.73,1.45,26.7,97.2,33.56,65.47
218,3.96,2.16,20.0,40.7,47.09,97.82
1954,4.12,2.47,32.8,113.1,30.07,59.48
1291,4.15,1.17,39.8,80.0,37.82,71.51
1370,3.98,2.88,25.6,86.6,36.55,70.83
1918,3.37,4.07,25.3,109.0,31.43,60.85
1067,3.98,0.71,47.0,69.4,38.44,75.4
1314,3.87,3.04,49.3,79.9,37.43,68.37
101,4.02,4.93,27.3,33.6,48.56,99.27
220,3.84,1.85,41.9,42.2,48.49,92.85
1476,3.49,3.81,29.3,89.3,35.29,68.51
1462,4.11,4.42,37.0,89.9,35.5,69.63
542,3.7,3.73,48.6,54.9,44.28,86.75
1709,4.12,3.91,45.6,101.3,33.84,62.27
753,3.48,3.36,36.5,58.9,41.99,83.09
992,3.42,4.25,21.4,71.4,40.91,79.56
1238,3.52,1.44,32.4,83.1,38.42,73.98
13,3.94,2.92,32.1,31.3,50.13,98.76
613,3.4,0.7,23.1,51.6,44.59,86.71
1749,3.51,2.19,20.8,99.7,31.98,67.29
1802,3.86,1.4,25.9,103.8,31.37,62.2
1572,3.39,4.48,27.0,96.1,33.38,69.54
903,3.2,4.72,33.5,66.0,40.14,81.33
599,3.55,3.83,23.4,52.6,43.76,89.48
1868,3.36,2.68,48.6,105.6,31.73,57.49
1525,3.55,2.59,34.8,90.9,34.74,66.22
1410,3.78,4.56,22.0,84.5,35.2,73.19
1346,3.8,0.52,22.9,84.1,35.67,73.38
1395,3.53,4.87,30.5,83.0,36.45,71.61
847,4.17,4.52,37.3,61.9,41.2,79.71
910,3.97,1.29,21.5,71.2,41.17,81.55
1838,3.52,1.49,39.8,108.1,31.96,61.86
1879,3.72,3.53,31.4,104.2,30.7,60.46
457,3.6,2.07,44.6,50.5,46.37,86.35
1196,4.17,3.89,34.3,77.2,38.67,75.21
1646,4.17,3.61,41.9,95.1,33.57,62.64
360,3.65,2.49,21.1,45.5,46.93,92.72
1967,4.04,3.13,41.7,110.6,30.32,58.99
836,3.5,2.35,35.2,60.8,41.49,83.14
856,4.05,2.66,25.7,63.3,40.8,82.4
131,3.28,2.2,34.6,33.4,48.23,96.39
450,4.05,3.32,38.0,44.2,46.22,90.55
1490,3.78,0.74,21.4,93.3,34.17,69.57
29,4.11,3.49,22.7,33.6,50.57,100.0
1011,3.28,1.75,20.6,69.5,39.34,82.05
443,3.82,4.93,26.9,50.5,46.27,89.25
230,3.43,1.82,46.1,43.6,48.01,93.5
258,3.73,3.89,30.1,38.4,46.95,93.9
1808,3.51,0.62,49.4,98.2,31.2,61.3
265,3.54,2.88,28.4,37.7,47.88,96.04
274,3.4,4.24,27.4,39.6,47.25,92.24
158,3.54,2.24,31.4,35.6,49.2,95.39
1087,4.18,1.29,42.7,75.9,39.95,77.2
489,4.19,4.64,36.1,53.0,44.44,88.95
106,4.2,3.01,39.0,30.5,49.27,95.44
676,3.45,4.55,43.2,61.4,44.14,85.28
79,3.65,2.9,44.4,36.4,49.93,95.12
578,3.69,1.35,21.5,52.1,43.6,89.34
1427,4.02,3.48,31.1,86.3,34.77,71.96
1811,3.65,3.72,48.2,97.8,31.69,60.83
790,3.93,4.49,40.7,59.6,42.08,81.33
1300,4.07,4.66,29.6,81.9,37.94,71.87
546,3.33,2.87,47.3,51.8,43.87,84.47
642,3.39,4.39,39.6,54.8,43.18,85.85
1999,3.97,3.73,42.0,113.7,30.67,56.77
1609,3.42,3.27,23.6,94.4,32.95,68.67
1246,3.42,1.89,39.6,76.0,38.19,74.24
568,3.89,2.5,33.8,52.7,44.81,89.16
159,3.51,2.06,26.0,39.2,48.24,97.73
787,3.59,1.79,20.3,62.2,41.7,86.02
1566,3.59,1.35,43.2,93.5,34.29,64.14
625,4.19,3.01,27.7,51.3,44.38,87.73
726,3.58,1.34,49.6,61.0,42.62,80.08
800,3.75,4.74,35.2,57.8,42.69,83.71
286,3.21,1.64,35.9,46.1,47.06,92.79
891,3.45,2.83,28.9,62.6,41.93,81.77
512,3.61,4.0,20.6,52.4,45.68,88.76
204,4.19,3.1,27.5,34.9,47.74,95.82
570,3.55,3.87,37.4,57.6,44.83,86.42
1154,3.34,3.01,35.7,79.4,37.66,73.58
485,4.13,1.8,20.6,49.6,45.36,92.55
1708,4.02,2.91,28.6,99.2,33.79,66.03
1534,3.39,3.3,26.4,86.9,35.11,70.55
756,3.87,2.4,23.2,59.6,42.35,86.4
1974,4.19,1.5,34.4,104.0,29.63,57.73
989,3.86,1.82,30.7,69.2,40.01,79.31
1333,3.41,0.68,42.4,82.5,37.5,71.84
650,3.75,2.04,44.4,57.6,42.75,83.82
821,3.67,4.09,37.6,59.9,42.05,83.41
264,3.42,3.05,31.1,36.8,48.13,93.49
1766,3.4,1.36,27.7,96.0,31.82,63.78
743,3.37,3.33,46.8,63.0,42.55,79.89
250,3.2,1.44,33.1,41.2,47.94,92.85
1473,4.04,3.75,43.4,89.1,35.19,68.7
886,3.55,0.69,46.6,61.2,40.72,77.74
297,4.03,2.95,49.1,41.5,46.59,88.64
528,3.59,2.02,36.4,55.8,43.9,87.73
854,3.88,0.66,26.8,63.6,41.28,81.66
323,3.52,2.62,38.4,41.4,46.98,89.61
496,3.57,4.7,39.3,48.3,45.75,88.98
1625,3.35,4.37,21.5,92.6,34.59,69.17
1888,3.75,1.59,20.5,103.7,31.5,61.72
330,4.19,3.11,36.1,43.7,46.48,91.86
888,3.67,1.26,36.2,62.0,40.92,81.41
562,4.17,1.85,38.3,56.1,44.08,86.09
765,4.18,0.64,25.8,59.9,41.92,84.78
187,3.47,2.21,36.5,37.4,48.17,95.86
1692,4.0,2.91,42.7,96.2,32.98,64.3
658,3.96,4.12,46.6,51.7,44.19,84.53
831,4.05,3.17,23.5,64.4,42.38,85.36
1561,3.75,2.57,37.0,92.1,35.0,68.74
153,3.61,3.13,46.9,40.2,49.19,92.78
620,3.78,2.96,47.2,57.7,43.35,84.68
713,3.32,3.84,35.6,55.0,42.76,85.67
581,3.81,1.42,31.7,57.2,44.86,87.66
1352,4.04,1.81,20.9,83.4,35.78,72.2
1162,3.33,3.94,46.6,79.5,38.86,74.82
764,3.66,0.98,39.3,56.1,41.44,83.35
224,3.79,3.17,39.6,39.0,47.56,95.22
1666,3.77,1.29,47.5,100.7,33.56,64.93
1571,3.99,4.08,27.1,90.4,34.44,67.8
238,3.67,1.43,27.4,41.6,47.65,92.91
169,3.35,2.46,49.3,39.9,48.37,93.98
1975,4.0,0.61,20.1,108.2,29.62,62.96
140,3.92,1.89,37.2,30.9,47.71,95.72
382,3.86,3.7,25.0,48.4,45.37,92.21
620,3.75,3.37,49.3,52.8,42.86,83.01
754,3.86,0.82,32.1,63.5,42.56,85.66
288,3.63,4.43,39.6,37.3,46.73,90.42
392,3.32,3.9,29.2,49.4,46.66,90.86
1975,3.84,2.63,31.0,106.5,29.59,59.31
163,3.85,0.56,41.3,35.3,49.25,92.33
212,4.03,4.48,40.7,33.8,47.47,92.38
1385,3.82,0.6,47.9,88.3,35.83,66.9
38,3.73,4.75,40.2,30.0,49.88,95.15
413,3.7,3.89,48.2,42.3,46.64,87.7
257,3.52,1.4,43.7,37.7,47.68,91.08
1402,4.08,0.83,42.3,85.4,36.22,70.64
1991,3.27,4.26,20.1,113.7,29.24,62.3
1924,3.55,3.34,29.3,108.6,29.85,61.61
130,3.27,4.06,27.3,31.9,49.44,98.34
936,3.25,3.49,28.5,71.1,40.26,81.64
1027,3.68,1.03,43.3,73.9,39.11,78.4
308,3.66,1.8,48.2,41.2,47.12,90.01
909,3.87,3.71,37.5,65.0,41.42,80.8
752,4.17,4.11,38.3,62.8,43.35,83.24
906,4.13,4.05,46.4,66.4,41.14,80.12
459,3.45,1.76,27.4,51.4,46.23,91.78
1705,3.96,0.87,41.8,97.6,32.27,63.34
1682,4.01,1.14,40.4,101.3,32.94,62.94
190,3.78,2.53,24.8,38.4,47.63,95.69
1847,4.17,4.88,39.1,107.5,31.61,59.28
1223,3.82,0.53,44.6,77.9,36.85,73.84
1034,3.65,1.1,36.8,73.2,39.61,75.72
1778,3.57,1.67,31.4,97.2,32.24,64.14
1686,3.47,3.7,28.1,100.0,32.28,64.7
1478,3.64,3.85,36.7,90.9,36.16,66.88
1568,3.61,0.57,21.9,93.9,33.73,71.01
936,3.7,3.24,22.3,63.5,40.69,80.89
853,4.11,1.02,47.4,63.0,40.97,80.98
1631,3.57,0.55,43.0,91.9,32.88,66.02
229,3.39,3.26,23.5,43.5,47.43,96.62
370,3.52,0.6,20.6,44.3,46.97,92.18
332,3.92,1.77,43.6,39.6,47.17,91.19
420,3.28,3.62,29.5,51.1,45.13,92.63
83,3.37,1.26,46.5,36.3,49.46,96.87
1626,3.39,4.54,46.4,98.0,34.31,62.89
1057,3.85,4.45,24.9,67.5,40.29,77.54
1694,3.23,4.89,21.9,102.1,32.91,65.29
757,4.16,3.78,46.5,64.6,42.79,80.57
1848,3.45,1.02,42.4,104.9,32.03,59.58
1922,3.33,2.17,41.0,103.0,31.02,59.7
648,3.41,2.83,49.9,52.4,43.1,82.87
780,3.64,3.31,32.5,61.4,42.85,81.29
589,3.73,3.75,37.8,51.4,43.53,87.43
280,3.99,2.96,46.1,40.5,47.69,91.02
1834,3.39,2.62,49.5,107.4,32.59,58.49
1731,3.67,1.92,36.7,103.4,33.4,63.91
687,3.77,3.44,32.4,58.5,43.26,85.34
306,4.1,0.53,43.1,43.4,47.22,91.55
1125,3.34,1.41,47.0,78.1,39.47,73.26
1041,4.1,4.53,22.5,74.9,40.38,77.57
1858,3.84,1.64,30.7,106.7,30.88,60.43
639,3.57,4.09,35.9,57.7,43.67,86.76
270,3.77,2.34,26.3,38.6,48.27,92.54
771,3.75,1.18,45.1,60.5,42.61,82.61
1614,4.15,3.52,47.8,91.5,34.7,65.49
1622,3.58,4.19,39.0,97.6,34.74,65.54
1144,3.98,3.88,42.0,76.7,38.85,73.43
359,3.65,2.57,42.6,47.6,46.79,90.28
1950,3.7,1.27,35.7,108.1,30.23,58.42
476,3.92,4.69,39.3,51.2,44.66,89.57
1362,4.17,1.14,25.8,80.5,36.49,71.67
1672,3.33,2.46,24.1,99.2,33.75,64.73
1664,3.79,2.39,29.8,95.4,33.51,64.42
1894,3.66,3.54,34.2,106.1,30.7,62.68
165,4.1,0.57,25.6,36.9,48.47,95.66
1579,4.11,4.98,41.6,93.9,33.96,66.54
1167,3.87,3.96,41.5,81.0,39.29,75.56
1532,4.06,4.21,22.7,92.4,35.5,69.72
375,3.91,3.2,27.4,40.8,45.58,93.84
1294,3.24,1.5,28.3,84.5,37.03,73.94
10,3.89,2.58,21.0,26.0,49.89,100.0
43,3.91,4.15,40.0,29.4,48.76,95.45
502,3.52,1.85,49.6,49.4,44.36,87.02
876,3.92,4.51,32.2,60.9,41.02,82.79
505,3.88,4.47,33.3,49.1,44.55,90.43
1675,3.85,2.4,43.9,96.8,32.59,65.29
937,3.34,1.79,20.4,70.7,40.22,82.19
63,3.27,4.57,29.6,35.1,48.93,99.17
763,3.92,2.16,37.7,65.3,41.83,81.53
1568,4.18,3.23,23.4,97.5,33.74,67.95
1946,3.3,2.8,38.8,105.4,29.86,60.84
822,4.06,3.41,23.1,66.1,42.23,84.04
275,3.67,0.97,23.2,37.4,47.65,96.73
244,4.01,1.98,41.7,41.1,48.48,92.93
773,3.77,1.4,29.5,56.0,41.3,84.01
1144,3.37,0.62,21.8,73.0,38.44,76.48
1999,3.26,2.54,50.0,110.9,30.31,55.8
1083,3.34,4.12,47.4,77.1,39.01,73.87
785,3.57,0.92,32.9,57.1,42.83,82.9
1988,3.97,3.01,39.5,113.6,30.87,58.2
194,3.94,4.12,21.2,33.4,48.45,95.53
1702,3.96,4.29,49.4,99.0,33.89,62.54
447,3.24,3.41,39.0,46.0,45.43,90.24
1956,3.29,3.7,45.5,106.8,30.55,57.57
253,3.97,4.49,45.8,40.1,48.33,93.78
1167,3.79,2.07,37.2,75.1,38.94,73.98
1925,4.09,4.95,28.6,104.6,31.23,62.78
131,3.91,3.19,23.2,35.1,48.06,95.72
158,4.08,4.8,43.8,35.1,48.47,95.47
216,3.53,1.44,32.3,38.9,46.9,93.07
1548,4.16,3.42,23.8,91.8,34.62,70.76
765,3.71,0.66,33.1,56.1,43.27,83.46
967,3.87,4.63,46.4,68.3,40.1,79.42
1112,3.9,0.7,25.7,78.8,39.09,77.9
544,4.15,1.72,40.4,54.1,44.35,85.9
218,3.32,0.53,44.1,43.4,48.7,92.49
98,3.45,1.27,25.4,36.0,48.24,99.32
1841,4.17,2.46,33.8,99.0,31.71,60.7
550,3.31,3.15,38.1,51.6,43.88,86.36
949,4.15,4.29,38.3,71.5,39.92,78.02
472,3.81,2.36,34.3,47.7,44.83,88.17
1243,4.16,2.11,24.0,79.9,38.09,75.91
1208,3.88,4.37,28.9,74.1,37.8,74.53
1326,3.94,1.03,25.3,85.8,35.76,72.74
871,3.85,3.2,33.9,60.2,41.15,80.42
813,3.67,1.58,36.4,58.4,42.38,80.11
1887,3.89,2.99,26.0,110.3,31.36,62.13
936,3.23,1.54,37.7,71.9,40.31,79.02
1722,3.24,4.21,30.3,103.7,32.71,64.95
399,3.63,0.95,45.0,42.5,45.14,87.77
181,3.61,3.23,43.6,37.1,47.48,92.06
46,3.74,1.61,47.0,36.7,49.26,94.37
456,3.93,2.12,49.2,49.5,45.67,89.04
980,3.71,1.92,20.7,68.0,40.79,80.58
836,3.75,2.2,28.3,63.6,41.59,82.35
1974,3.88,3.14,40.9,105.1,30.42,59.32
333,3.32,4.25,46.7,45.8,46.02,91.8
1177,4.04,0.55,24.0,78.0,37.31,77.51
1193,4.09,2.7,36.4,77.6,38.98,75.68
1767,4.13,0.52,41.7,97.1,32.95,60.89
1238,3.72,0.84,28.6,83.9,38.18,74.51
1336,4.0,4.67,46.4,83.6,37.59,68.23
716,3.42,0.58,27.6,59.6,43.12,84.16
1040,3.78,2.32,21.6,68.6,40.53,78.26
170,3.76,0.78,31.7,40.4,47.96,94.1
1998,4.19,0.75,33.7,110.2,30.93,59.84
932,3.46,4.8,27.2,66.6,41.02,80.76
118,3.91,4.09,25.2,33.4,48.64,96.39
1980,3.99,1.01,21.0,110.1,29.82,59.02
1687,3.52,4.27,33.4,101.6,33.0,65.66
1162,3.76,3.41,33.8,72.0,39.28,74.36
1217,4.05,4.59,28.4,77.1,37.46,74.44
1439,3.46,4.82,38.8,86.6,35.67,71.05
765,3.23,0.68,33.7,61.6,41.96,82.87
1471,3.49,1.87,44.6,93.6,34.34,66.64
24,3.35,3.47,44.1,27.5,49.76,95.32
907,3.97,0.95,31.1,62.1,40.32,82.49
1374,3.33,4.1,27.1,82.1,37.13,73.25
915,3.83,3.87,33.5,67.8,41.62,80.94
1727,4.04,4.92,37.8,95.2,32.73,62.74
1603,3.23,0.79,21.2,90.2,33.52,68.69
1263,3.3,1.09,35.7,76.5,37.95,72.88
769,3.88,4.44,42.2,57.1,42.21,83.37
63,3.58,1.92,35.4,30.8,48.65,95.72
318,3.63,3.63,20.2,40.2,46.07,92.82
511,4.1,2.24,22.4,46.4,44.0,91.97
1822,3.25,0.86,36.3,104.3,32.49,62.49
849,3.63,1.21,23.5,59.5,41.98,84.2
131,3.72,2.94,31.4,40.1,49.31,94.59
1117,3.42,0.61,24.6,74.7,39.12,77.17
1348,4.14,2.02,35.8,87.0,35.95,72.71
1254,3.87,0.53,39.1,84.9,37.65,72.78
740,4.0,4.42,30.5,58.5,43.46,84.53
1878,4.09,4.98,30.6,106.2,30.75,62.15
111,3.78,2.59,34.8,36.4,48.66,95.12
1522,3.64,1.18,31.7,93.1,35.24,67.69
601,4.1,1.72,46.6,53.3,43.17,85.92
77,4.11,1.84,45.6,30.2,49.43,94.28
483,4.18,3.8,25.1,45.7,44.76,92.22
95,3.73,0.91,49.0,33.5,49.08,93.93
1792,3.88,1.96,48.5,105.1,32.4,59.52
25,4.01,0.88,37.5,27.0,49.8,99.47
688,3.93,2.99,29.0,55.7,43.5,84.77
1481,3.43,1.72,43.4,88.4,36.13,66.85
1656,3.21,0.8,43.0,94.0,32.48,63.42
1482,3.22,1.92,48.2,87.2,34.93,66.93
1851,4.08,4.78,47.3,104.3,32.34,58.46
1181,3.67,1.32,40.9,76.5,38.14,73.09
1050,3.38,1.79,42.9,70.7,38.93,78.18
751,3.85,1.88,44.4,55.9,42.95,80.66
1579,3.33,0.74,36.0,95.4,34.05,65.09
266,3.74,1.21,36.3,43.3,46.35,91.33
1215,3.61,2.63,25.2,81.5,38.84,76.51
90,4.2,0.63,44.5,34.5,48.47,96.52
362,3.84,4.44,41.6,45.0,45.39,91.12
1176,3.7,2.54,41.2,80.8,39.1,75.92
893,3.48,3.24,25.6,67.3,40.17,80.07
1110,3.76,3.57,46.5,79.0,38.95,76.48
162,3.85,3.05,42.9,40.3,49.37,95.32
983,3.75,3.28,26.1,65.4,41.11,81.63
934,3.39,2.84,47.9,63.2,40.27,76.47
470,4.05,2.74,27.7,52.3,46.22,90.42
1150,3.41,4.5,30.2,73.6,38.53,76.14
1953,3.87,0.66,48.2,103.2,29.95,59.3
1585,3.5,3.24,21.4,94.6,34.71,70.39
645,3.62,2.77,48.0,51.3,43.21,83.06
1547,3.4,3.01,28.2,96.5,34.2,66.72
1403,4.12,3.67,35.6,84.6,36.64,71.58
1510,3.77,2.33,42.5,88.7,35.23,67.58
1283,3.7,4.8,44.5,84.9,36.63,73.36
1952,3.38,1.45,41.6,110.3,30.5,58.25
1605,4.15,4.71,33.5,91.4,34.87,68.28
168,4.19,2.83,31.5,36.1,48.95,96.4
1202,4.19,3.64,40.6,76.2,38.57,73.93
1825,3.62,3.97,26.5,103.6,31.65,61.97
389,3.44,4.59,28.0,46.8,46.21,93.14
23,3.69,4.05,42.8,25.9,50.48,94.98
1245,3.99,4.48,38.3,79.0,38.44,74.24
550,4.07,0.78,27.5,50.3,44.09,90.44
1204,3.75,3.41,49.8,83.0,38.26,71.2
514,4.13,3.01,28.6,50.0,44.88,91.16
630,3.6,2.75,22.8,52.0,44.03,87.81
851,4.06,1.3,26.8,65.1,41.97,83.56
206,4.06,2.41,21.9,34.9,47.22,95.42
400,3.9,4.82,42.7,44.4,46.29,89.98
79,4.01,3.78,33.1,34.5,48.3,98.14
1563,3.48,2.67,37.8,91.0,34.48,66.44
874,3.7,4.52,31.9,60.1,41.25,80.61
148,3.27,4.0,42.5,34.4,48.41,93.65
1630,3.35,4.8,43.1,98.9,32.76,66.65
16,3.45,2.78,45.2,30.0,49.25,98.65
1139,3.26,2.07,46.8,76.0,38.24,74.82
1436,3.93,2.35,38.1,90.2,35.92,70.69
1848,3.43,4.89,31.7,99.2,31.73,61.64
776,3.54,2.2,35.2,56.8,42.76,83.89
48,3.32,1.42,49.9,29.1,50.24,96.71
1023,3.26,4.86,41.0,75.4,38.96,78.14
415,3.38,3.37,28.7,50.2,45.44,91.18
241,3.47,0.73,26.1,40.8,47.68,96.23
1711,4.03,1.55,29.4,100.5,32.17,65.29
1005,4.18,2.2,30.0,65.6,38.97,78.63
904,3.36,4.58,24.0,68.9,41.88,83.62
1706,3.62,3.2,39.5,94.7,33.32,63.0
1772,3.35,4.88,48.1,101.6,31.95,61.86
1508,4.1,3.72,42.8,93.4,33.93,65.18
1155,3.87,2.03,22.5,71.7,38.87,77.09
496,3.65,2.36,33.4,47.2,45.78,87.5
1672,3.7,4.52,40.0,96.6,33.15,62.65
589,3.47,3.11,45.5,53.8,44.6,85.51
500,4.16,4.19,32.4,52.3,45.25,88.62
898,3.43,2.64,45.3,62.6,40.74,78.53
307,3.74,4.79,21.8,46.8,46.87,94.37
404,3.22,3.82,33.5,42.8,45.87,91.92
715,4.17,2.2,43.1,57.2,43.42,82.06
355,4.19,0.68,47.5,46.3,47.25,88.28
535,3.26,4.53,44.7,49.5,45.44,86.24
1493,3.73,4.83,29.5,91.7,34.67,69.3
349,3.44,3.55,28.8,40.6,45.67,94.3
561,3.5,2.48,31.9,49.1,45.06,86.55
710,3.54,3.95,40.6,59.0,43.32,85.06
681,3.64,0.55,20.8,57.9,44.03,87.25
660,4.2,4.26,28.6,58.5,44.24,85.0
64,3.48,3.96,42.5,34.2,50.22,95.05
1785,3.36,3.8,35.2,105.0,32.98,63.0
1249,4.02,0.78,48.3,75.2,36.86,72.09
298,3.51,3.31,21.9,44.9,47.11,94.66
1877,3.51,1.98,31.6,107.6,31.13,60.63
812,3.84,1.33,47.4,67.3,41.9,82.06
935,3.39,1.59,26.5,68.6,40.39,81.51
510,4.08,1.92,23.6,54.5,45.46,88.39
630,3.88,0.73,29.6,51.0,43.8,84.81
1447,3.67,1.82,27.7,87.6,35.39,72.37
480,3.76,2.2,37.8,44.3,45.42,89.29
776,4.07,4.66,43.6,65.2,43.06,80.49
1927,4.02,2.11,38.1,109.8,31.69,60.29
517,4.13,0.92,23.3,47.5,45.33,89.22
758,4.19,3.85,33.8,55.8,43.18,82.79
146,3.9,3.23,28.4,36.5,48.14,96.75
1039,3.42,1.2,38.2,75.4,39.99,76.27
643,3.92,2.21,27.4,53.3,43.92,85.12
1458,4.1,1.6,26.5,85.0,35.39,70.45
402,3.93,3.0,27.9,47.8,46.03,91.08
1723,3.97,1.82,32.6,95.3,32.21,64.02
669,4.15,0.73,24.3,58.1,43.21,86.61
1693,4.02,4.27,40.1,96.4,33.11,64.84
402,4.01,3.38,34.1,44.9,45.29,91.34
1266,3.69,4.0,44.0,85.5,37.48,72.31
1429,3.2,2.72,38.9,87.9,35.3,67.48
1449,3.92,2.42,45.0,84.8,35.31,66.4
329,3.21,1.34,29.9,47.7,47.0,92.18
94,3.71,4.12,29.9,34.4,49.32,98.44
1914,3.24,4.94,42.4,110.7,30.81,57.23
267,4.0,2.1,33.1,44.7,48.04,93.88
227,3.97,1.93,35.4,39.9,47.52,94.43
1542,3.74,4.18,21.2,94.0,35.48,71.04
1181,3.35,2.02,20.7,75.7,38.38,76.5
1703,3.24,3.81,45.8,101.5,33.46,63.08
296,3.21,1.94,29.4,37.5,46.41,93.83
1705,3.87,3.64,43.8,96.4,33.74,61.94
799,3.33,4.55,45.6,58.8,42.11,81.3
79,3.41,4.62,41.5,28.5,50.15,94.35
1516,3.96,2.18,40.7,95.5,34.96,66.87
926,3.28,2.37,40.4,63.2,40.3,79.16
113,3.47,3.32,30.0,36.6,48.19,95.99
1206,3.71,0.72,23.5,82.8,37.06,75.69
1502,3.94,3.78,28.0,85.1,35.51,68.61
135,3.93,1.32,28.7,38.7,48.68,95.27
1982,3.96,4.1,29.1,105.2,29.63,58.51
1310,3.52,1.24,33.7,87.1,37.2,71.69
224,3.35,1.28,44.0,39.6,47.07,93.51
1699,3.44,1.41,30.0,95.5,33.4,65.21
1367,3.78,4.3,26.0,83.0,36.2,73.91
583,4.1,1.87,47.7,49.1,43.25,83.89
26,3.53,2.5,36.2,30.3,49.47,96.72
154,3.24,4.64,33.2,34.9,48.1,95.87
56,4.11,2.83,42.8,32.7,49.29,97.58
714,3.71,1.0,34.6,55.3,43.78,82.67
1882,3.44,1.34,47.1,109.0,30.82,58.72
1161,3.61,1.71,31.9,73.7,37.73,73.9
119,3.79,3.55,23.9,35.5,49.61,98.79
1448,4.18,3.17,22.7,84.1,35.86,72.4
1403,3.67,3.81,35.6,81.9,35.58,72.1
429,3.9,3.45,37.6,49.0,44.99,87.99
934,3.87,3.54,20.3,62.4,39.99,82.7
889,4.07,4.32,31.6,64.2,41.9,81.02
1793,3.57,3.22,49.4,101.8,32.77,60.5
1223,3.89,4.74,26.8,76.5,37.71,73.94
1131,3.8,5.0,44.8,75.4,38.88,75.01
238,4.12,0.85,45.5,37.3,48.08,93.77
1966,3.52,1.75,27.3,109.4,29.68,60.59
876,3.44,4.05,41.7,63.2,41.56,80.12
1224,3.95,3.31,42.1,79.7,36.92,73.2
1755,3.75,1.93,20.9,104.1,33.27,66.24
679,3.21,2.59,29.7,54.6,42.5,86.11
1512,3.37,3.92,23.1,93.9,34.19,69.56
23,3.26,2.58,23.6,27.8,50.0,98.91
1451,3.33,2.08,26.8,90.6,35.45,72.28
1227,3.9,3.79,25.9,82.6,38.0,77.2
948,3.8,1.77,20.6,70.7,40.21,81.41
1629,3.82,3.76,35.9,98.6,32.96,65.84
179,4.17,0.64,26.1,40.7,48.28,96.38
12,3.47,4.38,30.3,34.9,50.67,100.0
416,3.94,2.87,49.5,43.9,45.84,87.61
1290,3.97,1.74,28.9,79.3,36.24,72.16
813,3.52,0.9,47.4,67.2,41.33,78.88
1483,3.3,0.56,43.3,91.9,34.29,67.55
626,3.62,3.35,35.5,51.3,43.09,86.37
223,3.64,4.18,43.1,40.4,47.77,94.27
705,3.25,2.27,20.4,54.1,43.24,86.46
882,3.81,4.89,31.9,68.5,41.04,82.92
744,3.33,0.51,48.3,58.1,43.24,81.5
1483,4.07,2.78,33.5,87.2,35.02,69.2
1659,3.43,1.3,34.4,96.7,33.33,64.5
1451,3.77,3.93,40.1,84.1,34.66,68.8
671,3.29,2.88,33.0,58.9,42.86,86.26
1989,3.54,1.75,25.2,105.8,30.28,60.58
910,4.11,4.97,33.2,66.1,41.49,78.77
1497,3.28,3.9,21.1,87.8,35.3,71.21
921,3.44,3.85,41.2,64.6,40.66,80.49
662,4.17,2.66,24.6,55.4,43.68,88.63
554,4.04,4.09,34.8,47.9,44.06,87.63
637,4.08,0.96,47.5,54.4,42.63,83.18
1988,4.15,2.93,29.1,109.4,30.56,60.59
1457,4.14,3.39,38.0,90.5,36.41,67.15
1927,3.44,1.8,24.4,103.3,30.73,60.2
1470,3.73,0.51,48.7,85.8,35.12,65.23
1350,3.53,1.56,41.5,81.6,36.56,69.32
205,3.85,4.5,27.6,37.2,48.26,96.87
1790,3.28,1.16,33.4,105.3,32.76,63.3
1936,3.46,3.2,29.6,107.7,30.63,58.7
1850,3.44,2.69,45.1,104.4,31.57,59.29
1787,3.44,4.17,21.8,100.3,32.98,63.23
394,3.54,0.9,42.2,45.3,46.16,88.28
1452,3.44,1.58,29.1,91.3,34.61,68.59
859,3.58,4.99,37.9,59.4,40.88,81.07
397,3.35,1.62,30.7,45.3,46.36,90.9
148,3.76,3.92,33.2,32.8,49.02,96.92
1940,3.63,1.97,40.6,110.0,30.08,59.83
1483,3.26,2.69,49.9,92.0,35.86,66.69
95,3.48,1.2,45.8,32.1,50.01,95.85
1760,3.77,1.23,30.1,99.6,32.88,62.4
44,3.44,1.9,39.3,32.7,49.08,97.25
1444,3.31,3.25,31.7,88.6,35.19,69.26
559,3.95,0.92,21.2,53.3,43.51,88.95
230,3.87,3.66,39.9,39.2,48.03,94.22
1603,3.99,3.07,24.2,90.2,33.2,68.66
877,3.9,3.39,45.7,69.7,41.21,78.3
903,3.86,3.56,24.2,63.2,41.8,82.33
917,3.42,0.99,22.9,62.3,41.32,83.69
1147,3.88,1.58,44.9,77.3,37.8,72.64
600,4.06,2.58,45.9,50.0,44.75,86.0
1417,3.48,3.67,41.0,85.3,36.57,71.08
1393,3.5,2.25,22.8,83.0,36.55,71.75
1739,3.36,3.04,30.0,104.3,32.4,64.33
257,3.42,1.25,39.1,41.0,46.48,92.62
1494,3.43,1.76,49.3,90.9,35.16,68.31
321,3.97,2.41,44.3,43.9,47.62,89.15
1532,3.36,1.04,44.5,86.3,35.04,66.92
236,3.34,2.42,30.5,40.0,46.89,93.13
1838,3.22,1.01,25.8,103.6,32.02,61.61
395,3.46,4.21,41.4,41.5,46.52,90.87
259,3.8,1.13,23.6,39.7,46.55,95.67
1888,4.04,0.83,45.8,108.5,31.38,58.24
1279,3.79,2.18,39.7,77.5,36.96,74.1
1763,3.59,3.72,45.7,98.3,33.24,61.49
1230,4.01,1.05,33.6,81.7,36.7,74.1
1201,4.11,1.95,49.8,82.8,37.5,70.54
1048,3.98,4.51,41.7,72.3,39.79,76.43
1132,3.5,3.44,44.6,76.9,37.69,75.21
1265,3.37,1.57,42.8,80.5,36.92,70.88
637,3.85,2.7,24.2,58.0,44.25,86.88
450,3.6,0.59,26.3,45.6,45.78,90.24
400,3.39,3.79,24.7,47.1,46.98,93.9
1536,3.26,2.21,48.0,88.4,35.39,66.31
595,3.81,3.04,36.1,56.6,43.16,85.42
118,4.08,1.01,29.1,29.7,48.63,95.67
1229,3.84,4.07,25.0,81.3,37.54,75.58
1516,3.56,1.37,30.5,90.0,34.94,67.39
787,3.64,1.27,37.8,64.9,42.43,81.18
1378,3.89,4.22,32.7,85.5,35.28,70.44
1203,4.13,4.82,38.2,75.6,38.52,73.84
654,3.32,0.51,44.1,60.0,44.06,84.82
220,3.99,4.76,30.2,35.5,48.6,94.84
299,3.32,3.41,31.0,41.8,47.39,93.34
815,3.86,4.92,32.8,61.6,42.28,84.34
784,3.58,4.72,42.6,63.7,42.83,81.98
1669,3.76,0.77,44.1,97.4,33.28,61.98
1107,3.37,2.56,41.1,69.5,38.4,76.12
1904,4.11,3.29,31.9,110.0,30.59,62.78
1341,3.72,1.04,40.8,83.7,36.64,70.91
1080,3.33,1.24,22.9,68.2,40.11,80.1
1502,3.73,0.68,22.3,89.0,34.91,71.64
1321,3.77,3.66,48.5,87.8,35.9,71.52
50,3.51,2.01,45.2,29.5,49.11,96.94
456,4.17,4.82,47.0,49.7,45.16,87.28
404,3.54,4.54,21.0,44.6,46.33,91.85
983,3.42,3.79,47.7,65.7,40.9,76.99
1022,3.66,4.32,48.0,73.0,40.08,75.77
465,3.99,3.89,46.6,51.4,45.29,89.08
90,3.47,4.62,25.5,32.7,49.61,99.4
325,3.94,3.2,31.8,45.0,45.84,91.1
1479,3.56,2.7,40.2,84.9,36.18,67.17
27,4.07,3.76,35.4,35.5,49.89,98.16
1409,3.22,0.8,33.6,90.6,36.2,71.73
664,3.31,2.74,27.7,55.9,43.37,87.09
972,4.17,4.1,23.9,69.8,39.95,80.84
1755,3.92,2.72,47.4,100.3,32.88,62.58
530,3.8,2.25,48.2,53.4,45.21,85.28
303,3.95,2.47,43.9,38.0,47.67,89.45
1159,3.45,1.63,26.1,78.3,37.75,76.55
1039,4.04,3.61,37.3,76.0,40.49,75.86
860,3.84,1.27,43.8,63.1,42.22,81.45
1182,3.5,3.11,45.3,78.8,37.91,73.18
1800,3.31,3.87,38.0,104.7,31.04,62.84
342,3.24,0.94,46.8,47.0,47.4,91.29
1519,4.06,1.88,45.5,86.3,34.76,68.43
225,3.57,1.54,35.5,35.4,47.56,95.49
1457,3.23,3.21,42.0,84.6,35.52,67.39
815,3.94,2.42,42.3,65.6,41.58,80.19
1721,3.41,4.34,44.7,94.5,33.21,64.39
898,3.24,1.41,21.0,68.7,41.84,82.0
157,3.25,4.82,49.5,38.0,49.22,92.44
1827,3.94,3.03,23.2,100.1,30.92,62.68
1566,3.55,2.68,29.0,94.4,34.54,69.97
517,4.16,4.32,40.3,55.4,45.53,88.03
305,4.13,4.11,25.5,45.4,46.63,93.16
1357,3.28,4.44,28.9,86.6,35.63,74.11
613,3.23,2.9,38.4,52.8,43.59,85.13
1344,4.16,1.67,43.0,80.3,37.21,71.05
1672,4.05,0.66,40.7,94.3,33.06,65.14
1666,4.14,2.41,27.9,94.8,32.83,65.18
1030,4.04,4.41,32.2,73.8,38.9,78.45
670,3.25,4.22,49.3,54.9,42.41,83.0
613,3.32,3.6,42.4,58.3,42.91,84.86
407,3.42,1.11,25.4,47.0,46.3,93.59
961,3.43,1.1,25.4,64.3,39.98,81.87
869,3.78,1.95,22.6,64.9,41.63,81.16
1743,3.2,2.56,46.5,98.8,32.64,63.45
985,4.02,2.29,27.6,65.5,40.13,79.75
103,4.03,2.67,48.8,36.4,49.79,92.75
1914,3.8,2.56,39.7,105.8,30.81,61.07
999,3.95,4.03,22.8,72.2,40.48,81.19
1433,4.19,2.79,31.3,90.5,35.36,68.73
999,3.44,2.61,43.2,65.0,40.81,76.62
390,3.49,3.44,47.7,47.4,45.74,88.4
996,3.31,2.83,47.8,70.4,39.21,75.93
867,3.46,0.98,39.4,62.8,40.98,81.36
1778,3.26,3.05,48.2,105.4,32.21,61.3
145,3.41,3.83,26.7,39.8,48.33,95.79
1695,3.88,1.43,35.8,93.7,32.59,63.76
950,3.44,4.59,35.3,71.3,39.86,81.01
372,4.19,2.48,45.6,45.8,47.18,90.36
981,3.27,3.98,25.7,66.0,40.67,79.35
925,3.25,1.06,22.8,65.0,41.42,83.01
809,3.73,2.36,26.6,63.0,41.54,85.08
215,3.48,3.15,38.7,34.8,47.36,95.23
291,3.8,4.41,42.7,41.6,47.44,92.3
865,3.62,0.72,37.9,64.5,40.43,79.76
1375,3.53,1.23,39.1,87.9,36.83,69.59
1581,3.95,4.07,48.6,90.2,34.11,66.66
1627,3.66,0.8,28.8,90.5,32.77,67.96
349,3.22,2.38,44.2,46.4,47.31,90.0
1157,4.02,2.31,49.2,72.6,39.35,71.93
1887,3.64,4.87,30.9,108.8,30.3,61.12
619,3.72,2.12,46.9,52.7,43.22,84.64
1527,3.37,4.35,26.4,87.5,34.64,69.83
125,3.39,1.75,34.9,35.8,49.74,95.62
382,3.62,2.48,42.0,41.6,45.64,88.97
314,4.15,3.06,40.4,46.7,47.11,92.62
1524,3.74,1.63,23.7,92.6,34.43,68.28
1938,4.17,0.63,27.4,111.5,29.89,59.98
498,3.79,1.85,46.4,46.8,44.25,84.86
1366,4.14,0.97,42.1,88.5,36.82,71.22
149,3.48,2.68,42.8,38.4,47.72,95.48
1539,3.22,3.25,29.2,93.2,34.82,69.5
1901,4.04,1.07,27.8,102.8,31.4,61.52
978,3.96,4.63,20.0,71.3,40.97,79.44
1132,3.36,3.91,37.7,71.5,37.93,75.06
1759,3.45,2.27,46.6,102.2,31.84,62.01
1807,4.19,2.74,21.4,101.3,32.5,64.0
1159,3.39,2.73,22.2,77.7,37.89,76.39
1897,3.42,0.78,39.4,107.6,30.94,59.54
1715,3.38,3.8,33.4,95.6,33.54,64.18
1311,3.82,3.55,35.8,78.2,36.75,72.49
1637,3.25,4.11,29.7,94.7,34.18,67.13
96,3.98,2.97,38.5,34.2,49.78,96.09
1809,3.69,2.45,45.7,102.9,32.81,61.75
711,3.54,1.54,43.3,55.1,42.39,84.86
264,4.04,3.47,47.9,38.3,47.58,90.3
1576,4.02,4.46,48.0,95.2,34.26,64.96
1537,3.77,3.16,34.2,92.4,34.01,69.02
611,4.06,3.66,37.1,49.7,44.29,86.85
1287,3.38,4.99,47.6,85.0,36.75,72.23
319,3.26,4.11,21.4,43.5,45.82,93.51
1760,3.4,4.62,34.7,97.4,31.76,63.99
310,3.96,0.84,41.1,43.8,47.31,90.41
1184,3.29,2.57,32.5,79.8,38.92,75.16
505,3.69,2.72,31.2,52.7,45.27,87.58
434,3.4,2.24,21.8,46.7,45.65,91.06
119,3.86,1.15,29.8,39.6,48.77,97.51
1415,3.56,0.93,26.1,82.2,36.34,70.21
270,3.85,4.11,42.5,38.9,46.84,90.37
1720,3.93,3.75,29.2,95.3,33.42,65.58
971,3.27,3.66,27.7,69.3,40.62,80.12
1869,4.2,1.0,34.6,104.7,31.29,60.01
622,3.38,1.62,21.8,52.6,43.31,88.19
684,3.27,4.91,36.6,60.5,42.23,85.26
334,3.61,0.87,32.1,39.4,47.27,94.15
1043,3.63,3.42,25.7,67.1,39.9,77.42
1537,3.53,4.85,38.5,88.9,35.29,68.63
1109,3.72,3.67,33.0,77.0,38.01,77.17
1474,3.91,0.77,26.4,91.1,34.45,70.64
1504,3.82,0.58,36.9,85.3,35.59,66.92
1612,3.68,0.51,43.2,91.8,33.93,65.55
307,3.39,4.99,41.5,42.1,47.21,89.54
1269,4.02,3.38,34.2,78.7,36.84,74.3
236,4.07,2.65,46.1,37.3,47.69,90.47
960,3.7,3.09,26.2,65.1,41.14,78.99
773,3.27,4.55,49.0,60.4,42.23,82.02
744,3.45,1.4,41.6,64.7,42.3,82.77
980,3.85,2.75,39.6,66.8,41.19,78.26
1382,3.71,0.81,38.0,89.6,37.01,68.45
1954,4.05,1.09,36.2,103.7,29.79,58.4
332,3.52,3.11,46.0,42.4,45.77,88.89
1265,4.14,1.97,22.8,82.2,36.57,74.43
882,3.23,0.86,23.8,63.7,40.91,82.26
420,3.52,4.54,36.9,48.2,44.82,88.22
952,3.25,4.79,40.1,72.1,40.7,79.49
739,3.97,0.9,43.7,59.6,41.77,84.07
959,3.42,1.86,39.1,66.2,40.51,79.19
449,3.77,2.57,38.0,46.3,45.13,87.88
698,3.44,2.68,39.4,56.7,42.5,82.23
1899,4.18,3.54,34.7,106.3,31.56,59.67
458,3.73,2.59,20.4,49.1,45.65,92.45
1374,4.06,1.45,44.7,83.6,36.02,70.35
1865,3.84,3.83,42.3,109.2,32.15,60.98
1084,4.01,4.45,22.6,69.6,38.68,79.54
855,3.48,0.96,27.6,68.3,42.08,83.2
173,3.24,3.57,27.3,39.9,48.48,95.61
577,4.19,4.44,34.7,57.4,43.66,85.9
787,3.71,3.35,46.2,63.2,42.16,82.04
1149,4.02,4.66,22.3,71.2,39.07,77.93
1901,4.17,3.64,26.6,104.9,30.33,63.35
1863,3.55,0.53,34.0,106.0,31.6,61.94
1312,3.88,4.86,43.1,86.4,37.74,71.05
1546,3.95,2.86,35.0,95.3,34.11,66.76
533,3.33,4.08,25.5,50.6,43.68,88.0
1255,4.03,4.91,43.6,75.8,36.52,70.81
75,3.86,4.57,39.3,35.1,49.93,95.56
830,4.05,1.4,48.2,62.3,41.11,79.42
1239,3.31,3.52,39.1,83.5,36.78,74.92
1932,3.39,3.59,48.0,104.4,30.34,57.21
1428,3.72,0.56,42.0,83.6,35.34,70.55
1693,3.4,1.26,36.0,99.3,33.42,66.32
202,4.09,3.5,34.9,41.6,47.46,94.33
1384,3.28,1.26,34.3,81.6,35.94,71.47
701,3.96,2.39,42.7,61.0,43.42,83.27
1323,3.83,1.75,24.4,87.4,36.1,74.49
1724,3.82,3.16,22.7,100.8,33.74,64.4
11,4.18,4.49,29.4,29.6,50.6,99.41
1620,3.57,2.46,41.5,90.9,34.67,65.33
318,3.7,3.65,32.4,42.8,47.42,91.88
1137,3.38,1.8,40.4,77.5,37.96,73.85
1699,3.75,1.15,21.9,96.6,33.15,65.56
850,3.3,2.83,33.1,66.3,41.95,81.88
568,3.65,3.24,41.9,53.2,45.05,86.27
1856,3.97,3.53,31.0,107.2,32.22,61.7
1234,4.01,1.28,32.7,78.7,36.72,75.21
1631,3.94,3.59,41.6,92.6,33.55,63.47
1220,3.53,3.49,32.4,74.4,37.42,74.45
303,4.06,2.2,34.3,40.3,47.21,92.96
689,3.63,4.86,47.3,61.1,42.74,82.05
858,3.9,3.31,25.8,63.3,42.34,81.79
53,3.95,5.0,48.0,35.9,48.8,95.58
1281,3.42,1.13,48.2,83.4,38.19,69.84
317,3.46,2.18,24.5,42.6,46.14,95.35
1330,3.42,4.05,22.9,83.8,37.55,75.34
1381,3.29,4.11,41.1,86.8,36.83,69.21
536,3.39,1.44,21.1,51.3,44.51,91.77
1780,4.08,0.8,41.8,100.7,31.77,61.99
1217,3.51,0.92,29.8,79.3,37.06,75.32
1225,4.19,4.35,26.6,82.9,38.27,73.97
111,3.28,1.89,47.5,33.6,48.51,93.93
147,3.22,3.79,27.3,31.8,47.77,96.47
1942,3.4,3.42,25.2,111.1,30.07,62.92
118,3.6,3.3,36.6,37.6,48.58,96.73
1287,3.73,3.46,37.9,81.4,38.12,73.09
48,3.36,3.66,45.4,31.3,49.2,94.87
893,3.76,0.94,36.8,63.8,40.58,81.06
556,3.34,1.21,35.0,53.9,45.28,87.78
1394,3.92,1.65,32.9,86.7,36.21,71.79
1790,3.37,3.36,41.6,99.6,32.32,61.76
952,3.58,4.62,36.4,63.2,40.88,77.4
1541,4.12,1.72,49.8,92.1,34.83,65.31
197,3.84,3.56,40.2,35.8,48.41,95.67
1741,4.12,1.84,30.4,101.3,32.33,63.68
970,3.39,4.36,30.1,64.7,40.86,79.76
513,3.33,4.78,44.3,54.5,45.6,85.24
950,3.92,2.85,26.6,71.6,40.51,79.42
545,3.3,4.92,40.5,50.5,44.18,84.9
734,3.89,4.57,31.5,55.5,42.39,85.73
1150,3.38,2.82,29.8,77.7,37.54,75.49
881,4.0,0.87,26.9,61.1,41.88,82.06
1784,4.02,1.97,24.7,99.7,32.59,62.42
794,4.01,1.91,34.2,59.4,41.55,83.15
1761,3.43,2.19,28.3,97.1,31.46,64.09
478,3.23,0.56,33.9,45.5,44.89,90.76
309,3.95,4.82,22.0,43.9,47.76,94.34
684,3.37,1.97,27.8,57.6,42.78,86.21
769,3.96,2.2,38.1,63.4,42.36,81.21
1157,3.31,3.92,48.2,79.0,38.28,72.63
153,4.02,1.75,39.8,38.0,49.15,93.87
208,3.47,2.97,42.9,39.3,48.83,91.21
481,3.42,4.36,44.7,54.0,44.41,85.77
1125,3.34,0.85,41.7,72.1,39.6,73.29
859,3.56,1.73,27.3,68.1,42.3,81.99
200,3.86,1.4,39.6,41.5,47.56,92.59
612,4.09,0.65,46.4,51.0,44.63,83.81
349,3.77,4.84,48.0,44.3,47.42,91.03
1534,3.38,4.95,27.9,88.7,34.93,70.46
356,4.07,0.52,38.7,45.0,47.12,90.79
829,3.5,2.88,40.4,65.7,42.65,80.19
1496,3.33,3.36,48.9,94.2,35.06,66.64
986,3.82,1.47,47.6,71.8,41.02,78.66
1969,4.1,2.99,20.3,106.0,30.07,62.02
1904,3.77,4.82,33.1,110.3,30.11,59.07
1595,3.23,2.23,41.1,98.4,33.99,64.4
1451,3.27,3.92,28.0,83.9,35.07,71.15
405,3.61,1.99,21.5,45.0,45.52,90.47
1623,4.07,4.62,42.7,90.8,33.17,65.77
1202,3.86,2.83,22.6,77.6,38.84,78.01
1835,3.91,2.27,39.5,101.6,31.44,61.65
1631,3.28,4.25,41.5,95.9,33.14,64.14
637,3.33,1.93,33.7,54.6,42.87,86.46
409,3.94,3.55,38.1,50.5,45.4,89.08
1125,3.77,3.26,48.2,77.7,38.48,72.9
944,3.81,2.07,27.3,68.9,40.57,82.2
1240,3.74,1.77,43.6,75.9,37.2,71.11
63,4.04,0.65,48.7,36.3,49.05,97.0
1501,3.54,2.08,27.4,92.1,34.57,68.39
800,3.81,1.47,25.1,60.7,42.49,84.5
1540,3.37,1.66,26.6,87.8,34.74,67.71
1459,3.92,4.26,22.1,89.9,36.21,69.6
1612,3.49,4.31,20.4,91.9,33.17,66.89
1764,3.25,2.75,27.4,104.4,31.43,63.81
413,3.7,3.21,31.5,47.8,46.26,90.02
634,3.56,3.19,21.1,52.5,43.32,89.75
1856,3.8,4.02,47.5,100.8,32.29,58.24
1549,4.01,2.67,23.7,91.3,34.03,67.66
1777,3.59,1.34,34.5,102.0,32.62,64.53
1928,3.66,1.44,40.6,107.0,31.35,59.31
1914,3.35,2.84,24.4,111.4,30.25,62.61
904,4.01,3.37,20.6,63.0,41.82,83.71
489,3.29,1.19,35.4,47.4,45.66,87.12
561,3.2,3.61,30.8,51.4,44.23,89.57
751,4.03,4.92,49.3,56.0,41.73,80.98
1258,3.21,2.85,37.2,76.6,37.24,72.29
1318,4.18,2.42,40.6,87.1,36.05,69.94
1073,3.83,1.94,47.7,71.8,39.97,76.89
1079,3.65,2.31,32.5,73.3,38.67,77.47
28,3.99,3.2,36.8,31.8,49.4,98.71
1480,3.46,4.39,24.8,89.8,35.09,70.7
1942,3.35,1.84,36.5,111.9,30.33,59.58
966,3.9,3.29,47.9,70.1,40.52,79.14
403,4.01,2.01,43.8,49.7,46.53,90.13
1200,3.63,4.84,21.8,82.1,38.09,75.45
333,4.15,1.03,30.6,42.2,45.8,93.69
1209,3.63,0.65,20.8,78.9,38.41,75.02
18,4.01,0.59,33.0,33.1,49.34,97.38
912,3.92,1.75,32.6,61.5,41.8,79.86
1301,3.52,4.17,36.8,86.3,36.35,70.37
550,4.02,2.01,26.3,49.8,45.14,88.37
239,3.33,4.89,35.5,38.2,47.69,94.84
1777,3.81,3.73,21.9,99.4,32.08,63.87
1699,3.5,3.58,24.0,100.5,33.59,64.26
235,4.16,1.83,47.2,41.2,47.6,93.19
1953,4.14,3.32,33.3,103.3,30.35,58.66
100,3.98,5.0,30.0,33.9,48.31,96.8
1780,3.93,2.53,42.9,97.2,31.37,61.52
587,3.86,4.04,44.3,53.7,43.51,86.76
1898,3.79,2.14,24.8,109.5,30.53,60.34
719,3.89,4.24,40.8,59.4,42.73,81.49
243,3.97,3.99,21.7,39.4,47.69,96.97
722,4.17,3.46,22.4,59.6,43.48,85.36
614,3.55,3.26,41.2,54.4,44.63,85.37
1280,3.9,3.31,43.2,78.9,37.14,70.29
1320,3.71,4.35,48.4,78.6,37.14,70.64
1110,4.11,1.41,23.6,77.4,39.25,79.11
1535,3.44,1.68,24.8,89.1,34.0,69.23
1237,3.58,0.7,30.8,77.2,36.65,75.26
1583,3.86,0.55,26.2,95.0,33.61,70.1
461,3.82,1.25,28.0,48.0,45.82,91.91
903,3.69,1.21,33.2,67.3,40.6,80.14
746,3.24,2.62,25.9,58.2,42.99,83.54
1829,3.94,2.9,23.8,104.3,32.09,63.57
1638,3.9,1.46,42.4,99.7,33.4,65.78
1750,3.64,3.72,33.7,102.4,33.4,63.33
1124,4.12,0.56,33.6,75.8,38.1,77.9
1173,4.07,1.65,30.7,78.2,38.76,74.57
1745,3.77,3.05,42.3,101.8,33.22,63.59
1352,3.59,4.1,45.1,79.8,36.74,69.73
1811,3.24,4.95,46.0,97.8,31.31,61.82
417,3.27,1.43,47.1,44.7,45.91,89.35
1805,3.81,2.47,38.5,97.4,32.68,60.19
352,3.95,1.12,48.4,44.0,47.43,91.39
1825,3.74,4.52,46.5,101.3,32.55,59.53
1332,3.72,3.02,40.3,79.7,35.98,72.29
1897,3.43,2.22,46.8,104.6,30.04,58.08
1647,3.57,4.76,47.7,97.2,33.3,63.26
1013,3.94,4.11,32.3,68.7,39.37,78.39
600,4.09,2.62,36.0,55.3,44.27,87.85
915,3.88,1.02,28.4,65.6,41.72,80.44
711,3.93,4.18,36.8,54.3,43.4,85.89
773,3.82,0.63,48.6,58.6,42.86,81.61
424,3.72,2.13,24.6,48.8,46.67,90.9
779,3.69,0.66,32.6,56.4,42.88,83.19
1656,4.08,3.06,31.7,95.9,33.63,66.54
1999,3.58,3.89,40.1,112.1,29.57,57.56
356,3.69,1.44,29.5,46.8,47.25,94.18
388,3.92,4.85,46.8,49.6,46.46,89.59
593,3.8,1.85,34.2,49.8,44.68,87.32
690,3.61,2.1,32.6,55.7,43.73,87.01
364,3.34,1.34,31.0,47.5,45.49,93.18
9,3.36,1.74,31.2,31.5,49.71,97.61
403,3.57,1.63,49.7,45.3,46.69,87.42
1705,4.09,1.98,29.6,98.0,32.98,66.49
1639,3.4,1.32,36.4,98.5,33.62,67.12
578,3.89,4.64,22.7,57.4,44.34,90.52
299,3.85,3.71,45.7,39.6,46.7,90.53
414,3.41,3.36,29.1,44.7,46.72,92.81
1294,3.25,4.41,31.4,77.1,36.79,71.23
1550,3.85,3.42,40.7,89.4,35.26,67.41
1606,3.53,4.22,38.0,94.2,33.34,66.89
1032,3.25,2.98,42.5,74.0,39.49,76.29
1876,3.4,2.4,28.7,103.3,30.66,60.83
493,3.3,2.6,21.4,47.7,45.81,90.05
845,3.76,4.79,49.9,65.3,40.57,81.09
1369,3.78,1.7,36.3,86.2,36.81,69.3
1309,3.64,4.8,24.0,84.8,37.5,72.68
1926,3.63,4.27,20.2,107.5,30.2,63.14
827,3.93,4.56,35.9,63.9,42.61,81.75
1146,3.42,1.37,37.9,74.5,37.66,73.4
1212,3.52,4.46,24.3,81.5,37.71,76.14
508,3.76,0.8,48.9,53.7,45.06,85.69
890,3.76,2.26,20.5,65.6,40.2,82.38
1766,4.19,2.98,38.6,96.1,32.16,60.92
1055,3.77,2.33,38.3,73.8,38.69,78.62
747,3.31,4.36,34.1,64.6,42.78,85.38
1578,3.29,4.19,21.8,93.0,35.21,67.1
1896,3.21,3.54,26.9,104.3,30.07,62.89
122,4.04,2.98,45.5,38.8,49.74,95.0
428,3.35,2.89,23.7,48.4,45.01,92.29
1408,4.17,1.72,45.4,87.9,36.14,69.89
429,3.3,0.85,42.8,45.3,46.03,88.15
1987,3.76,4.44,40.9,109.5,31.05,59.72
1379,4.02,3.9,31.7,83.3,36.21,70.59
1644,3.22,1.91,40.3,91.3,32.91,65.99
827,3.49,4.75,44.4,66.1,41.03,80.39
529,3.23,1.24,36.3,49.6,44.66,87.2
893,3.92,3.43,48.6,63.3,40.26,77.04
258,3.77,1.28,23.9,38.5,46.99,93.67
1527,3.47,1.87,29.9,92.7,34.39,69.7
1004,3.97,2.46,29.8,73.6,40.61,77.44
1413,3.35,3.24,47.4,91.2,35.08,70.02
1825,3.69,4.92,48.3,105.5,32.09,60.67
452,3.36,0.51,30.9,50.2,46.26,88.24
793,3.6,2.49,38.3,61.9,41.39,81.46
1664,3.96,0.94,21.1,100.9,33.25,68.99
727,3.86,1.82,36.3,62.7,43.61,83.0
1811,3.34,3.94,46.9,99.0,31.44,59.1
1031,3.56,1.95,29.7,71.8,39.53,77.44
236,3.56,2.75,40.3,43.9,47.51,91.09
1217,3.66,3.46,34.4,78.5,38.76,73.82
1612,3.58,2.17,40.7,98.1,34.36,64.65
1358,3.74,2.31,43.0,86.2,37.08,69.69
1611,3.76,2.15,21.6,96.2,33.73,67.99
1915,3.55,1.86,25.4,106.8,30.54,63.02
1523,3.91,1.1,29.2,91.5,34.63,70.7
120,3.36,3.9,47.5,30.9,48.19,95.72
826,3.46,3.18,28.5,67.2,41.06,82.89
1748,3.54,2.15,32.5,104.4,31.97,62.97
1549,3.73,1.14,45.5,93.3,34.99,67.3
633,3.46,2.9,44.9,59.0,42.77,85.53
1622,3.7,1.18,49.5,99.4,34.7,62.55
283,3.46,3.89,42.0,43.7,47.81,91.13
1604,3.87,4.13,38.3,89.8,34.77,66.09
511,3.47,1.23,33.7,47.3,45.52,87.98
1044,3.56,3.37,22.7,72.9,39.31,78.31
33,3.91,3.44,25.2,31.7,50.13,97.36
343,3.32,1.57,28.8,39.8,45.75,93.65
508,4.08,1.82,43.0,49.0,44.76,88.5
321,3.85,1.11,29.4,38.1,46.99,92.98
1475,4.02,0.93,23.8,93.8,35.3,72.22
1759,4.19,4.57,26.4,105.0,33.06,63.16
452,3.79,4.73,20.7,44.4,45.29,91.83
90,3.87,0.84,35.7,32.0,48.3,95.91
1345,4.15,0.52,45.3,84.8,36.35,68.76
1853,3.7,3.2,34.1,102.4,30.91,62.18
648,3.95,3.41,32.5,53.1,44.13,87.35
301,3.7,4.72,40.5,46.0,46.99,93.43
1991,3.54,4.52,25.3,114.5,30.06,58.73
1032,3.24,1.17,39.7,73.3,38.78,75.2
435,3.87,1.12,38.6,44.3,44.9,88.57
1267,3.59,4.29,41.3,85.2,37.26,70.87
1650,3.66,1.83,28.1,98.3,32.92,67.85
84,4.02,1.14,27.7,33.2,49.21,98.22
1156,3.9,2.12,21.4,78.0,38.28,76.05
2000,4.17,1.76,36.8,111.7,30.76,58.73
1985,3.37,1.41,47.1,104.4,29.99,57.42
451,3.21,4.15,41.1,52.6,44.58,89.42
851,3.21,1.31,27.7,62.0,41.06,83.52
1882,3.93,4.18,31.8,104.2,31.17,60.38
1541,3.88,0.54,33.7,88.1,35.52,67.38
504,3.81,3.15,34.7,53.1,45.35,88.45
885,3.8,3.0,46.7,64.4,41.44,80.02
132,3.66,3.32,36.6,32.8,48.69,96.48
790,3.77,3.09,23.5,66.1,42.51,83.01
428,3.57,2.79,38.2,44.1,46.34,88.84
1514,3.98,4.54,31.4,87.0,34.49,68.75
1809,4.1,1.69,26.9,97.5,32.51,63.85
1507,3.64,1.99,35.8,93.0,35.13,67.42
1976,4.18,2.48,48.0,104.9,30.52,55.61
1457,4.15,3.12,36.7,91.4,35.58,70.02
435,3.48,3.76,32.3,44.0,46.26,91.67
1686,4.03,1.53,27.6,95.3,32.14,67.35
220,3.63,4.57,29.7,34.9,48.55,93.94
1406,3.45,3.53,44.6,82.3,36.13,70.75
244,3.73,4.06,29.5,35.6,46.8,95.89
1983,3.46,4.64,28.3,111.0,30.85,58.52
1323,3.36,4.69,26.5,83.6,36.54,72.79
507,3.31,3.76,21.9,45.6,44.87,89.59
645,3.77,2.27,41.5,55.7,43.28,85.63
1589,3.33,1.85,29.4,92.0,33.83,67.84
1954,4.1,3.95,31.2,108.1,30.81,58.47
1079,3.57,1.69,23.3,70.1,39.71,79.41
818,4.07,1.18,33.6,65.7,41.75,82.12
878,3.5,3.88,36.2,61.4,41.56,82.47
1183,3.91,1.8,49.3,81.1,38.21,71.06
838,3.22,4.25,24.8,62.6,40.66,84.89
356,3.74,4.68,31.5,48.4,45.54,91.05
754,3.82,2.74,31.8,61.8,41.55,83.85
1258,4.02,0.54,45.9,77.2,36.48,72.21
1796,3.8,1.26,27.5,104.7,32.75,63.5
624,3.63,3.48,49.8,55.0,42.9,81.95
1758,3.34,1.36,48.3,99.1,32.24,63.2
1524,3.71,2.19,29.3,87.0,34.03,70.03
1504,3.72,3.62,48.7,94.1,34.36,67.77
1872,3.2,3.67,33.8,100.3,31.13,61.18
1646,3.63,3.65,25.0,93.8,32.7,67.43
1212,3.88,0.76,49.0,81.6,38.41,71.68
1068,4.14,3.62,48.6,74.9,39.31,76.14
737,3.44,1.67,45.4,63.9,42.62,83.32
140,4.17,4.04,29.8,32.4,49.25,97.8
1256,4.12,1.83,26.4,77.7,38.41,76.13
1325,3.5,4.2,33.0,82.1,35.83,71.67
1528,4.18,4.03,49.5,91.0,34.84,66.76
1677,3.67,2.58,42.2,94.7,33.84,65.03
809,4.06,1.38,46.1,59.2,42.23,81.56
960,3.63,0.72,42.1,65.6,40.45,80.14
521,3.71,4.7,43.1,51.7,44.84,86.09
180,4.12,3.16,41.5,37.0,48.22,93.57
12,3.88,2.77,46.1,26.5,49.59,96.26
580,3.74,3.82,36.5,50.1,44.42,85.59
1659,3.3,0.67,41.8,98.1,34.32,65.44
1486,3.48,3.05,44.3,92.3,34.29,67.57
1330,3.63,4.03,45.7,80.5,37.17,71.99
1126,4.03,3.07,40.0,72.8,38.06,76.61
1848,3.58,4.48,27.2,107.6,30.78,63.05
1411,3.25,1.1,30.5,86.7,35.47,71.48
1929,3.37,4.7,28.7,104.2,30.99,62.03
1452,3.44,4.45,27.8,83.3,34.83,72.44
226,3.41,1.97,44.9,39.0,47.2,90.72
540,3.83,1.02,25.4,47.5,44.39,88.12
756,3.65,2.76,44.7,65.0,42.77,83.47
1810,3.63,3.75,45.3,99.4,31.68,62.17
1781,3.57,4.45,47.1,99.5,32.68,62.75
1279,3.46,1.54,43.0,85.4,38.05,70.3
172,3.59,4.4,25.1,37.1,48.17,95.02
866,3.9,2.83,35.1,64.7,40.36,81.66
481,4.17,3.99,31.6,53.7,44.94,91.28
653,3.63,4.28,49.3,54.0,43.42,82.66
1847,3.2,2.87,45.0,99.0,31.4,58.52
623,3.83,2.78,35.7,58.3,43.42,84.77
1346,4.09,3.96,24.9,86.8,37.15,72.84
1851,4.08,3.24,38.3,99.9,32.02,60.64
1682,4.07,2.32,36.8,95.7,33.06,64.38
18,3.98,1.61,43.8,26.0,50.8,97.77
17,4.08,4.57,47.2,31.2,49.35,94.93
1181,3.78,0.95,49.0,80.3,39.12,73.08
1065,4.08,0.99,39.9,71.8,39.34,74.74
1607,3.52,1.59,30.8,94.6,34.19,65.85
1665,3.97,1.27,36.5,98.3,32.39,65.63
1148,3.51,1.36,36.2,78.0,38.34,76.49
642,3.69,2.96,21.1,51.9,43.27,85.9
1782,3.51,3.89,47.9,106.2,32.56,59.77
55,4.13,2.08,27.5,30.8,49.55,99.23
760,3.88,1.4,31.4,56.8,42.5,82.23
1597,3.71,4.01,20.6,98.6,33.96,69.42
977,3.23,2.32,48.1,67.1,41.01,78.02
1089,3.35,1.22,22.5,70.7,38.92,77.76
937,3.51,2.22,36.1,67.1,41.26,77.88
1668,4.01,3.59,26.5,94.3,33.29,65.97
1547,3.81,4.05,40.7,95.9,34.38,67.81
914,3.97,1.66,32.0,63.6,40.17,80.79
252,3.9,0.93,20.1,39.9,47.55,94.33
68,3.73,2.78,29.5,36.9,50.14,99.25
1451,3.61,1.57,36.5,86.0,35.08,69.7
354,3.86,4.74,36.8,48.6,46.04,90.65
1713,3.41,3.6,37.8,101.0,32.48,64.21
1110,3.25,1.93,35.6,76.9,37.91,78.07
1389,3.64,1.41,43.0,83.3,36.72,69.02
845,3.87,4.22,44.5,66.3,41.75,78.44
1747,3.59,4.04,36.6,95.6,32.26,65.27
540,3.53,3.59,34.2,55.1,43.88,89.43
1585,3.39,4.75,49.1,95.6,34.99,64.4
1361,3.91,1.68,36.9,84.4,35.62,72.83
227,3.7,4.01,31.5,40.6,46.75,93.24
1105,3.79,0.7,36.0,76.4,38.27,77.35
547,3.23,1.04,33.6,54.8,43.68,88.44
1624,3.35,4.65,38.1,99.1,34.26,63.76
244,3.61,2.05,21.3,41.1,48.52,94.04
453,3.24,0.8,48.9,45.2,45.36,87.04
1010,3.79,1.19,38.5,67.6,40.05,76.31
231,3.53,4.44,20.7,35.9,48.52,95.64
1701,3.56,3.67,43.2,93.7,33.92,62.93
1523,3.77,4.53,30.8,86.6,34.86,69.91
1279,3.54,1.59,31.8,80.5,37.07,74.3
1756,3.35,3.92,39.7,100.9,31.53,64.49
1358,3.37,1.95,20.5,83.0,36.02,72.68
1004,3.58,1.39,30.4,74.3,39.33,80.16
1699,3.3,3.2,26.3,93.9,32.02,66.35
1311,3.64,4.14,34.1,80.8,37.44,71.98
962,3.6,0.62,41.2,65.6,40.56,76.6
1529,4.02,1.4,23.5,94.4,35.23,71.59
61,3.35,4.99,38.4,27.8,50.04,95.78
1567,3.21,1.68,47.7,92.9,34.56,63.81
873,3.91,1.4,44.0,60.9,41.79,78.06
987,3.61,0.89,45.7,66.4,39.23,77.53
1143,4.13,1.55,26.3,78.5,38.21,78.49
428,3.98,4.93,33.4,42.8,45.14,91.23
1590,3.22,2.45,27.2,97.1,33.75,68.04
1192,3.24,4.14,46.9,73.4,38.93,72.63
332,3.81,4.57,33.0,44.2,46.72,91.67
1493,3.46,0.82,28.3,84.8,34.56,67.88
590,3.62,2.02,39.5,54.9,44.19,84.46
1841,3.4,3.26,41.5,100.5,31.09,60.96
1883,3.74,1.11,48.0,100.4,30.75,59.43
163,3.4,0.89,38.3,40.1,47.42,94.11
1618,3.45,1.98,31.1,91.0,33.6,64.98
1275,4.2,3.35,23.6,85.4,37.91,73.76
976,3.4,4.23,23.6,67.9,39.58,80.66
1731,3.48,3.77,23.2,102.8,32.77,67.05
1266,3.46,0.93,28.9,83.3,37.8,72.61
260,4.15,2.25,30.9,41.8,47.74,94.26
852,3.96,4.51,39.0,66.9,40.9,81.56
1497,3.55,0.94,47.9,85.3,35.63,65.33
1009,3.39,2.77,34.0,66.5,39.84,77.65
242,3.68,2.33,49.3,38.1,46.69,90.42
432,4.15,4.61,43.1,46.4,45.17,88.02
83,3.3,4.41,23.8,36.4,49.67,96.94
211,3.76,1.66,44.4,43.2,47.03,93.21
598,3.54,4.8,42.1,54.7,43.76,84.8
729,3.43,1.08,25.6,58.3,43.41,86.52
1295,3.22,2.93,30.1,84.5,38.01,71.46
1845,3.22,4.82,34.4,102.0,32.21,60.78
1956,3.83,2.32,31.2,109.4,30.01,61.5
518,3.38,4.2,29.6,50.7,44.36,90.68
346,3.77,2.69,43.7,43.6,45.73,88.55
1012,3.56,1.38,28.9,72.5,38.9,77.51
196,3.99,1.84,27.0,36.9,47.52,97.5
813,3.55,4.53,38.9,61.8,42.13,83.35
1671,3.74,1.9,45.3,100.2,33.44,63.73
1341,3.36,4.19,42.8,85.0,35.91,72.48
1745,3.74,2.67,49.9,104.2,32.96,59.75
1266,3.77,2.3,26.1,82.7,37.24,73.4
317,3.72,0.77,23.1,44.9,46.36,92.08
113,3.98,0.87,20.2,36.3,48.05,97.29
1766,3.71,0.69,31.4,99.1,32.1,62.5
1932,4.17,3.43,40.0,109.3,29.8,59.49
921,3.58,4.91,29.5,63.6,40.33,79.09
1489,3.21,2.4,22.8,90.7,35.91,70.94
117,3.93,0.92,40.1,30.7,49.69,93.63
622,3.49,3.77,33.0,57.7,43.5,85.78
512,3.47,3.02,42.6,46.4,45.13,87.71
35,3.24,2.48,36.8,31.0,49.52,96.18
46,4.01,3.55,22.8,36.3,49.37,99.57
139,3.65,4.98,44.2,37.5,48.41,95.65
710,3.35,0.75,27.7,61.0,42.35,87.27
1114,3.74,1.47,47.7,72.4,39.16,72.45
891,3.94,1.91,29.3,60.7,40.55,79.95
1924,3.91,3.24,35.8,103.7,30.11,60.87
1505,3.6,4.07,49.7,92.3,35.26,67.5
802,3.97,0.6,26.1,65.0,42.23,83.99
1483,3.85,0.57,29.7,92.2,34.38,69.27
104,3.46,1.0,31.7,36.7,49.45,98.5
1398,3.64,2.62,39.0,89.6,36.29,70.48
1664,3.75,2.34,32.9,97.1,33.08,63.6
558,3.35,4.48,21.2,50.7,43.6,87.57
1971,3.68,1.93,34.2,109.6,31.29,58.43
210,3.54,4.15,35.9,43.2,47.92,92.77
1170,3.73,3.45,40.5,79.0,37.41,73.93
193,3.83,0.53,25.6,40.4,47.56,97.95
1612,3.93,2.84,40.6,98.8,34.46,65.17
813,3.73,4.4,29.6,66.3,42.38,84.93
1621,3.21,4.46,26.1,92.7,34.06,67.53
1853,3.69,4.77,36.4,101.4,30.87,62.74
919,3.86,3.91,31.0,71.1,41.34,80.72
1451,3.99,1.59,30.3,92.9,36.08,69.16
681,3.65,0.75,43.3,61.1,43.5,83.19
1793,3.21,2.87,48.3,101.3,32.5,59.37
1038,4.09,4.8,32.4,75.6,39.18,79.4
969,3.85,4.98,44.8,73.4,40.32,79.6
1204,3.7,4.24,38.4,80.3,38.02,75.67
941,3.48,3.23,48.5,69.2,40.28,77.43
157,3.96,3.06,38.2,37.8,48.77,94.33
1519,3.8,0.91,32.2,88.8,34.66,67.96
972,3.74,4.31,32.8,72.9,40.55,78.08
685,3.37,0.77,25.3,60.5,42.45,84.31
1700,4.19,1.9,20.4,95.1,32.99,68.05
1815,3.37,4.87,33.0,102.8,31.26,63.57
1130,3.27,3.75,30.6,79.6,39.33,75.68
137,4.02,1.55,20.0,38.7,49.36,96.18
1969,3.29,2.3,30.3,105.4,30.79,61.46
800,3.62,3.38,36.8,57.1,41.1,83.03
1918,3.53,1.7,37.4,105.6,30.41,59.05
141,3.63,2.85,23.5,35.4,48.45,98.73
1329,3.93,2.08,27.2,85.3,37.25,72.23
1260,3.78,3.73,44.7,82.5,38.18,71.24
924,3.82,3.43,33.1,70.9,39.94,81.09
1560,3.63,2.63,34.9,91.3,35.2,68.59
1514,3.41,1.32,41.5,91.1,34.18,65.93
477,3.76,4.79,49.6,53.7,44.24,85.94
1986,3.31,3.78,38.6,112.5,29.75,57.37
1942,3.68,4.51,28.2,112.2,30.8,58.86
785,3.21,2.67,37.9,63.8,42.82,81.96
463,3.88,2.04,49.0,48.4,46.33,85.32
1358,3.45,1.36,35.1,85.6,36.51,71.0
288,3.52,2.93,43.7,41.4,46.53,90.85
1014,3.37,2.98,45.5,68.2,39.72,77.16
1531,3.76,1.79,25.2,96.0,34.94,68.07
692,4.19,1.53,35.6,60.7,42.48,86.12
175,3.43,4.06,36.3,33.5,48.46,93.54
1652,3.55,1.66,44.5,100.0,32.97,64.57
724,3.28,3.75,48.2,61.1,43.53,82.72
613,3.61,4.02,35.4,50.6,44.05,84.39
1532,4.14,4.66,24.8,86.6,35.56,69.93
719,3.87,1.06,44.2,59.0,41.89,83.66
223,3.91,2.44,26.1,41.7,46.97,96.51
1748,3.5,2.44,41.8,103.9,32.06,61.69
1284,4.11,1.69,50.0,83.7,37.23,72.25
1784,4.08,0.83,36.3,100.3,32.28,63.62
195,3.51,1.76,44.5,42.0,47.08,93.5
1360,3.84,1.35,31.5,83.9,36.75,70.59
1431,3.86,1.14,26.7,83.7,34.82,69.65
542,3.82,3.75,26.2,53.6,44.23,90.65
1230,3.52,3.98,36.7,76.6,38.32,71.72
980,4.05,0.9,23.5,71.6,40.26,79.33
291,3.69,2.19,29.1,38.7,47.81,94.2
323,3.53,0.99,25.6,45.3,47.38,94.05
1046,3.42,3.83,48.4,73.5,39.16,76.19
1118,3.27,0.63,21.5,79.2,38.91,78.24
1809,3.89,2.01,27.8,106.8,31.05,64.59
366,4.18,3.78,23.1,44.1,46.77,92.59
736,3.88,1.63,39.6,64.4,42.84,83.36
1856,3.3,4.91,32.5,107.5,32.11,62.79
1756,4.1,3.97,40.9,98.6,31.57,61.75
1360,4.07,3.26,49.7,86.1,36.98,70.53
1371,3.22,1.96,28.4,83.5,36.02,70.98
273,3.54,3.29,23.7,37.3,47.64,93.12
1892,4.16,1.17,46.3,108.4,31.78,58.58
1402,3.44,4.0,35.4,90.2,35.35,72.2
454,4.17,2.46,34.6,51.9,45.23,88.54
58,3.8,3.31,36.9,37.2,48.96,96.43
711,3.98,3.56,26.2,61.4,43.54,84.13
795,3.35,4.81,47.7,61.1,42.88,80.54
541,3.39,3.55,31.5,52.1,44.15,87.33
341,3.95,4.15,47.4,41.3,47.26,90.99
1008,3.66,3.86,25.5,71.2,39.38,80.37
215,3.59,3.02,38.4,42.0,47.69,95.17
1070,4.08,4.18,28.1,70.3,39.15,77.23
1551,3.76,3.25,46.0,94.1,35.13,63.9
1821,4.19,3.01,32.3,100.0,32.19,63.53
1863,3.26,3.89,36.2,107.1,31.43,61.09
476,3.84,3.76,48.6,45.5,45.16,86.17
403,3.63,2.65,47.5,43.8,45.8,87.92
1949,3.92,4.81,23.0,112.0,31.04,63.14
406,3.74,2.61,48.4,43.8,46.21,89.04
180,3.57,1.11,45.2,38.3,49.07,91.93
772,3.33,3.35,20.7,57.4,42.11,86.7
1503,3.51,2.71,42.5,93.1,34.6,69.14
602,3.52,1.63,40.7,55.1,43.95,85.58
1295,4.19,4.14,38.3,85.8,36.16,71.17
351,3.43,0.83,26.4,42.7,45.83,92.31
843,4.17,3.94,41.9,64.7,41.03,80.64
1232,3.26,4.1,27.6,75.4,37.26,76.3
1504,3.72,1.31,34.1,93.7,35.18,67.99
1987,3.9,4.64,49.5,113.6,30.12,56.82
1356,3.93,3.22,29.7,83.9,37.41,74.05
24,3.24,0.89,41.2,30.3,49.48,96.5
631,3.55,4.6,31.7,55.6,42.75,88.32
1269,4.19,1.14,30.3,76.5,37.86,73.02
1456,3.86,2.33,25.8,89.3,35.6,72.69
971,4.06,2.89,49.0,68.9,39.39,75.69
1422,3.64,2.89,35.9,85.8,36.04,68.43
384,3.53,3.11,33.4,46.5,46.32,90.77
1293,3.4,4.97,29.8,82.8,37.94,72.18
642,4.02,4.09,35.1,51.8,42.83,86.56
13,3.89,3.63,26.8,26.9,50.22,97.48
1997,3.46,0.83,44.7,106.8,30.46,58.41
1044,3.58,3.57,30.2,68.6,38.63,78.18
1676,3.35,3.51,37.4,96.2,33.51,65.47
496,3.42,1.7,44.1,50.2,45.71,85.3
1567,3.67,1.18,47.6,93.3,33.74,66.45
696,4.07,0.83,49.2,59.4,43.3,83.24
344,3.8,3.76,32.9,43.0,45.91,91.37
752,4.1,3.8,27.8,55.6,42.22,85.48
1018,3.93,1.38,39.2,70.3,39.41,75.77
249,3.36,3.31,43.4,38.1,47.42,93.67
1636,3.95,3.23,42.8,91.2,33.05,65.54
235,3.25,1.34,25.0,41.0,48.25,96.99
1818,3.92,4.08,33.1,102.7,32.57,61.29
892,3.22,4.55,32.4,70.5,41.99,82.63
357,3.33,2.46,23.4,40.6,46.7,91.15
31,3.57,2.6,24.1,34.6,49.0,99.31
696,3.66,1.62,31.1,57.6,43.62,84.09
1888,4.02,0.84,36.1,106.8,30.86,60.4
1611,3.77,4.57,26.7,93.4,33.04,69.27
218,3.55,4.49,48.1,38.1,47.03,92.56
592,3.27,3.42,43.7,49.6,45.0,84.46
246,3.34,0.81,21.0,43.1,47.38,94.42
533,3.31,2.83,29.2,49.0,45.63,90.44
1213,3.34,0.93,45.9,75.9,38.82,71.62
1579,3.99,1.74,26.4,93.6,34.31,68.81
467,3.86,4.15,28.3,44.2,44.36,89.27
1825,3.3,3.2,39.0,99.2,31.97,59.4
85,3.64,2.32,39.0,32.8,49.89,95.8
686,3.43,0.74,41.0,60.9,43.37,82.77
1252,3.89,4.74,26.0,79.7,36.51,75.6
1943,3.63,1.71,46.8,109.0,31.49,56.79
1324,3.64,0.84,36.7,81.9,37.13,71.08
843,3.91,2.01,29.5,64.9,42.19,83.89
446,4.2,2.75,38.0,48.3,46.25,90.36
1324,3.39,3.23,23.6,82.5,37.58,73.41
46,3.43,2.41,25.5,27.1,48.69,99.71
1220,4.09,4.24,47.2,76.5,37.58,71.75
195,4.06,2.47,35.1,34.0,48.28,93.26
1523,3.69,2.75,47.5,88.6,35.27,65.17
1355,3.3,3.43,22.7,83.3,36.58,73.18
224,3.28,4.29,22.0,36.3,47.82,96.12
1231,3.87,2.41,37.4,81.4,36.71,72.51
282,4.0,0.96,24.8,44.5,47.43,95.27
930,3.85,2.97,36.1,63.8,40.62,81.29
449,4.06,1.46,28.8,47.3,45.5,88.66
1369,3.91,4.48,43.0,82.2,35.97,68.14
1776,3.99,1.25,21.5,99.7,31.66,65.0
388,3.92,4.88,41.4,50.1,45.84,91.18
1581,3.79,3.23,21.6,90.3,33.32,69.16
1584,3.73,3.13,27.5,96.6,33.89,67.46
838,3.84,4.17,41.7,61.6,41.57,80.68
1851,3.3,4.47,33.8,101.3,30.78,60.99
254,3.34,2.47,38.8,36.0,46.75,93.32
1940,4.17,1.08,33.5,106.8,29.64,58.68
218,3.34,1.62,37.0,43.5,47.98,95.58
1833,3.36,1.72,29.6,104.0,31.74,60.88
954,3.22,3.88,44.7,69.8,41.33,77.7
708,3.98,4.59,46.3,55.3,42.28,83.0
690,3.32,1.18,31.8,59.3,43.68,85.15
1383,3.5,3.54,38.0,82.9,35.31,70.04
991,3.95,3.41,49.5,68.3,40.97,77.67
1281,3.9,2.85,35.5,80.6,36.67,71.94
1393,4.14,0.74,32.7,90.7,35.11,72.71
1030,3.94,1.97,33.5,71.5,39.82,79.44
950,3.78,1.48,29.5,64.5,41.31,80.51
1430,3.95,1.71,42.0,84.8,34.77,70.81
1037,4.14,4.08,20.2,67.4,39.59,81.64
1599,3.77,1.87,23.4,92.1,34.44,69.38
262,3.25,4.17,24.8,43.7,47.58,93.0
1518,3.95,3.4,35.1,88.6,35.46,66.48
965,3.9,3.12,33.7,70.7,41.22,80.48
1385,4.07,1.67,20.4,85.1,35.27,74.24
770,3.59,3.38,29.9,61.0,42.22,85.84
157,3.73,0.67,31.1,37.3,47.76,97.22
1801,3.82,3.42,35.3,105.7,31.24,61.23
1097,4.19,0.56,32.4,72.0,38.72,76.75
1995,3.37,4.58,21.5,106.7,29.07,58.97
1151,4.1,3.83,47.3,76.9,38.52,75.57
775,3.42,0.95,38.7,58.3,42.73,83.79
1209,3.63,4.52,33.6,83.0,37.23,76.48
179,3.8,0.89,35.6,38.6,48.88,95.06
1475,3.51,2.35,30.3,85.8,35.02,71.59
280,3.46,2.35,21.4,37.9,46.27,95.75
486,3.33,2.54,46.0,53.5,44.62,85.47
487,4.12,1.72,27.0,46.5,46.05,88.12
1696,3.44,0.89,50.0,99.7,32.71,62.72
1567,3.94,4.21,37.2,93.5,33.9,66.76
809,3.47,2.86,43.2,62.6,41.36,79.12
412,4.03,0.79,21.9,50.2,46.3,91.15
829,3.67,3.88,46.7,61.7,40.74,82.04
683,3.96,4.64,43.2,60.3,43.42,84.17
1207,3.34,0.74,33.3,76.5,37.8,74.88
480,3.37,4.07,37.5,51.2,45.09,90.38
965,3.81,0.98,41.0,69.3,40.51,78.71
601,3.79,2.92,26.6,51.2,44.06,89.64
840,3.9,3.32,28.5,66.5,41.16,84.47
448,4.07,2.36,28.0,52.2,45.98,90.65
743,3.32,3.71,29.8,64.2,42.74,84.5
784,3.85,4.13,30.9,57.1,43.04,82.08
1872,3.46,0.77,30.5,108.2,31.31,61.71
1292,3.91,3.22,33.2,83.8,36.72,73.03
415,3.35,2.42,30.5,51.0,45.8,89.53
119,3.38,3.93,49.1,32.0,48.02,94.38
560,3.89,4.07,43.0,56.0,45.09,85.16
432,4.16,3.71,31.7,47.2,45.36,89.14
49,3.53,4.72,41.9,27.5,48.97,96.88
1872,3.3,4.64,41.3,101.9,31.92,61.68
1614,3.76,1.83,29.5,95.2,33.97,65.65
1545,3.53,1.48,42.5,94.8,34.05,66.23
1441,3.66,4.11,31.7,91.0,36.31,71.3
1372,3.4,2.95,21.8,87.2,36.99,73.22
973,3.59,2.14,35.3,68.0,41.03,80.5
982,3.45,1.39,47.7,68.1,40.74,78.71
1255,3.24,2.42,40.3,77.1,36.67,72.09
503,3.96,0.73,47.0,47.5,44.04,87.1
1418,3.68,1.28,25.6,88.8,35.96,73.07
320,3.37,3.77,20.7,43.5,47.49,93.9
958,3.82,3.53,25.0,69.2,40.64,79.89
889,3.52,1.11,47.5,62.9,41.19,77.39
415,3.66,2.11,46.6,48.6,45.56,88.02
1355,4.18,2.24,40.1,87.8,36.11,69.36
659,3.37,2.69,27.2,53.8,43.34,84.56
1725,3.31,2.99,47.4,101.9,33.24,63.01
871,4.17,4.18,44.8,64.8,41.63,78.32
1598,3.96,1.77,35.4,91.1,33.59,65.98
1592,3.84,3.81,27.0,98.0,34.05,69.22
1005,3.5,3.55,48.9,68.8,39.03,76.43
290,3.37,4.25,48.9,36.6,47.05,89.29
1956,4.14,1.58,28.9,104.1,30.69,60.43
1841,3.61,3.52,23.8,101.1,31.89,62.95
1490,4.0,2.5,41.5,85.6,35.38,66.49
1027,3.84,2.38,46.4,72.0,39.76,76.54
895,3.27,4.39,28.6,62.0,40.24,80.85
735,3.48,2.55,44.2,62.0,42.48,82.76
691,3.27,3.67,34.3,53.1,44.06,85.56
1066,3.5,1.34,30.7,72.8,38.9,78.58
1951,4.16,0.78,24.5,105.2,29.95,60.96
650,3.45,1.58,32.1,51.7,43.49,84.12
1082,3.52,4.35,20.3,74.3,39.36,78.13
1279,3.47,0.93,35.2,81.8,37.11,72.29
431,3.95,1.23,23.2,49.0,45.98,92.84
1758,4.07,3.9,27.2,98.1,32.57,63.44
596,4.01,4.77,28.1,53.9,44.09,86.54
306,3.92,1.21,20.2,42.1,46.09,94.28
444,3.73,3.13,48.4,48.3,45.1,88.69
149,3.95,4.19,37.7,35.9,48.91,95.46
1650,4.01,0.95,39.5,93.4,33.8,64.76
1533,3.5,3.7,31.7,86.7,34.79,68.24
1187,3.21,1.07,34.3,79.7,38.99,73.74
1702,3.88,4.65,35.5,100.0,33.11,64.82
1065,3.29,1.68,20.8,75.4,40.08,80.29
786,3.33,1.29,48.5,62.9,41.38,81.23
1159,4.0,2.8,49.6,76.6,37.49,74.83
1039,3.96,4.2,40.4,71.7,40.48,76.66
553,3.54,1.84,34.1,47.7,44.66,88.8
796,3.25,1.5,38.9,56.9,42.36,82.69
1864,3.74,1.03,30.6,106.2,31.09,61.75
1646,3.22,2.24,25.9,99.2,33.45,65.54
37,4.13,4.89,27.5,35.1,49.48,97.27
826,3.56,1.2,32.7,61.6,41.01,81.77
1805,3.49,2.16,46.1,100.8,32.62,61.56
267,3.8,4.01,37.5,36.0,47.98,92.01
1692,3.9,3.06,26.5,96.2,32.27,67.55
1667,3.54,3.73,43.4,98.0,32.41,63.96
57,3.43,2.0,47.2,28.0,49.08,94.31
1479,3.87,4.45,26.4,84.4,35.6,68.7
683,3.34,4.9,28.9,54.8,42.69,87.44
1339,3.48,3.61,38.7,83.0,37.56,69.77
860,3.38,1.87,39.1,64.6,40.9,82.52
1144,4.08,4.22,22.0,74.7,37.84,76.05
1566,3.68,4.98,35.1,91.2,33.42,65.54
366,3.83,1.43,29.8,44.0,45.43,93.4
1345,3.58,3.56,29.4,80.1,37.17,72.02
188,3.75,4.1,28.5,37.4,48.27,94.62
295,4.06,0.95,31.3,40.2,47.37,93.3
1547,3.5,1.54,33.9,90.4,35.45,69.38
250,3.56,4.89,42.4,37.0,48.05,92.95
969,4.07,2.67,38.0,63.8,39.44,79.77
1934,3.76,4.92,45.6,109.3,31.3,56.32
867,3.71,1.17,42.2,66.9,42.31,81.75
1436,3.51,3.41,40.6,84.1,36.15,66.96
629,3.28,0.83,31.8,55.6,43.4,85.44
1745,3.36,3.5,31.9,97.4,33.51,66.0
220,3.68,4.08,48.8,37.1,47.41,90.34
1715,3.3,1.58,26.1,99.2,33.72,66.64
464,3.96,3.59,27.9,43.9,44.54,91.39
872,3.66,1.06,40.4,60.7,41.92,78.96
1355,3.88,2.41,25.5,85.3,36.67,73.64
1267,4.13,1.27,20.4,83.2,37.15,76.06
926,3.68,1.86,37.0,63.6,39.77,79.06
1615,3.91,4.25,49.3,99.3,34.31,65.2
1789,3.64,2.85,25.1,100.8,31.64,62.43
1072,3.44,2.3,35.3,76.4,39.31,75.65
768,3.56,3.25,39.5,65.2,42.95,82.04
1364,3.53,1.38,33.6,81.0,37.24,70.04
1959,3.41,4.51,45.2,107.2,30.35,59.02
714,3.24,1.96,29.1,56.3,42.03,86.68
1914,3.88,3.95,26.5,103.8,30.18,62.46
1045,3.26,2.78,42.0,67.4,39.22,76.46
1044,4.06,1.05,47.0,74.2,40.17,74.36
1298,3.91,2.9,45.3,80.9,37.73,71.8
499,3.93,3.09,44.2,47.2,44.43,89.06
37,4.12,1.0,25.3,27.2,50.22,97.54
592,3.94,3.63,49.0,55.5,44.13,83.71
767,3.68,2.31,22.9,57.1,43.18,83.19
424,3.37,4.26,46.9,48.6,45.54,89.58
29,4.16,3.37,21.7,34.2,48.76,98.96
803,3.98,2.13,23.8,59.7,41.31,85.32
1163,3.55,2.03,31.1,73.3,37.88,76.4
1816,3.81,1.58,25.0,102.6,32.8,65.4
632,4.05,1.63,24.4,55.0,44.17,86.27
1762,3.49,3.87,30.3,101.0,32.58,63.98
358,3.37,2.36,22.1,48.0,45.82,94.13
1781,3.72,1.68,33.8,105.5,33.08,62.05
633,3.21,0.52,31.0,55.9,43.42,85.36
1422,3.63,3.44,49.7,91.7,35.67,66.99
1732,3.72,1.84,30.0,102.0,33.1,66.36
703,3.32,4.77,44.7,59.5,43.02,83.03
1856,3.41,1.13,38.5,102.5,30.68,62.49
34,3.97,2.91,30.9,28.7,49.93,97.85
708,3.49,4.51,46.4,62.7,42.15,83.06
23,4.19,3.14,44.3,35.2,49.56,97.82
271,3.36,1.61,26.5,44.2,47.89,96.01
1926,3.28,2.25,24.3,107.8,31.73,60.98
1279,3.62,2.56,37.8,85.9,38.11,72.67
1360,3.69,1.78,29.8,86.3,36.59,70.41
691,3.33,0.8,34.6,60.9,42.24,86.42
103,3.3,1.13,39.0,31.8,49.71,96.42
1183,3.69,3.37,44.0,74.6,38.25,75.04
1860,3.5,3.65,25.5,105.6,31.35,62.75
358,3.79,2.41,47.1,48.9,47.2,90.49
492,3.96,1.73,38.0,53.1,45.24,86.74
665,4.2,0.95,23.3,56.2,44.2,85.1
1729,3.96,3.07,34.3,97.8,32.86,63.62
1885,3.49,1.12,34.3,105.7,30.58,61.22
1424,3.91,4.83,43.6,84.6,36.59,70.72
1402,3.9,3.47,45.2,87.0,36.49,67.04
1968,3.78,1.96,32.0,105.0,30.45,60.36
1305,3.74,3.78,23.9,79.0,36.5,72.8
759,4.0,2.57,26.4,64.4,41.74,86.47
1539,3.41,2.84,49.5,91.0,33.72,64.55
702,4.04,1.01,48.8,59.0,43.68,82.57
679,3.76,0.85,49.2,61.2,42.26,82.76
1623,3.6,4.83,21.9,96.9,34.76,66.26
823,3.77,3.28,32.2,62.9,41.9,82.5
302,3.95,3.14,29.4,37.6,46.75,94.87
1167,3.48,4.07,27.3,74.3,39.29,75.68
9,3.27,4.89,44.2,27.5,49.86,98.19
1749,3.68,3.12,42.4,102.6,33.19,61.89
157,3.83,1.17,41.7,37.2,48.19,93.86
1468,4.11,3.37,29.9,93.5,36.32,69.99
1944,3.69,3.75,44.3,109.4,29.57,56.68
1099,4.04,4.45,24.6,75.4,38.85,78.28
1801,3.71,1.04,29.3,105.3,31.99,62.84
1404,3.75,3.75,31.1,84.8,35.52,70.64
125,3.81,0.52,33.0,33.8,49.54,97.47
809,4.15,3.59,30.8,66.7,41.82,84.89
590,3.72,4.1,44.6,57.9,43.86,84.32
379,3.85,4.68,22.2,49.1,46.07,93.86
1833,3.69,3.42,25.5,106.8,31.4,64.55
1426,3.29,4.18,39.8,85.5,35.55,70.22
797,3.47,4.44,21.8,58.6,42.59,85.26
354,3.86,4.36,32.5,39.2,47.01,93.39
729,3.86,2.77,42.6,60.4,42.33,81.15
435,4.03,3.07,30.0,48.3,45.31,91.05
1423,3.56,2.89,21.5,82.5,35.74,72.15
1568,3.24,1.05,32.6,97.0,34.33,67.19
601,4.14,0.59,43.4,49.7,44.19,84.09
1605,3.77,3.62,37.1,91.4,34.62,65.67
748,3.22,2.73,25.6,55.8,42.56,83.58
1915,3.4,1.81,27.2,111.1,31.51,63.05
618,3.4,1.41,48.1,54.3,43.97,82.51
1115,3.46,2.32,44.1,71.2,39.13,75.8
352,3.71,1.12,30.6,39.6,46.77,93.9
389,3.85,3.67,28.4,44.8,45.59,93.15
206,3.36,2.17,28.0,38.9,47.47,94.12
1082,4.17,2.66,28.7,69.4,38.67,76.24
1912,4.01,4.12,35.4,104.4,30.19,59.71
53,4.15,2.55,48.8,30.8,48.69,93.5
1512,3.9,3.75,31.6,87.8,34.84,68.08
1814,3.26,2.55,24.0,102.0,32.44,63.94
78,3.24,2.83,41.2,32.0,48.96,97.72
896,3.44,2.06,35.9,69.6,41.7,80.77
997,4.03,1.34,22.7,69.3,39.53,82.15
1224,3.71,1.64,24.0,77.3,36.93,75.97
1501,3.22,4.48,48.3,90.6,34.86,65.08
82,3.55,0.63,47.6,29.4,48.48,93.63
844,3.67,1.1,24.7,66.0,42.05,82.37
573,3.69,0.95,36.9,53.4,43.3,85.03
1423,3.4,2.48,34.2,88.7,36.71,68.37
582,3.25,4.78,22.1,54.8,43.44,87.61
1014,3.55,2.31,31.3,74.9,39.64,78.94
1628,3.69,4.02,34.8,90.8,33.24,66.56
1157,3.86,3.72,22.2,74.7,38.57,79.16
1189,3.33,1.66,20.7,72.7,38.56,76.03
1213,3.78,1.27,41.1,75.6,37.48,74.42
469,3.72,3.08,39.6,46.2,44.7,90.21
1480,3.39,3.43,23.7,86.6,34.75,70.83
151,3.45,1.44,37.5,33.1,48.44,96.6
1329,3.3,3.89,46.1,79.4,37.64,71.38
1473,4.2,3.11,33.1,93.7,34.29,67.82
704,4.04,1.08,24.5,60.6,42.63,84.8
809,3.88,4.2,35.2,60.0,41.78,80.37
1355,3.58,3.57,38.0,79.9,36.64,72.74
449,4.02,4.65,42.1,45.9,46.04,88.98
1398,3.45,3.95,34.1,88.8,35.37,70.16
964,3.46,3.58,46.7,69.5,40.24,76.05
522,3.83,4.4,49.2,55.2,44.66,86.71
1012,3.28,1.07,24.1,69.9,40.0,78.54
309,3.72,4.67,24.8,39.4,47.91,94.13
220,3.47,2.65,46.0,41.0,47.12,94.21
935,3.31,1.6,26.8,64.0,40.76,81.03
37,3.57,3.66,41.6,31.8,50.42,97.12
518,4.18,1.3,37.0,54.2,45.07,88.71
1305,3.71,4.76,39.1,81.0,36.38,72.17
93,4.09,3.64,45.6,32.6,48.46,94.13
218,3.42,2.63,26.6,40.1,47.21,93.47
1581,3.38,4.35,42.3,94.8,33.64,64.75
1351,3.97,0.74,25.5,86.4,36.39,71.82
626,3.7,2.79,43.6,54.9,44.01,83.78
944,3.36,4.93,35.8,63.1,39.81,78.14
1224,3.23,2.76,29.4,79.5,38.31,75.03
617,4.16,3.5,34.4,51.5,43.16,88.13
1839,3.52,3.95,30.4,99.5,30.91,60.67
388,4.06,0.91,35.6,45.2,46.13,92.37
792,4.08,3.75,29.9,64.3,41.94,81.78
1850,3.48,2.49,27.1,101.7,31.94,64.39
711,3.9,4.43,29.4,56.1,43.84,83.7
1121,4.14,3.61,44.7,75.6,39.32,74.57
1321,3.64,0.64,20.5,86.4,36.91,73.89
405,3.41,0.99,33.8,41.4,45.51,90.9
587,4.14,1.78,20.9,58.2,43.16,90.56
197,4.19,2.76,30.6,36.2,47.94,93.37
1292,3.54,2.99,24.6,86.3,36.16,73.83
961,3.95,3.83,28.3,68.3,39.61,81.33
1112,3.7,4.2,49.1,77.7,39.87,74.64
998,3.69,3.77,30.3,67.0,40.14,78.12
1193,3.73,1.63,25.8,75.5,38.11,77.06
342,4.12,1.28,22.3,48.2,47.13,92.77
951,3.68,1.96,44.6,68.1,40.43,79.54
829,3.38,1.37,25.6,66.3,41.14,83.27
399,3.32,2.71,26.7,50.3,45.29,92.46
1373,3.76,1.57,30.9,87.6,36.16,71.06
1109,4.18,1.71,38.3,76.4,38.33,73.88
1420,3.41,2.51,27.3,91.3,36.68,70.64
1726,3.33,4.03,44.9,97.7,33.2,61.74
1081,3.39,2.53,23.9,72.7,38.6,79.29
1029,3.25,1.92,37.0,66.4,40.41,76.7
1182,3.39,3.29,35.1,74.1,37.77,73.18
613,4.18,3.74,33.2,53.1,42.95,88.0
679,4.15,0.6,28.3,59.2,44.07,87.13
1942,4.11,2.42,24.2,109.4,30.69,62.99
113,4.12,4.27,29.1,36.4,48.26,96.09
255,3.74,0.75,24.5,40.1,47.78,93.42
879,3.38,0.51,32.5,64.7,40.76,79.97
33,4.08,3.62,21.9,36.1,48.77,100.0
1284,3.68,0.61,20.7,82.4,38.08,74.31
369,3.73,1.14,45.4,42.4,46.49,89.31
1217,4.06,4.88,30.7,82.9,38.81,75.59
1660,3.99,0.51,31.7,100.9,33.46,64.6
1860,4.08,0.94,45.2,103.3,31.44,60.25
1170,3.2,0.57,47.2,78.4,38.52,73.25
565,3.31,1.12,31.0,57.1,44.63,88.35
1638,4.12,1.34,35.6,90.9,32.62,67.03
162,4.08,2.15,25.9,38.3,48.28,98.23
263,4.11,3.15,44.5,43.6,46.74,91.15
972,3.31,0.83,49.7,67.1,39.59,77.14
1055,3.36,1.22,21.6,73.1,39.45,80.87
84,3.7,4.57,45.9,28.8,48.49,93.97
59,4.14,1.77,20.9,35.4,50.01,98.88
871,3.8,4.94,28.6,68.1,41.89,82.48
268,3.39,4.1,33.3,39.8,46.9,94.25
14,4.01,4.36,32.0,31.5,49.63,100.0
789,3.29,3.39,32.4,62.8,42.47,84.42
1652,4.03,2.51,30.1,97.0,33.77,65.85
78,3.45,0.82,29.0,28.9,48.33,96.21
1817,4.05,0.95,23.0,105.2,31.59,63.13
803,3.75,2.16,38.0,59.5,42.48,81.58
1007,4.05,4.86,28.0,74.5,40.21,81.11
42,4.13,3.77,29.5,36.5,49.46,100.0
483,4.08,4.54,46.6,45.4,45.26,87.09
85,3.79,0.69,32.1,33.2,49.95,96.5
996,3.98,3.2,43.1,74.0,39.47,75.74
587,3.27,1.18,44.5,50.9,44.82,83.47
1251,3.91,0.62,29.6,83.1,37.48,74.46
259,4.08,4.57,29.9,44.5,48.09,93.49
1355,3.99,2.56,22.6,89.1,37.17,72.26
457,3.36,2.91,27.4,43.8,45.24,90.77
905,4.19,1.03,46.8,62.4,41.85,78.02
1333,3.43,2.06,25.7,85.3,35.88,73.8
1018,3.78,4.29,48.1,70.5,40.08,77.56
820,3.63,3.86,23.0,59.3,42.12,85.04
948,3.79,0.81,35.1,63.6,41.29,77.85
1392,3.46,3.46,45.4,81.9,36.76,70.25
1825,3.37,0.58,27.3,105.2,32.54,61.74
1001,3.88,2.51,37.2,71.6,40.44,78.35
1248,3.63,1.13,42.3,80.6,37.79,73.71
1866,3.74,1.27,23.1,107.8,30.83,64.68
1391,3.28,3.77,25.3,85.6,36.5,71.2
1518,3.73,2.15,25.7,93.3,34.64,68.71
1692,3.62,3.42,38.2,102.4,32.76,65.96
199,3.44,1.78,22.6,33.7,47.24,97.49
1898,3.33,1.27,28.1,110.8,30.36,62.81
1398,3.73,2.13,26.4,90.0,36.09,71.95
1924,3.84,3.65,36.7,111.1,31.61,58.1
150,4.01,2.21,42.6,39.9,48.82,93.65
1424,3.83,0.91,36.6,82.2,36.42,68.8
1210,3.65,4.06,40.2,77.5,37.75,72.25
1890,4.07,4.94,42.9,109.4,30.58,59.41
1958,3.96,2.88,32.8,109.2,30.17,58.58
1199,3.32,2.4,24.2,79.8,37.66,76.09
1430,4.02,4.74,46.2,89.5,35.85,68.95
1989,3.56,2.02,27.1,104.9,29.72,59.52
1285,3.86,3.96,24.8,84.9,37.38,74.48
1865,3.88,4.81,41.7,105.7,31.72,62.12
1050,3.45,4.18,22.0,67.2,39.87,77.49
919,3.68,2.28,43.0,68.2,41.67,77.39
1466,3.58,1.58,27.3,85.6,35.51,70.3
988,3.91,3.63,45.9,71.7,40.38,78.84
1334,3.42,4.05,32.5,86.7,36.83,71.46
78,3.66,3.57,21.3,33.6,48.3,100.0
1608,4.08,0.97,41.1,93.4,34.83,63.73
762,3.45,2.46,47.5,57.7,42.13,81.96
217,3.94,2.11,46.5,40.2,48.82,92.63
1657,4.15,1.73,21.6,95.2,34.23,68.08
1970,3.36,3.35,24.8,112.0,30.21,58.87
554,3.59,1.1,48.5,49.2,44.79,86.8
1872,3.21,3.39,39.7,101.2,31.58,59.81
1401,3.64,1.46,35.2,84.9,36.37,69.4
236,3.78,4.1,30.8,42.3,46.77,96.16
1445,3.67,1.67,39.9,89.2,35.29,69.3
890,3.81,4.26,46.0,63.3,40.7,79.49
1166,3.49,1.23,30.4,74.2,37.55,76.71
839,3.97,2.0,32.7,68.3,40.76,80.12
435,3.75,1.33,39.3,46.7,45.24,87.59
215,3.98,3.51,46.5,40.1,47.28,93.09
672,3.47,3.03,46.1,52.0,42.89,84.25
965,3.23,2.32,26.7,72.7,39.35,80.78
49,3.39,2.76,30.1,35.0,49.78,97.46
966,3.23,2.25,27.4,63.7,41.16,81.58
1592,4.02,3.51,22.4,93.9,34.66,66.6
259,3.89,2.24,40.6,44.5,48.08,94.16
1265,3.34,2.08,43.3,79.3,37.58,73.11
888,3.56,2.79,28.9,70.4,40.59,79.81
1412,3.96,1.97,30.6,88.6,35.45,72.67
1247,3.92,1.71,22.0,83.9,38.25,73.92
1145,3.82,2.03,48.8,78.9,39.15,74.31
883,3.42,0.53,46.9,64.1,41.44,77.96
1238,4.11,3.34,38.3,82.5,36.99,74.17
722,3.27,1.31,20.6,56.9,42.78,84.96
1208,3.55,3.51,34.4,75.3,38.71,74.42
85,3.3,3.27,20.6,35.3,49.13,97.73
1659,3.26,2.45,35.9,92.6,33.34,65.45
703,3.22,4.33,27.7,59.1,43.46,84.41
302,3.91,1.91,20.8,42.3,46.19,95.97
1490,4.15,1.88,44.1,84.6,34.69,68.73
343,3.31,2.23,49.1,47.7,45.88,87.8
80,3.2,1.54,42.3,33.9,49.88,95.5
1955,3.39,1.67,36.2,112.1,30.48,57.26
1890,3.96,2.45,48.4,109.9,30.98,59.17
1497,3.79,2.61,43.8,89.1,35.25,66.83
1645,3.83,3.52,38.5,100.0,33.59,64.58
1846,3.6,3.82,48.9,106.5,32.4,61.35
524,3.62,1.47,26.9,46.2,44.14,89.49
1222,3.88,4.34,48.1,83.0,37.61,73.32
1266,3.96,1.69,44.5,82.5,38.1,72.89
1334,4.13,0.54,28.9,85.9,36.62,72.27
581,3.36,2.06,26.6,56.0,43.56,88.4
32,4.1,4.03,35.0,30.5,50.22,96.34
1847,3.55,0.86,31.9,105.7,31.09,60.13
623,3.42,0.73,25.1,55.9,44.77,86.53
1301,4.17,3.39,29.7,82.0,37.5,73.31
1772,3.47,4.06,34.6,101.2,32.26,61.28
1869,4.13,4.01,46.1,107.0,30.46,59.71
1498,3.69,2.7,39.9,92.4,34.15,68.02
796,3.99,0.62,24.7,66.5,42.07,85.8
529,3.82,4.17,21.0,55.8,45.16,91.22
751,3.87,3.54,47.2,61.6,43.08,81.65
355,3.94,1.87,44.4,41.4,46.03,89.83
1076,4.14,4.03,22.2,70.4,38.64,77.98
964,3.73,0.55,21.1,67.7,40.2,81.04
482,3.63,1.75,47.6,49.6,45.99,88.85
1545,3.89,1.47,44.9,90.4,35.18,66.59
1636,3.62,2.37,44.3,99.4,33.62,65.67
69,3.65,4.87,35.4,35.6,48.37,97.1
1634,3.27,1.11,49.0,92.1,33.07,64.21
996,3.24,1.02,29.7,69.0,39.51,79.8
1178,3.94,2.74,20.8,73.6,37.37,77.32
1028,3.57,1.65,28.9,75.8,40.4,78.58
360,3.86,0.98,42.4,45.4,46.35,88.33
1008,3.31,2.11,30.5,71.9,38.99,79.15
1619,3.83,3.64,36.6,92.8,34.4,64.16
367,3.52,3.91,47.2,41.0,45.49,90.07
825,3.84,0.88,34.6,58.6,41.26,83.69
953,4.03,4.17,36.2,68.7,40.25,79.67
1258,3.28,4.7,47.4,79.0,38.42,71.79
1266,3.93,0.67,48.2,80.4,38.06,71.39
1957,3.6,3.5,45.5,106.5,31.31,57.98
1945,3.55,2.15,21.5,104.6,31.46,59.68
185,4.15,4.67,31.1,33.4,48.25,95.6
282,3.71,1.9,29.1,36.7,46.2,95.6
1876,3.4,2.2,40.6,102.3,30.74,59.18
1682,3.59,3.42,27.8,94.9,32.46,64.76
1252,3.76,1.34,36.0,81.0,36.65,72.96
587,3.61,3.58,33.4,55.5,43.87,86.16
726,4.0,2.68,46.7,56.3,43.38,81.71
1927,3.98,3.72,22.9,105.2,31.59,59.89
1550,3.49,2.74,33.0,88.8,34.58,66.52
780,3.76,4.4,28.6,57.1,43.11,82.44
1634,3.77,3.22,38.8,96.0,32.9,66.58
1436,3.89,4.53,42.8,92.4,35.45,68.78
1979,4.11,1.72,43.5,107.0,30.93,57.65
601,3.4,3.02,47.9,51.9,44.82,86.18
1494,3.36,2.01,32.1,92.2,35.84,67.37
562,3.77,4.7,29.7,48.6,45.29,87.09
1479,3.35,4.24,27.7,91.9,35.91,68.59
1730,4.16,1.39,26.9,97.9,33.39,65.97
1909,3.46,3.15,34.2,107.1,31.29,61.61
1413,4.19,5.0,32.4,89.0,36.13,68.85
1446,3.77,3.33,40.0,90.4,36.32,67.92
1293,4.03,1.08,34.3,79.4,37.57,72.29
936,3.29,4.19,45.0,69.0,40.57,76.67
1848,3.56,3.33,27.2,101.6,32.28,61.41
1042,4.07,2.76,42.9,72.7,39.12,74.88
43,3.98,2.93,27.7,33.2,49.14,100.0
1670,3.71,4.96,45.7,98.2,32.83,64.49
1041,3.93,0.7,30.8,75.4,39.09,76.92
597,4.09,4.33,48.2,54.9,43.27,83.15
774,3.34,2.88,35.9,59.4,42.53,82.13
1265,3.56,4.58,36.6,80.6,36.86,72.6
383,3.81,4.46,26.4,43.5,45.52,92.47
2,4.03,3.92,41.5,25.2,50.79,97.6
684,3.88,3.09,34.9,55.9,44.01,85.08
351,3.73,4.67,31.5,42.0,45.63,90.16
812,3.62,1.97,28.7,63.7,41.06,83.94
1930,3.47,3.61,28.0,110.2,31.65,61.68
904,3.52,2.26,42.8,61.3,41.27,78.23
1659,3.53,4.66,46.4,93.2,34.02,64.24
241,3.32,4.78,25.7,44.5,48.47,93.87
180,3.58,2.5,23.6,40.8,47.49,98.48
1271,3.84,3.03,39.5,82.3,37.89,73.24
579,3.83,4.0,31.9,55.7,44.2,89.25
664,3.66,1.09,35.6,55.1,42.94,83.77
664,4.19,2.64,44.9,55.5,43.92,82.25
429,3.38,1.63,49.4,45.0,45.36,88.33
1941,4.08,1.09,29.2,109.0,29.61,60.34
75,3.92,4.35,46.9,28.1,48.33,94.07
708,3.51,3.91,40.1,60.9,42.11,85.47
476,3.21,4.5,20.2,49.3,45.49,90.83
213,4.14,3.73,24.4,34.2,48.01,97.29
684,3.27,0.9,46.0,58.6,42.56,81.62
1689,3.93,2.46,46.1,93.7,32.49,61.36
85,3.93,2.02,29.2,37.8,48.48,97.09
1798,3.27,1.99,30.2,105.1,31.17,64.34
1603,4.01,3.05,47.1,90.5,34.9,65.96
241,3.72,1.72,28.3,39.5,48.03,93.07
1511,3.94,3.66,46.6,91.5,34.38,68.43
1631,4.17,1.04,49.2,95.0,34.41,62.4
1597,4.19,3.8,29.1,89.5,34.6,67.78
212,4.04,2.86,44.4,37.6,46.88,94.17
166,4.0,3.06,39.9,34.3,48.81,96.43
1358,3.78,4.42,27.2,84.5,35.49,72.55
1899,3.95,2.11,44.5,103.4,30.46,58.2
1119,3.56,4.58,49.0,78.0,39.61,75.21
663,3.61,2.98,37.3,59.9,43.07,83.77
1491,3.62,0.84,20.2,94.0,34.4,72.57
561,3.47,0.91,28.2,56.6,43.58,88.58
1481,4.17,2.41,28.8,93.0,35.95,71.21
1562,4.12,4.7,20.9,93.6,33.71,69.48
529,4.18,2.53,48.3,54.8,44.19,86.47
779,3.65,1.24,21.0,62.2,41.3,85.06
1963,3.24,0.74,33.8,105.6,29.37,60.49
1087,3.41,3.01,42.9,77.9,38.41,73.82
1547,3.61,3.93,27.2,89.2,34.08,70.17
205,3.91,1.03,44.7,38.4,47.28,94.72
1652,4.12,3.61,24.2,95.1,34.42,66.38
510,3.41,3.11,31.7,51.9,45.11,89.89
878,4.18,2.25,21.6,69.1,41.7,82.36
1711,3.55,3.42,22.8,94.5,33.0,67.29
1048,3.76,3.7,48.4,68.4,40.43,74.94
1570,3.75,1.7,45.0,88.5,33.73,63.87
1100,3.84,1.01,21.2,72.3,39.8,79.08
1888,3.4,2.52,33.9,106.5,30.86,62.78
1868,4.08,4.15,25.0,106.6,30.61,61.06
193,3.96,1.73,45.0,38.4,48.52,91.37
677,3.77,2.1,31.4,60.7,42.69,84.39
1032,4.05,4.92,42.4,70.2,40.46,76.49
1592,3.77,4.76,34.1,89.6,33.81,68.15
1055,3.26,2.06,41.6,70.4,40.35,76.42
1646,3.36,1.28,42.3,99.5,34.22,63.85
152,4.05,3.42,25.0,38.5,49.11,97.13
1342,3.5,4.89,44.1,87.3,36.89,69.94
560,3.6,3.47,23.8,52.4,45.23,88.64
1433,3.43,4.33,25.9,91.2,36.02,73.17
484,3.9,2.31,25.1,51.7,44.4,88.49
450,3.52,0.93,42.4,46.1,45.05,86.64
725,4.05,4.79,31.6,62.7,43.32,82.99
1547,3.29,2.45,30.2,87.0,35.0,66.39
1371,3.42,1.33,49.7,82.5,36.37,70.51
863,3.81,4.77,36.8,61.6,41.65,82.26
1973,3.36,3.26,45.9,108.0,29.4,57.61
537,4.03,3.43,26.3,46.8,45.37,88.19
411,4.04,2.82,20.9,47.1,45.45,90.69
950,3.3,0.6,45.9,67.0,41.4,76.3
192,3.86,2.84,31.3,34.7,48.84,94.51
108,3.65,0.9,25.4,34.6,48.87,97.58
986,4.01,4.4,29.2,70.1,40.0,80.29
454,3.52,4.07,29.2,51.5,45.26,91.06
1602,3.99,4.76,49.0,92.9,33.82,63.6
1271,3.64,1.91,44.4,78.8,37.82,71.15
711,4.19,2.76,35.8,59.1,42.73,83.06
1928,3.5,3.74,35.1,106.6,31.65,60.54
1768,4.06,1.43,46.9,96.6,33.04,62.96
1344,3.51,2.18,25.5,85.1,37.12,73.61
1809,4.09,3.04,47.1,100.7,32.49,62.26
756,3.9,4.89,43.7,58.5,43.34,81.22
516,3.93,1.47,41.3,49.1,45.76,86.35
1720,4.15,1.34,49.4,99.2,32.85,63.15
830,3.28,4.51,45.4,59.1,42.59,78.73
1365,4.06,3.33,29.3,87.2,36.81,71.53
317,4.16,1.93,46.4,47.2,46.01,90.43
1291,3.67,1.1,40.6,85.5,37.28,70.91
1228,3.33,4.05,50.0,75.8,37.46,72.39
471,3.98,0.54,27.0,50.5,45.77,88.36
964,3.81,1.66,39.9,71.7,40.96,80.01
1113,3.32,3.1,34.6,71.2,37.88,75.38
220,3.75,3.16,25.9,35.1,47.97,94.48
1959,4.05,1.13,28.4,107.0,30.65,61.66
159,3.97,2.31,44.1,36.5,48.45,95.2
873,4.1,4.9,35.3,69.4,41.58,79.99
1538,3.44,1.04,38.2,93.3,34.48,66.89
887,3.84,1.24,43.3,65.5,42.05,80.76
1874,3.3,3.92,37.5,105.8,31.28,58.66
1323,4.03,1.49,47.1,79.2,36.73,68.91
1038,3.53,3.86,47.4,72.0,40.17,75.08
1671,3.51,4.91,48.0,94.3,33.85,62.37
1129,3.84,1.45,22.8,76.5,39.28,78.12
1567,3.69,1.43,44.0,95.9,34.06,64.53
332,3.45,4.5,28.4,45.4,46.49,92.71
461,3.49,4.52,30.5,47.3,45.79,90.41
1758,4.02,4.45,39.9,100.6,33.26,60.77
325,4.15,4.28,26.4,46.2,47.27,93.61
1916,4.15,3.83,25.2,105.2,30.77,62.57
717,3.5,2.7,28.6,54.8,42.61,85.35
1094,3.63,2.52,32.1,77.0,38.53,75.92
790,3.68,1.46,26.4,65.9,42.53,84.33
630,3.92,1.63,40.3,58.9,44.08,85.44
884,3.48,4.2,32.1,62.8,41.35,81.36
1117,4.12,4.29,26.9,78.8,38.31,76.52
1633,3.62,2.31,39.7,94.5,33.57,66.55
461,4.17,4.93,48.6,45.2,45.66,88.82
431,4.15,3.38,48.6,48.7,46.62,88.46
1414,3.68,1.69,26.7,83.4,35.67,71.78
1838,4.04,3.12,38.0,102.8,30.88,61.49
680,3.84,2.56,22.8,60.7,43.02,86.91
980,3.77,4.83,34.4,73.8,40.34,79.38
1454,3.51,3.94,48.6,87.4,36.41,66.24
1112,3.76,3.36,44.4,73.4,39.71,74.37
1011,3.42,3.13,29.4,68.4,39.71,78.68
1774,3.67,1.01,34.5,100.7,32.55,61.92
409,3.97,1.37,33.4,43.5,46.3,89.78
1874,3.65,2.51,49.8,106.9,31.81,59.24
655,4.14,3.53,37.4,55.9,42.62,83.35
177,3.6,3.36,36.8,40.4,48.9,94.82
669,3.3,3.83,43.2,59.6,43.86,84.01
1082,3.26,2.4,42.8,70.4,39.67,75.33
1962,3.53,2.85,33.0,107.2,29.68,60.9
282,4.11,2.93,21.9,44.0,47.97,94.36
165,4.0,1.35,22.1,36.3,47.91,98.66
467,3.45,1.82,30.3,49.9,45.9,89.58
259,3.8,3.19,22.3,38.0,46.72,94.28
1234,3.41,3.05,26.6,75.7,36.68,76.9
1707,3.64,2.81,41.7,100.5,32.85,64.96
601,3.31,1.41,49.6,58.0,44.53,84.48
747,3.51,0.86,49.4,56.9,41.53,79.99
1623,3.93,2.38,34.1,93.4,33.71,65.47
1040,3.3,4.85,31.4,67.0,40.35,76.63
1708,3.29,1.96,35.2,101.7,33.13,65.44
149,3.43,4.52,33.4,34.8,49.45,95.94
1499,3.89,3.56,49.3,87.4,34.21,67.93
1335,3.42,3.71,31.8,84.9,36.91,72.78
610,4.02,0.96,25.9,55.9,42.91,86.66
172,3.97,2.45,25.5,39.9,47.67,94.89
872,4.07,5.0,39.1,60.2,40.85,78.97
192,3.42,1.73,26.3,34.7,48.15,95.22
415,3.29,4.57,22.9,41.7,46.23,91.49
30,3.34,0.72,35.4,28.6,48.73,97.33
1818,4.14,4.78,22.1,106.3,30.88,62.88
1857,3.39,3.51,34.1,105.6,32.39,61.01
1201,3.46,3.1,22.9,77.3,37.12,74.55
904,3.82,2.77,48.1,67.9,39.96,77.56
786,3.37,1.05,30.0,61.4,42.01,82.75
1306,4.0,4.06,39.9,84.1,37.24,72.85
1813,3.72,4.28,49.8,99.2,32.1,59.91
1385,3.79,4.08,48.1,80.5,35.28,67.23
215,3.78,3.71,24.6,37.6,47.38,96.23
640,3.67,3.97,33.4,59.0,43.48,84.87
1152,3.98,3.77,25.3,72.9,39.0,75.21
1248,3.78,2.27,42.1,83.6,37.49,73.55
1189,3.66,1.27,43.6,74.4,38.23,74.47
889,3.63,2.48,48.7,70.5,40.96,77.63
576,3.81,4.64,48.8,50.3,43.65,85.08
1442,3.3,0.54,22.0,83.5,36.21,72.99
312,3.93,2.17,25.7,46.3,46.94,92.33
1130,3.55,2.21,48.8,77.1,39.2,74.11
722,4.1,3.67,34.6,63.6,42.02,85.68
1783,3.96,3.98,46.4,100.9,31.42,60.0
440,3.82,2.35,26.9,46.3,45.75,89.84
1211,4.08,1.17,39.2,76.9,36.95,71.89
462,3.27,3.59,44.4,44.3,45.88,89.23
294,3.95,3.64,22.4,45.5,46.84,95.97
1891,3.78,5.0,36.7,108.4,30.33,61.34
147,3.68,3.3,30.2,31.8,48.74,96.46
1447,3.91,0.98,26.5,85.8,36.08,70.42
166,3.74,4.27,49.9,34.5,47.78,90.99
8,3.61,2.59,27.7,30.5,49.01,98.38
1771,3.3,1.3,37.4,103.7,32.42,63.94
972,3.46,3.41,24.8,72.1,39.54,80.93
1238,4.16,4.17,29.0,83.8,37.22,75.63
1293,3.89,0.73,50.0,84.1,37.18,71.15
1981,3.23,1.85,41.1,104.7,29.24,59.41
1270,3.63,3.32,40.3,76.8,37.3,73.48
1228,3.89,1.15,20.4,80.8,37.17,77.97
406,3.42,0.88,31.9,45.0,46.52,92.25
821,3.29,2.15,37.5,63.5,41.08,82.38
1079,4.04,4.56,41.0,70.2,38.58,74.78
582,3.64,2.31,31.5,48.9,44.83,88.85
862,4.19,3.88,22.2,63.9,41.07,82.44
1220,4.14,2.99,24.4,79.3,38.14,74.43
834,3.89,3.15,21.5,67.5,40.7,85.39
310,3.23,3.09,29.0,45.6,46.32,92.28
1076,4.13,1.43,42.8,71.1,39.71,74.12
1424,3.21,0.51,47.3,88.8,35.42,68.98
137,4.05,0.93,31.2,34.5,47.74,96.12
990,3.5,3.73,45.5,66.1,40.0,77.66
730,3.47,2.11,38.0,55.7,41.99,83.48
1495,3.38,1.98,38.9,91.6,34.54,68.34
350,3.85,4.88,31.9,48.2,46.62,92.77
1521,4.01,1.08,46.6,93.8,34.84,64.78
1899,4.02,2.64,36.6,103.8,30.19,60.5
1861,3.67,0.9,33.8,102.5,32.23,63.06
41,4.0,3.86,48.5,33.1,49.55,96.72
1318,3.9,1.79,35.6,82.8,37.53,71.48
1488,3.93,1.84,40.9,93.0,34.23,69.59
1591,3.52,4.43,38.5,97.4,34.87,67.19
157,3.98,2.46,29.9,40.7,47.53,97.12
63,3.39,1.92,47.5,28.0,50.24,93.56
541,3.4,0.66,34.0,50.2,44.62,88.48
1105,4.1,2.2,25.0,77.2,38.98,78.22
1443,4.18,0.54,41.0,89.9,34.77,69.07
19,4.04,4.14,24.3,27.5,50.49,100.0
1723,4.15,1.01,41.3,98.1,31.87,62.9
1132,4.19,1.09,29.4,77.5,38.71,78.34
1531,3.22,2.77,37.5,88.1,35.39,66.37
879,3.7,2.18,28.5,66.4,40.72,80.09
931,3.52,2.36,32.3,62.7,40.74,82.09
1904,4.06,1.46,24.4,108.7,30.43,62.39
1745,4.02,0.83,48.0,103.7,33.53,61.27
203,3.25,2.25,29.9,38.6,47.56,96.57
602,3.28,4.38,22.1,52.3,44.48,86.82
79,3.81,1.92,49.9,36.6,49.98,95.5
966,3.93,1.05,39.1,68.0,40.57,79.39
1731,3.23,1.05,46.8,103.2,32.12,61.09
1600,4.14,4.18,35.9,94.0,34.76,65.08
1965,4.08,1.29,37.4,105.1,30.19,58.94
1728,3.34,2.07,47.1,94.2,32.45,60.35
1307,3.91,3.11,32.6,86.4,36.66,73.49
1083,3.42,0.57,43.0,75.6,39.86,76.98
1722,3.93,4.74,42.9,98.5,33.71,61.39
1199,4.08,1.66,44.9,73.1,37.81,73.64
1942,3.69,3.94,40.1,112.2,30.84,59.45
549,3.37,3.77,47.1,49.3,43.63,85.47
1012,4.05,2.9,46.5,74.6,39.39,75.97
25,3.59,3.08,31.9,32.5,48.88,96.66
1761,4.13,4.35,49.8,97.4,32.92,63.03
1169,3.9,0.58,36.6,72.0,37.5,74.91
752,3.4,2.51,43.8,59.7,42.09,81.28
725,3.51,0.65,32.1,55.3,43.45,82.65
510,3.4,2.54,30.0,45.8,45.58,89.77
496,4.13,4.61,23.8,47.2,44.31,91.76
1584,3.61,3.0,47.1,93.6,33.89,64.69
1012,3.37,4.61,28.0,68.3,39.33,80.17
1324,3.81,4.57,37.1,80.6,35.79,73.16
1593,3.69,0.68,21.1,96.1,33.23,67.05
1569,3.3,4.34,34.4,89.5,34.62,65.97
1953,3.92,2.27,44.6,106.2,31.37,56.06
769,3.24,4.37,42.4,56.1,42.41,82.25
765,3.85,0.73,22.4,57.0,42.71,84.98
1983,3.73,4.15,40.6,113.5,29.59,56.9
1463,3.4,0.82,20.9,90.8,36.07,72.86
688,3.86,1.04,47.8,56.5,42.68,81.81
255,3.8,2.26,23.8,37.9,47.81,93.13
1871,3.3,1.74,36.3,101.0,31.59,62.21
1240,3.28,0.7,25.0,75.5,38.14,76.83
1946,3.76,3.3,41.3,111.4,30.37,59.47
1567,3.68,2.11,45.1,94.9,34.94,67.26
1894,3.86,4.46,21.7,103.2,30.21,61.75
1304,4.0,3.11,30.4,80.4,36.7,72.62
1573,3.72,4.68,22.2,91.9,34.96,70.24
890,3.33,1.6,24.4,61.0,40.83,84.23
756,3.73,4.87,31.6,57.4,42.6,85.46
261,3.81,3.04,38.6,45.3,46.76,93.96
1244,3.47,4.83,47.2,81.2,38.53,70.71
1332,3.53,2.01,25.1,87.3,36.68,74.6
276,4.19,4.31,33.2,45.9,47.82,92.66
1015,3.29,1.55,22.6,68.2,39.7,79.46
1654,3.69,1.74,39.3,94.5,32.58,64.37
759,4.09,3.85,48.1,55.4,42.17,80.93
1181,3.79,1.27,36.0,81.1,37.84,75.69
634,3.96,3.62,46.6,56.2,44.25,82.73
345,4.09,1.07,28.3,41.4,46.08,93.22
1810,4.06,4.96,37.7,102.5,32.02,61.18
1207,3.59,1.7,46.0,76.2,37.03,73.0
1365,4.2,1.69,28.9,80.6,36.63,72.56
850,3.61,1.4,20.7,63.0,40.67,85.11
421,4.16,1.52,38.8,44.4,45.41,91.17
1106,4.04,1.97,33.5,73.7,39.37,74.94
1052,3.81,3.35,21.9,70.3,40.26,78.89
1397,3.32,3.26,47.2,88.4,35.88,69.13
644,4.17,4.4,27.7,58.0,43.06,84.84
1444,4.03,2.0,36.2,89.3,35.47,68.35
1536,3.4,3.92,46.0,94.4,34.65,66.53
83,3.81,1.77,46.4,36.9,49.1,94.98
953,3.22,1.8,35.1,69.8,40.83,81.31
1062,3.66,2.64,20.3,74.5,38.81,78.61
194,3.42,1.41,22.7,38.7,47.44,97.77
1034,3.36,3.53,28.8,73.8,38.87,78.69
1649,3.43,1.73,37.7,91.1,33.54,65.69
1050,3.76,4.7,48.7,73.5,40.18,76.37
105,3.58,1.42,30.6,33.1,49.36,95.09
519,3.65,0.75,24.8,52.4,45.29,88.15
1440,3.81,4.97,24.7,89.5,35.3,69.97
1422,4.01,1.82,22.3,82.3,35.73,72.42
597,3.63,1.72,43.3,55.9,44.08,84.33
1048,3.71,0.64,26.6,71.9,38.63,78.23
547,3.43,1.75,37.1,47.8,44.2,86.89
1346,3.63,0.62,37.0,85.4,35.9,70.76
168,3.66,1.36,27.7,39.9,47.94,98.19
862,3.67,0.77,24.1,69.5,41.89,83.98
753,3.22,2.03,40.8,64.6,43.1,81.41
1206,4.02,2.06,20.5,82.3,38.32,77.42
490,3.23,2.9,33.4,47.5,45.17,88.79
1046,3.95,4.1,36.4,72.0,39.3,77.73
201,3.6,1.5,45.1,38.1,47.92,92.75
391,4.05,1.01,37.5,42.8,47.08,89.08
681,3.97,4.19,35.6,60.8,43.99,85.91
1374,3.99,1.91,23.2,88.1,35.77,71.0
908,4.06,1.1,35.5,64.3,41.1,78.32
1412,3.81,2.94,31.5,86.8,35.48,71.93
1280,4.11,2.8,26.8,84.1,37.37,75.85
1529,3.55,0.71,23.3,91.5,34.31,70.51
1217,4.16,2.75,37.8,81.7,37.75,71.75
226,4.09,2.4,37.9,36.5,47.66,91.7
149,3.41,3.46,43.1,38.5,48.0,94.63
1671,3.38,3.49,40.0,94.3,34.15,64.43
429,3.44,1.07,39.4,51.3,45.37,87.69
1188,3.54,1.3,43.3,78.9,37.3,72.04
514,3.3,2.15,24.1,51.6,44.66,87.93
88,3.58,3.71,42.2,34.9,48.17,94.11
8,3.79,2.74,25.0,28.2,49.49,97.88
1896,3.2,3.2,39.7,106.2,30.8,60.63
85,3.9,4.59,26.9,33.6,49.79,99.49
669,3.33,3.37,42.1,53.9,44.22,83.63
1439,3.84,1.05,20.2,90.9,34.63,72.12
1909,3.5,3.44,39.7,107.3,30.17,61.56
1868,4.03,4.8,20.4,108.4,30.8,61.69
1137,3.29,3.49,30.9,70.9,37.73,76.24
426,3.37,2.74,33.3,45.0,46.05,89.67
428,3.84,4.05,24.4,50.3,46.19,92.09
292,3.4,1.8,29.3,42.9,47.09,95.4
142,3.48,3.36,42.0,33.6,49.32,93.6
428,3.81,2.99,27.4,45.3,46.33,91.61
1599,3.49,1.84,42.8,94.6,34.6,65.1
1999,3.6,3.94,43.5,114.4,30.41,56.6
1996,3.51,2.72,44.1,111.2,29.14,56.85
213,4.17,4.07,47.6,36.5,47.98,93.14
1023,4.02,1.89,38.7,72.6,40.18,76.11
483,3.27,4.0,30.7,45.7,44.59,89.67
1433,3.7,2.4,48.1,88.0,35.42,69.46
290,3.68,4.08,20.2,38.2,46.18,93.86
775,3.95,1.94,20.5,60.5,41.63,85.26
178,3.27,1.63,47.7,34.0,47.32,93.93
1873,4.16,1.11,23.3,107.3,30.41,63.85
1609,3.66,1.82,49.4,94.1,33.79,62.47
519,3.75,3.83,21.4,52.3,45.43,88.44
307,3.75,1.18,33.1,46.2,47.49,94.47
99,3.74,4.45,29.8,36.5,49.5,99.01
310,3.47,3.0,36.1,43.7,46.79,90.35
849,3.95,2.78,40.1,66.5,40.81,82.71
386,3.25,2.83,21.3,49.1,45.37,91.94
1071,3.73,2.78,23.9,71.8,38.36,76.97
847,3.64,2.04,25.9,64.3,40.84,82.33
382,3.28,2.53,37.3,47.2,46.03,90.58
483,4.09,3.44,31.5,52.1,45.84,90.5
1149,3.63,1.75,49.6,80.7,38.53,74.27
805,3.66,1.6,36.0,60.6,41.78,83.57
86,3.56,3.06,24.1,31.1,49.39,97.67
799,3.67,3.13,46.1,59.9,41.1,82.81
1394,3.97,3.72,48.6,90.5,36.73,69.27
205,3.85,3.03,35.5,41.6,48.39,93.78
480,3.36,2.9,23.0,48.2,44.99,90.26
362,3.49,3.21,39.0,44.7,46.25,92.2
1247,3.77,3.76,29.1,81.9,36.8,75.31
22,3.68,2.89,22.9,32.9,48.8,99.01
983,3.83,3.0,48.2,65.8,40.55,77.13
1977,3.31,4.8,22.9,108.7,29.46,59.3
1480,3.75,4.76,23.3,89.7,35.33,72.38
1541,4.07,0.77,31.3,93.6,34.84,69.09
1396,4.15,3.11,34.0,89.8,35.98,70.4
335,3.21,3.54,45.3,40.8,46.97,88.38
1533,3.86,4.02,27.6,87.8,33.9,67.61
1715,4.18,2.49,35.1,96.4,33.67,63.82
423,3.35,0.93,25.6,45.3,45.32,90.09
582,3.94,1.32,46.3,57.7,43.4,85.11
527,3.53,4.55,48.8,52.7,45.57,85.76
1058,3.32,1.67,37.3,75.6,40.29,76.56
902,3.92,1.82,25.9,64.3,40.28,80.73
45,3.69,4.44,30.6,31.5,50.5,97.98
669,3.51,4.81,40.3,59.9,43.57,83.56
1557,3.68,0.59,39.6,96.2,33.63,67.24
1413,3.72,4.42,27.2,84.7,36.06,73.18
12,3.88,3.03,25.3,26.5,49.83,98.74
1005,3.89,3.17,39.1,74.1,40.18,79.19
409,3.49,4.2,40.0,43.5,45.84,87.81
1027,3.69,4.61,25.2,66.8,39.19,79.64
790,4.1,0.5,38.3,61.6,42.79,83.93
838,3.76,1.49,33.2,67.6,41.45,82.28
798,3.97,1.96,39.6,58.1,41.57,81.89
1519,4.15,4.59,42.7,93.4,35.18,68.92
1492,3.48,1.46,32.9,94.1,34.4,69.83
1473,4.16,3.36,41.6,93.2,34.9,69.51
742,3.52,2.7,46.5,60.8,43.16,82.5
38,3.31,3.09,31.4,34.3,50.14,97.67
170,3.57,0.74,22.6,36.5,48.76,96.03
1781,3.92,2.55,20.5,104.5,32.53,63.53
1308,4.15,2.44,47.0,84.8,36.35,72.04
1507,3.67,4.15,28.5,91.4,34.2,67.51
538,3.2,4.89,43.9,49.6,44.39,84.74
516,3.26,1.13,47.8,51.5,44.76,87.33
1827,3.91,3.66,44.2,98.8,31.29,59.51
1349,3.3,4.17,21.4,87.9,36.68,74.38
1841,3.69,2.88,44.5,100.5,32.11,61.58
491,3.99,3.36,24.7,46.0,44.28,89.69
1626,4.19,1.35,26.6,96.8,33.84,66.68
1874,4.0,3.1,32.9,101.6,30.88,63.2
416,3.75,1.09,31.8,45.2,45.17,90.82
1368,3.77,0.69,28.3,83.1,37.14,71.52
1377,4.04,2.51,39.1,84.5,37.05,72.34
137,4.19,0.95,36.5,33.8,48.19,96.03
1542,3.28,1.61,28.7,87.9,35.56,68.76
612,4.0,0.99,30.7,53.2,44.02,86.74
1555,3.58,1.06,20.0,88.3,35.28,71.16
34,3.34,2.02,35.4,30.3,49.37,99.2
1546,4.04,1.75,27.5,94.9,35.14,69.52
821,3.31,4.44,24.3,64.0,42.54,82.09
282,3.69,2.39,32.2,41.4,47.48,93.99
1544,3.77,0.83,21.4,88.3,34.7,68.62
1134,3.83,4.92,29.5,70.9,39.49,76.34
33,3.32,2.26,45.1,27.3,49.61,98.03
1418,3.94,2.08,21.3,83.5,36.11,72.54
931,3.45,2.87,26.6,68.3,39.98,79.74
1635,3.37,2.64,26.4,92.4,33.89,67.05
1722,3.66,3.06,41.2,94.0,32.18,63.59
1252,3.89,1.7,28.7,80.3,36.97,73.84
247,4.11,2.64,32.8,41.6,47.81,93.85
306,3.63,3.25,44.4,46.1,47.66,90.69
862,3.24,1.03,41.3,62.6,40.63,78.61
1591,3.81,2.61,42.3,94.7,34.53,66.12
1202,3.82,0.82,45.6,73.7,37.78,72.39
1661,3.73,1.69,31.2,98.3,33.01,65.52
889,3.49,1.83,43.5,68.0,40.97,79.94
1243,4.12,2.2,26.9,82.6,37.31,73.79
614,3.89,3.67,37.7,52.1,44.14,87.31
1120,3.71,1.81,39.3,73.2,38.35,74.38
841,3.91,2.98,28.7,68.6,40.68,82.78
529,3.99,1.38,47.3,50.8,43.96,86.2
1498,4.17,4.27,49.9,85.8,34.73,67.88
1519,3.35,3.97,48.6,87.7,35.79,66.79
279,3.37,3.72,35.1,45.6,46.52,92.89
898,4.1,4.9,40.4,70.1,40.43,78.97
1049,3.56,1.96,40.7,76.7,40.03,77.53
705,3.87,2.54,30.9,60.3,43.28,85.31
278,3.98,2.32,40.2,38.8,46.83,92.83
1156,3.9,2.76,30.2,78.3,38.85,75.68
1970,3.67,3.3,39.1,112.9,30.38,58.2
979,3.52,2.81,33.3,64.8,40.87,78.88
1616,3.4,1.85,39.4,89.7,34.77,66.37
377,3.33,4.38,49.6,45.8,45.38,87.43
385,3.22,4.13,34.4,42.5,46.65,91.27
936,3.81,1.68,42.7,71.8,41.44,80.2
1141,3.68,4.05,38.3,78.4,39.02,73.36
29,3.36,4.53,40.3,32.5,49.63,98.33
392,4.07,2.4,33.5,46.6,45.58,88.94
1796,3.78,3.17,34.9,104.0,31.82,61.21
1850,4.2,2.04,49.4,99.5,32.36,58.24
689,3.72,1.77,41.6,61.2,42.21,83.66
1532,3.7,1.96,40.6,92.4,33.9,67.53
455,4.08,1.02,35.1,44.1,46.31,88.66
1355,3.65,2.07,38.0,82.1,37.24,71.57
353,3.24,4.75,38.5,47.2,47.34,90.01
1887,3.84,1.44,29.3,109.9,31.1,60.41
1364,3.8,2.86,48.1,80.1,37.18,67.84
864,3.52,1.06,45.0,68.1,41.95,78.97
1259,4.17,1.18,21.3,82.6,36.95,76.66
467,3.75,1.21,32.5,46.0,45.06,87.68
1927,3.81,2.46,35.6,103.9,30.74,59.68
107,4.07,1.3,33.4,35.8,48.13,94.87
738,4.04,2.28,30.9,61.2,42.28,84.19
1329,4.19,3.32,32.8,80.0,37.42,72.86
633,3.65,3.25,43.6,57.4,44.63,83.52
226,3.59,1.83,45.5,39.8,47.8,94.28
295,3.65,4.19,33.8,43.0,46.07,93.18
572,4.14,3.31,25.3,55.2,44.53,88.85
81,4.1,4.46,31.1,37.4,49.36,98.37
149,3.22,3.29,49.7,39.1,48.12,94.37
1361,3.3,2.88,49.9,83.8,36.17,67.7
588,4.13,2.82,41.9,55.7,44.75,84.44
1077,3.67,1.87,32.3,71.3,38.26,77.89
880,3.32,3.38,44.5,63.6,41.97,79.4
1871,3.26,2.31,46.9,105.6,31.93,58.39
1710,3.91,0.77,39.3,102.9,33.73,65.56
757,4.15,2.39,48.0,58.5,42.53,81.67
676,3.99,4.86,35.2,57.9,43.75,84.22
1149,3.22,4.84,36.1,71.6,38.82,75.59
400,4.1,3.46,33.8,45.0,45.51,91.08
494,3.67,3.37,23.8,47.9,45.22,91.91
1047,3.3,2.57,28.8,76.7,40.05,79.32
1695,3.94,1.87,31.4,93.5,32.54,65.99
643,3.63,1.96,46.6,54.3,43.68,82.82
1571,3.59,1.14,27.0,88.6,34.43,69.85
1883,3.48,2.98,24.7,107.4,30.18,60.72
1866,4.15,2.95,48.1,104.6,30.79,59.86
1612,3.95,3.55,20.5,94.6,33.58,68.27
58,4.08,2.9,38.1,29.9,49.71,97.04
1123,3.58,2.3,41.6,72.6,38.96,74.75
1020,3.83,0.79,41.4,68.9,39.75,77.17
1273,3.87,2.85,42.2,84.3,38.22,70.65
629,3.29,3.51,48.6,56.8,43.45,83.62
1051,3.79,4.02,24.1,76.4,39.12,77.78
1133,4.03,4.89,23.8,77.8,39.04,75.84
748,3.57,4.23,27.2,62.1,41.83,82.98
1870,4.06,1.76,25.9,104.7,30.54,61.52
647,3.82,1.78,21.6,54.9,44.3,89.15
870,3.66,3.52,30.1,69.4,40.47,83.62
1077,3.31,2.12,25.5,71.5,38.85,77.52
1434,3.95,1.5,22.7,85.6,36.08,71.51
1859,3.2,2.5,33.2,104.2,30.93,63.4
1107,3.48,2.35,32.4,75.3,38.84,78.34
167,3.88,3.92,46.8,41.6,48.9,91.66
1116,3.73,4.17,42.4,69.7,39.05,74.07
557,4.18,0.54,20.9,49.3,43.63,87.7
1924,3.55,0.93,33.1,110.7,30.04,61.36
1939,3.33,3.11,33.0,106.8,30.85,61.01
995,4.16,2.94,29.9,70.6,40.99,78.25
1418,3.49,2.29,43.3,86.5,34.87,69.13
1482,4.14,2.6,48.3,87.6,35.61,66.31
1533,3.5,3.22,39.0,91.3,35.46,68.45
916,4.09,4.41,32.7,63.1,41.42,80.97
1363,3.47,3.94,29.1,83.9,36.29,71.27
1755,3.42,0.9,20.7,102.2,31.89,64.75
1400,3.63,1.83,40.6,81.5,35.93,69.38
884,3.98,3.03,48.4,69.2,40.96,78.81
953,4.18,2.09,23.9,69.8,39.94,82.27
366,3.85,4.64,46.0,44.1,46.06,88.79
1024,4.04,1.02,43.0,72.2,39.46,76.8
860,3.66,4.02,26.3,68.2,41.37,81.48
944,3.88,3.41,45.1,65.3,39.76,78.03
1418,3.42,4.5,48.9,91.3,34.82,67.28
35,3.55,3.8,23.7,31.3,49.91,97.66
377,3.87,1.82,25.2,48.3,47.0,91.4
1347,3.89,1.91,42.2,81.6,36.04,68.85
140,4.13,2.22,28.7,34.7,49.52,97.39
72,3.92,4.16,33.5,36.9,50.23,97.9
1776,4.07,0.66,42.7,104.4,32.39,61.53
1964,3.74,3.51,35.4,104.6,30.89,58.32
1651,3.24,2.18,34.7,95.5,33.33,64.35
518,3.54,3.38,28.2,49.9,44.57,89.22
1724,3.55,2.18,43.7,95.9,32.29,62.85
597,3.87,4.55,34.8,55.3,43.76,84.78
1051,3.3,0.73,34.5,70.9,38.94,78.71
884,3.62,1.67,33.2,62.5,41.69,79.24
984,4.15,2.09,43.9,71.0,39.19,76.81
1825,3.64,2.46,30.5,105.8,32.39,61.83
721,4.04,3.07,36.6,61.1,42.8,84.9
1198,3.41,2.71,36.3,78.2,37.15,72.48
1324,3.99,1.63,21.7,80.6,35.79,73.25
1785,3.25,0.69,27.4,102.9,32.09,65.4
1899,3.98,2.56,22.9,102.9,30.71,60.54
334,3.22,1.24,49.4,48.2,46.16,88.46
727,3.45,1.09,23.6,61.0,42.76,84.27
533,3.61,1.99,44.5,48.5,45.5,86.56
1858,3.23,2.15,45.7,108.7,31.41,58.44
1984,3.22,0.96,30.3,107.6,29.28,60.74
128,4.04,2.48,46.8,34.7,47.91,94.94
81,4.12,4.21,25.6,28.6,49.57,99.32
1069,3.78,2.98,39.4,72.4,40.26,76.82
1970,3.27,1.91,24.6,107.5,30.6,59.77
1143,4.14,2.82,24.2,73.2,37.98,75.54
1491,3.63,4.86,47.9,94.2,35.99,66.1
936,3.95,4.33,29.7,72.2,41.13,81.34
520,3.45,1.55,28.4,49.2,45.23,87.86
294,3.97,3.03,31.8,40.6,46.91,92.89
1386,3.25,1.06,42.2,81.5,35.25,69.47
712,4.12,2.17,42.1,56.8,43.07,83.4
1699,3.44,3.83,45.1,100.0,33.08,63.68
861,3.42,4.05,21.2,64.0,41.41,83.72
1693,3.73,4.79,23.5,98.4,33.48,66.2
240,3.58,4.86,46.8,40.2,48.11,92.45
252,4.06,4.52,48.8,43.1,47.06,90.44
285,3.33,0.89,48.2,40.1,47.29,91.32
1958,3.25,4.89,45.7,110.8,31.33,57.59
1101,4.18,3.26,31.4,69.7,39.22,78.97
476,3.34,1.67,35.1,44.3,44.72,89.8
1583,3.6,1.25,31.1,94.8,34.17,66.69
113,3.92,1.3,46.7,36.8,49.14,94.9
1778,4.17,1.38,21.6,104.1,33.1,64.52
191,3.79,3.92,36.4,39.8,47.37,93.09
1932,4.15,4.55,36.2,108.2,31.13,61.49
1276,3.81,4.51,37.9,80.8,37.65,72.36
1188,3.59,3.94,48.8,74.7,37.77,74.43
1694,4.08,4.6,22.2,100.1,32.46,66.34
690,3.94,2.64,25.2,61.8,42.88,85.63
1973,3.3,1.63,28.6,107.9,29.45,58.37
1094,4.13,1.62,21.1,77.5,38.33,79.91
1273,3.8,3.17,21.9,83.7,36.67,76.17
314,3.52,4.67,43.0,40.9,46.66,89.15
1512,3.24,1.41,27.5,91.9,34.74,68.44
1477,3.74,1.05,26.3,87.5,34.79,69.71
591,3.44,4.01,35.5,49.4,43.91,85.67
1226,3.32,2.47,44.2,78.2,38.09,73.98
440,3.7,4.62,38.4,45.5,45.3,87.97
952,3.41,3.38,38.3,67.6,40.84,77.45
1315,3.31,1.73,35.3,84.2,35.99,70.17
163,3.7,4.92,41.7,40.1,47.69,96.07
480,3.86,4.25,47.1,46.6,44.52,86.73
578,3.89,0.94,32.6,53.2,44.98,88.57
786,3.62,4.21,30.5,57.6,41.96,84.8
1021,3.56,4.77,20.2,67.2,39.51,78.54
617,3.66,3.9,37.0,59.6,44.37,85.99
1900,3.5,2.57,36.9,104.0,31.66,61.06
1790,3.66,2.41,36.5,99.8,31.84,63.27
1581,4.11,5.0,25.4,97.6,34.02,67.28
843,3.33,3.36,43.8,63.3,40.8,79.27
668,3.68,1.82,26.2,61.5,42.91,87.17
119,3.37,3.27,48.8,36.1,48.04,94.33
959,3.46,3.66,37.9,64.5,39.5,78.03
156,4.14,3.12,28.2,38.5,47.44,98.2
1295,3.53,2.0,48.1,82.5,37.12,71.45
1274,3.49,1.68,35.9,83.1,37.84,73.54
494,3.5,0.52,28.3,50.3,44.87,87.63
1910,4.08,2.92,35.0,107.9,30.81,60.27
192,3.23,1.99,32.0,37.6,47.6,95.31
1732,3.47,2.34,24.4,101.2,32.42,66.61
1281,3.72,2.63,41.6,81.6,38.09,70.94
158,3.99,4.74,38.6,37.5,48.81,92.95
556,3.78,0.55,43.7,55.1,43.47,85.9
1683,3.71,4.64,41.2,101.7,33.71,65.2
265,3.66,4.39,22.6,41.2,48.13,94.26
1043,3.27,1.84,28.9,71.6,39.9,80.03
263,3.83,1.45,29.8,45.0,47.65,95.83
920,4.2,3.72,49.6,63.0,41.51,79.86
1531,4.08,1.6,38.0,88.6,35.02,67.48
1928,3.31,4.19,23.6,105.1,30.03,62.09
1178,3.32,3.28,45.3,75.2,37.57,72.48
279,4.12,2.48,20.8,36.8,46.76,97.05
536,3.47,1.53,37.2,56.3,44.71,88.44
372,3.6,4.24,34.5,42.7,45.94,92.34
1913,3.87,2.4,42.4,101.8,30.88,59.45
1433,4.0,0.68,39.8,84.3,35.1,67.85
1641,3.93,3.98,23.1,93.6,34.52,69.45
1056,3.68,3.58,30.5,68.8,39.41,76.22
135,3.82,0.51,45.9,31.1,48.93,92.3
24,4.11,1.09,29.9,26.1,49.38,99.76
606,3.88,0.54,25.1,50.8,43.67,89.5
574,3.9,2.18,26.5,57.5,43.67,86.61
714,3.91,3.62,30.2,55.6,42.76,83.1
259,4.08,2.67,37.7,40.1,48.41,93.99
1451,3.41,3.3,29.8,88.3,35.25,71.42
1885,3.31,3.25,47.1,107.4,32.0,59.98
708,4.03,4.06,31.6,53.6,43.24,84.88
1757,3.88,3.01,44.6,101.5,32.67,61.12
334,3.43,0.73,47.2,48.0,46.18,90.86
878,4.03,1.88,34.5,64.1,41.1,81.86
244,3.67,4.53,42.1,41.3,48.3,93.63
1698,3.58,4.28,37.4,101.1,32.81,64.3
1286,3.6,1.13,37.4,79.3,37.04,71.25
1005,3.64,1.55,49.6,73.9,39.34,75.87
328,3.79,4.53,46.0,47.6,46.01,89.44
1856,3.35,1.3,23.6,106.3,30.88,62.26
1566,3.66,3.11,46.4,94.9,34.16,64.35
1170,3.27,2.17,32.2,77.8,38.7,77.23
1140,4.02,3.07,33.3,75.8,39.09,74.7
76,4.17,4.06,45.1,31.7,49.24,96.94
664,4.1,3.84,31.5,52.7,42.89,87.71
633,4.09,2.62,30.1,53.9,43.71,86.55
1299,4.12,1.43,49.8,83.4,37.67,71.33
1220,3.44,3.77,24.0,74.9,37.4,75.06
1770,3.25,2.78,49.2,97.9,31.96,61.41
1582,3.77,2.39,37.6,90.6,34.74,67.84
1999,3.94,1.71,22.7,106.4,30.43,62.08
1192,3.45,2.53,34.0,78.3,38.59,73.49
59,3.67,3.36,29.6,30.9,48.61,99.6
6,3.68,1.91,49.9,31.0,50.0,94.34
852,3.48,3.59,27.0,61.3,42.16,84.28
404,3.66,2.39,34.4,42.3,46.9,89.13
570,3.87,0.61,49.3,53.8,44.7,86.8
1198,3.94,0.6,29.0,82.2,38.6,74.27
275,3.44,1.91,34.3,39.9,47.47,94.93
791,3.57,3.1,40.4,58.9,41.21,83.26
1850,3.46,0.67,42.0,100.5,30.91,61.85
30,4.11,1.06,48.7,26.8,49.12,97.67
1168,3.53,2.96,22.5,72.4,37.33,78.2
1200,3.73,1.79,32.5,82.6,38.86,74.87
102,4.02,3.03,25.8,31.3,49.43,98.4
1470,3.68,2.78,37.5,93.8,34.87,66.78
669,3.45,3.86,33.8,59.7,42.75,85.77
685,3.69,3.58,46.2,55.9,43.73,83.67
1859,3.8,2.76,45.6,105.8,30.94,60.9
96,3.28,1.92,25.9,32.7,48.07,97.14
1876,3.51,1.28,24.7,107.0,31.6,64.4
754,3.35,0.65,39.7,65.1,41.7,81.21
1354,3.23,0.57,44.7,82.5,35.72,70.85
1026,4.18,3.96,38.7,71.1,39.03,76.09
1856,3.88,2.14,31.4,99.9,32.06,61.27
301,3.94,1.76,24.7,45.4,46.61,95.68
1308,3.87,0.52,24.7,82.5,37.66,73.5
860,3.61,0.97,41.8,68.6,41.01,80.86
681,4.16,2.13,35.0,58.4,43.18,86.08
1002,3.37,4.43,38.8,69.3,40.57,77.09
883,3.6,3.19,43.0,62.7,41.52,79.11
1046,3.39,0.59,34.9,67.1,40.14,78.31
1542,3.32,0.71,37.0,95.1,35.33,67.93
1827,3.88,0.53,31.8,101.2,32.66,62.51
1501,3.52,3.8,21.8,88.9,34.61,71.05
764,3.42,2.64,38.3,56.6,41.81,82.05
1781,3.49,2.03,27.8,97.0,31.3,65.05
1007,3.53,4.83,30.0,70.7,39.14,77.9
1358,3.81,4.62,35.1,89.0,35.65,69.89
477,3.64,3.38,43.6,51.0,44.61,87.09
458,3.41,3.6,25.5,49.4,44.5,89.5
1670,3.62,1.85,46.0,98.7,33.76,62.38
1395,3.51,4.44,49.4,89.1,36.41,70.18
1087,4.19,2.11,25.4,69.6,38.31,76.44
1406,3.46,2.18,40.4,87.9,35.94,70.65
1024,3.79,2.39,26.4,71.0,38.97,79.47
1266,3.39,2.71,38.1,79.4,37.33,73.8
107,3.86,3.99,43.3,34.2,48.93,95.31
906,4.14,2.91,39.8,64.9,40.1,78.28
1179,3.41,3.0,36.6,74.1,38.37,76.54
215,3.22,3.29,23.8,41.6,48.66,96.2
871,3.86,1.43,24.0,62.2,42.16,81.75
1274,3.74,4.14,24.1,76.1,37.1,75.64
1214,3.63,2.8,29.3,80.6,37.74,74.84
1849,3.69,3.72,24.7,104.0,31.72,63.69
269,3.59,1.78,37.2,39.8,47.96,94.29
1547,3.55,3.55,29.8,92.0,35.3,67.91
1046,4.0,3.34,27.1,68.0,39.02,80.63
1218,3.85,2.88,33.9,75.6,37.63,74.07
1155,3.31,1.26,34.8,71.9,39.44,76.85
580,3.75,4.68,22.3,58.1,44.05,90.27
536,3.53,3.45,28.7,51.8,45.5,87.16
608,3.77,2.77,20.2,58.9,43.5,88.88
1036,3.22,1.68,28.9,67.3,39.73,80.54
1012,3.91,1.66,43.1,67.0,39.18,77.39
1853,3.96,4.5,28.9,102.8,30.52,63.67
1860,3.27,1.68,36.8,103.0,30.53,60.93
712,3.53,4.93,42.0,56.8,41.91,82.84
1667,3.54,1.04,44.3,93.4,32.64,65.28
1066,3.74,3.77,38.6,73.4,39.62,75.13
1879,3.7,1.69,47.2,101.4,31.8,58.15
336,3.58,4.1,28.6,43.0,47.37,90.92
1507,4.11,3.51,40.0,92.4,34.3,67.86
1594,4.13,3.51,27.8,90.5,34.61,66.18
1630,4.05,0.62,26.0,90.5,34.36,67.26
937,3.64,1.04,32.2,66.2,41.5,80.06
1692,3.75,4.39,38.4,100.9,33.3,65.1
1816,3.56,4.21,45.1,106.1,32.5,60.03
151,3.4,1.85,44.8,32.5,47.98,92.16
1349,3.89,1.51,32.9,84.4,36.42,72.94
439,3.53,1.68,43.1,45.4,46.23,87.46
1940,3.77,3.61,45.9,108.0,31.4,59.56
474,4.18,2.82,34.9,52.2,44.49,90.25
673,3.87,3.31,48.7,53.0,43.15,81.05
1100,4.07,0.6,49.1,75.3,39.35,74.56
554,3.69,4.29,38.7,50.1,45.17,88.02
1729,3.41,4.74,33.1,98.9,33.47,62.85
1723,3.91,4.65,34.4,97.5,33.62,65.4
1212,3.45,0.95,35.3,82.7,37.34,73.93
1093,3.26,1.87,40.0,75.6,38.68,75.53
1616,3.77,3.0,30.6,97.7,33.99,66.58
716,3.46,4.73,41.1,60.8,42.48,82.3
937,4.1,3.47,32.1,70.5,39.73,80.25
1436,3.41,2.97,44.2,87.0,36.29,70.13
124,3.82,1.94,36.6,38.4,48.08,94.26
1941,3.23,2.02,34.5,104.7,30.46,61.71
1815,4.12,0.61,20.2,99.1,31.71,65.62
1008,3.62,1.55,47.9,68.5,40.15,76.69
1418,3.33,2.11,46.7,86.2,35.78,70.11
1015,4.17,1.66,43.7,67.4,39.28,77.18
718,3.67,1.41,21.8,62.5,42.88,87.78
237,4.09,4.02,49.5,37.0,48.04,93.44
421,3.27,3.13,20.6,47.7,45.36,91.63
1150,3.93,4.54,41.9,74.8,37.56,75.31
1528,3.43,4.6,34.3,94.8,34.84,69.91
127,4.02,3.95,44.7,30.8,49.42,94.15
1902,3.76,3.4,48.5,105.8,30.16,58.41
588,3.44,3.72,44.5,49.2,44.2,84.82
53,3.7,1.81,25.2,31.8,49.48,98.59
1923,3.33,1.93,39.9,110.9,29.93,58.81
1572,4.03,0.61,43.0,88.3,35.09,66.57
45,3.95,3.63,41.0,33.9,50.18,96.65
1001,3.76,0.71,33.7,70.6,40.19,78.97
1582,3.71,4.79,36.5,98.0,33.34,65.38
712,3.66,1.02,49.8,59.5,43.74,82.32
1006,3.4,1.63,33.4,74.7,40.92,79.66
310,3.74,1.85,23.6,42.0,46.25,94.87
953,3.55,1.9,23.0,65.1,40.62,82.35
464,4.15,2.76,34.9,52.0,45.07,89.69
240,3.76,4.97,33.6,36.2,47.43,93.46
907,3.65,0.6,47.0,65.3,40.28,79.01
450,3.8,0.91,20.6,48.9,46.09,89.73
20,3.84,4.18,31.5,31.2,49.19,100.0
1418,3.52,1.9,28.4,87.5,36.01,71.85
1843,3.9,2.34,49.5,108.2,31.79,58.87
1046,3.9,3.05,45.8,72.7,38.84,74.55
1554,3.61,4.93,23.4,92.7,33.69,69.9
1697,4.04,1.46,38.5,102.8,32.55,63.82
1279,3.73,3.1,34.6,76.4,36.57,72.6
1748,3.91,3.6,49.7,102.3,32.59,61.97
1784,3.64,2.05,27.2,105.4,32.09,63.02
1903,3.47,0.93,40.2,109.8,30.41,58.17
1793,3.92,0.85,40.0,105.9,33.05,61.48
203,3.4,2.8,43.2,40.4,48.22,94.07
586,4.15,3.01,22.0,49.7,43.6,90.21
798,3.43,2.57,36.0,60.7,42.28,82.2
172,3.83,1.78,20.6,34.0,48.66,98.37
822,3.97,3.4,36.8,63.2,41.98,81.41
888,3.97,0.85,44.5,68.5,40.74,79.79
186,3.71,1.48,38.8,41.7,47.49,93.96
1259,3.45,3.77,41.9,83.9,36.55,70.51
1397,4.2,1.8,36.3,83.8,35.8,70.01
1011,3.33,3.94,49.1,68.6,39.76,76.57
545,3.63,4.77,39.1,55.0,44.96,86.91
856,3.31,4.75,36.3,68.5,41.73,82.68
1284,3.98,0.74,35.4,76.7,36.88,70.86
428,3.71,2.84,34.7,49.5,45.72,91.1
343,3.78,0.68,38.8,41.5,47.42,92.24
223,3.74,4.95,22.4,41.5,47.74,97.68
1369,3.63,4.18,34.0,80.2,35.85,72.14
1115,3.95,4.12,28.4,78.0,39.29,77.81
1344,3.27,4.78,33.0,85.3,37.3,73.05
854,3.24,1.55,21.5,60.9,40.84,84.62
1598,3.35,3.58,43.0,92.7,33.72,65.72
460,3.54,1.56,31.3,51.3,44.87,88.79
459,3.47,0.63,43.3,44.7,46.12,88.8
851,3.72,4.29,47.0,68.6,41.58,81.35
455,3.75,3.44,24.6,45.6,46.2,89.53
1477,3.49,0.51,37.3,88.6,36.09,70.48
1639,3.32,3.23,24.1,96.3,32.74,69.24
5,3.57,1.16,35.7,33.5,50.87,97.18
884,3.54,0.55,41.8,64.3,40.94,80.78
1375,4.0,2.96,43.2,85.0,36.78,68.15
1192,4.08,2.33,37.5,77.0,38.06,74.2
699,3.79,4.5,38.9,60.6,42.56,85.75
514,4.16,1.31,20.8,54.9,44.67,91.69
509,3.71,3.27,48.5,50.3,44.61,87.02
1392,3.53,3.15,37.1,90.2,36.77,71.98
696,3.29,2.1,42.1,62.0,42.19,82.65
1260,3.3,1.53,47.2,80.9,38.32,69.94
971,3.56,2.26,39.7,68.8,40.74,77.71
854,4.11,3.04,42.1,62.4,41.82,81.58
368,3.91,1.54,27.0,42.2,46.46,91.52
1198,4.02,0.97,28.8,80.4,37.09,75.21
1360,3.37,0.5,47.6,87.9,36.68,70.69
562,3.32,3.15,33.5,56.5,44.03,86.53
1348,3.24,1.7,45.9,84.7,37.02,69.17
1875,4.01,1.18,32.9,101.5,32.01,62.67
874,3.62,1.11,27.2,64.7,41.57,83.3
1727,4.04,2.29,34.5,97.5,33.58,63.76
1874,4.1,3.83,46.7,109.2,31.01,59.93
32,3.96,0.66,28.0,34.7,49.1,97.52
1749,3.23,1.72,39.3,102.4,33.19,61.61
538,3.38,4.42,27.5,51.3,45.41,89.94
1799,3.27,2.23,43.0,106.9,31.93,62.4
573,3.36,3.3,46.4,48.0,45.05,83.82
609,3.99,2.52,44.0,50.9,43.49,83.17
1925,4.12,3.56,30.5,105.3,30.93,61.32
63,3.45,2.76,41.6,33.1,48.82,96.95
1006,4.06,2.46,28.3,71.3,40.63,79.34
1960,3.41,3.13,20.8,110.8,30.34,61.64
63,3.96,3.04,26.2,31.6,50.17,100.0
974,4.12,2.42,27.1,64.9,41.0,80.09
78,3.81,4.97,47.2,32.3,48.61,96.22
1322,3.27,4.46,20.7,78.3,36.85,72.92
1269,4.15,1.94,25.0,81.8,37.27,74.85
544,3.99,4.95,25.6,50.4,44.2,88.73
89,3.7,0.95,27.4,34.0,49.34,97.67
965,3.31,3.51,38.4,67.0,40.55,79.22
706,3.53,2.49,41.6,61.0,42.0,84.7
839,3.4,4.61,25.7,63.4,42.47,82.97
827,3.86,1.75,41.1,68.0,42.6,79.78
108,3.43,1.78,22.4,34.2,48.32,99.43
1767,3.77,0.97,30.4,104.6,32.03,64.37
1396,3.8,1.41,44.7,85.3,36.9,69.88
1621,3.92,3.85,32.2,91.0,32.95,68.33
394,3.84,1.49,42.4,41.1,46.01,90.34
1269,3.37,2.77,38.6,79.2,37.56,74.41
1561,3.32,1.03,22.7,97.4,33.4,69.56
1408,3.78,1.39,29.3,84.9,36.05,70.47
1506,3.78,0.8,20.6,94.6,35.04,69.26
1909,4.08,2.98,34.9,104.4,30.27,58.51
916,3.61,3.29,38.6,65.1,40.36,77.78
1902,4.04,3.2,42.7,109.2,30.28,60.71
997,3.76,4.26,33.4,74.7,39.9,77.85
639,3.81,3.25,29.4,54.1,43.22,85.79
1600,3.3,4.88,24.5,99.0,34.72,67.93
961,3.67,4.76,22.5,68.0,40.83,81.59
520,3.41,0.77,39.0,48.2,45.18,86.21
892,3.92,2.96,39.9,66.0,41.56,78.29
1691,3.63,3.86,49.0,96.0,33.54,63.91
278,3.82,4.78,41.6,41.0,48.17,92.37
282,3.56,4.35,20.4,42.4,47.95,94.19
283,3.46,0.58,28.0,41.1,47.41,93.52
1214,4.01,0.77,39.6,74.4,38.4,74.75
1578,3.34,2.17,43.4,97.1,33.47,67.46
1503,3.65,3.67,49.9,91.9,34.05,66.3
1768,3.96,0.69,32.8,101.0,33.28,64.08
1884,3.26,1.62,42.4,104.4,31.39,61.42
1701,3.9,4.41,22.3,99.7,32.84,65.44
1855,3.26,1.34,44.6,100.6,31.54,59.33
1493,4.19,2.51,41.3,91.9,35.81,66.34
482,3.71,0.56,27.1,51.0,45.36,90.25
1621,3.94,3.02,43.6,96.3,32.92,63.47
674,3.52,0.8,24.1,52.5,44.17,85.08
888,4.05,0.98,38.4,63.6,40.71,81.25
1878,3.7,4.48,44.1,100.4,32.1,58.27
1033,4.12,4.08,29.1,76.2,40.54,79.26
990,3.68,4.82,20.3,68.1,40.3,81.7
1186,3.5,4.19,44.0,82.1,37.63,73.31
58,3.85,1.71,23.1,34.1,50.0,98.6
1148,3.73,2.14,27.4,73.2,39.25,76.37
1969,4.11,0.94,46.3,104.2,30.23,58.98
876,3.94,1.65,27.0,61.3,40.28,82.38
979,3.69,1.11,25.8,68.8,40.71,79.31
1915,4.2,3.72,27.2,103.8,30.05,60.09
1480,3.63,1.5,48.2,85.1,35.46,66.41
86,3.58,4.4,28.0,30.4,48.76,97.08
256,4.13,4.52,20.4,43.7,46.6,95.33
1625,3.4,4.87,44.5,97.8,33.9,66.5
722,3.63,2.67,35.7,63.5,42.09,82.35
1757,4.1,4.88,27.2,102.2,32.75,64.28
469,3.66,0.57,27.4,45.4,45.57,89.07
192,3.94,0.91,41.4,42.2,47.76,91.95
1967,3.59,1.93,31.4,111.8,30.88,60.62
593,3.84,1.15,20.5,51.2,43.89,89.61
96,3.8,2.36,40.9,30.7,49.91,96.01
1475,3.66,3.48,48.2,93.1,35.89,68.64
1917,3.5,1.18,21.5,106.8,29.93,62.97
446,3.28,2.97,49.1,52.1,45.57,88.39
342,4.07,3.02,44.7,47.1,46.3,91.4
1,3.22,1.88,26.5,34.8,50.43,100.0
804,4.15,1.4,31.6,66.5,42.53,82.12
1790,4.16,2.95,32.5,97.9,32.48,62.91
1184,3.25,2.0,40.3,77.6,37.7,74.67
1748,3.27,1.22,47.6,97.9,33.15,61.0
1212,3.81,2.14,24.0,73.7,37.47,75.41
710,3.82,4.13,35.8,55.1,43.13,82.9
71,3.87,3.83,39.3,31.8,50.09,95.11
1041,3.96,4.32,34.7,70.9,38.61,77.81
1147,4.17,2.22,40.6,77.9,39.41,74.51
550,3.8,3.73,28.8,55.9,43.77,88.27
753,4.03,1.22,38.0,62.9,41.99,83.48
575,4.03,0.88,29.1,48.6,44.4,89.72
1598,3.62,4.15,25.6,95.7,34.79,67.9
1048,3.38,1.64,46.0,70.5,39.43,75.89
1846,3.77,2.81,43.0,105.2,32.35,59.12
1130,3.89,2.16,20.3,79.6,38.99,79.37
618,3.43,3.04,45.0,53.2,44.48,85.8
1638,3.53,2.48,21.1,99.5,34.44,66.54
1135,4.14,0.57,25.1,73.9,37.72,77.27
1588,3.34,0.55,30.1,98.0,34.05,68.5
1825,3.71,3.11,46.8,100.9,32.36,58.47
1549,3.23,0.82,40.8,90.8,35.35,67.77
396,3.59,0.86,25.4,47.4,46.13,90.88
1281,3.72,4.25,30.4,83.1,36.5,74.48
976,3.6,0.81,25.8,66.0,41.03,79.29
1622,3.24,4.11,42.9,91.7,34.72,66.46
462,3.7,3.66,33.0,47.6,45.96,91.28
1730,3.88,1.67,26.4,101.2,33.02,63.71
934,3.28,1.79,20.4,65.8,40.92,82.04
1152,3.47,1.54,23.1,77.0,38.15,78.01
1412,3.75,3.36,26.2,89.8,36.62,70.72
512,3.5,0.75,23.3,45.6,45.61,91.52
1038,3.39,1.73,20.5,67.2,39.69,81.74
1777,3.42,4.13,25.4,102.9,32.86,64.64
567,4.12,1.66,22.5,54.9,43.85,90.36
309,3.43,2.89,20.2,43.7,47.17,93.82
1330,4.11,4.18,26.7,83.8,36.44,74.31
1999,4.07,3.92,34.0,108.7,29.29,58.98
1943,4.2,3.98,25.1,103.6,31.37,59.66
642,4.16,3.88,40.1,54.6,42.84,84.68
1789,3.55,3.93,41.4,100.8,31.18,59.84
884,3.93,4.29,37.8,64.7,40.49,79.29
373,4.12,3.64,43.6,48.0,45.84,90.34
1473,3.88,3.35,27.1,86.4,35.1,68.54
1842,4.11,3.87,40.2,100.9,31.05,62.6
830,4.13,4.54,35.2,64.0,42.3,81.88
589,3.74,4.01,46.2,56.8,43.51,83.23
666,4.17,1.61,36.7,58.4,43.92,84.44
801,3.48,3.03,28.0,66.3,42.0,85.25
1123,3.97,4.36,40.2,70.3,39.07,77.24
546,4.11,1.36,46.1,47.8,45.36,85.07
173,3.6,1.31,26.3,39.4,48.52,95.5
328,3.61,4.44,46.0,44.8,47.27,89.27
18,3.38,3.99,49.8,28.4,50.63,96.02
1586,4.03,4.85,25.4,90.7,33.38,67.65
552,3.31,0.82,43.9,55.0,45.13,84.22
375,3.87,3.36,27.4,42.2,46.57,91.11
1039,3.61,2.2,23.6,70.4,38.92,80.29
1829,4.04,3.85,21.8,102.7,31.38,63.36
999,3.95,2.26,44.0,65.5,40.66,77.92
1719,3.83,3.52,36.3,95.0,32.56,62.33
1158,3.22,0.72,39.7,72.5,38.68,74.05
83,3.34,1.1,23.8,31.9,49.96,99.88
978,3.24,4.15,42.9,66.1,40.63,76.1
1927,3.56,4.77,25.1,107.3,31.56,62.54
1753,4.01,2.49,25.8,105.0,32.09,66.33
386,3.34,2.77,36.6,46.0,46.54,89.28
214,3.56,2.7,48.0,43.4,48.01,90.36
123,3.53,1.84,49.0,38.2,49.09,93.82
504,3.91,4.92,45.5,50.1,44.98,84.97
202,3.3,2.22,43.2,39.2,48.56,94.6
686,3.38,4.29,30.5,54.5,44.05,84.64
1340,3.96,4.4,33.2,83.8,36.54,73.59
1073,3.73,4.74,42.2,73.9,39.74,76.36
741,3.27,4.02,46.1,63.5,42.77,82.26
320,3.87,2.03,49.8,41.2,47.04,91.76
656,3.74,3.19,26.6,54.5,42.61,86.75
1043,3.66,2.44,28.0,70.1,40.29,80.47
1967,3.96,4.24,31.4,104.2,30.87,59.5
1852,3.88,3.73,36.8,107.2,31.98,60.75
805,3.4,0.72,25.9,62.8,42.05,82.02
927,3.57,1.96,49.4,72.0,40.51,77.76
1882,4.03,0.96,30.5,102.7,31.12,59.72
507,4.09,1.97,23.6,54.7,44.2,89.43
533,3.71,3.31,23.5,46.5,43.71,90.52
1464,3.25,4.61,26.3,91.7,35.88,70.66
1324,3.67,2.78,35.5,82.4,37.0,71.94
1608,4.13,1.95,29.1,93.2,34.77,67.98
1760,3.5,0.94,21.7,102.2,32.18,63.42
71,3.88,3.82,33.6,30.5,48.97,97.94
1763,4.08,1.33,22.5,100.6,32.33,65.65
1945,3.3,4.14,46.9,106.4,31.11,56.34
156,3.9,3.94,43.2,32.8,49.2,93.01
1063,3.2,4.76,43.4,77.3,39.1,74.92
658,3.6,3.1,49.9,51.6,43.24,81.47
248,4.04,4.13,36.4,37.6,46.53,92.77
53,4.17,3.98,30.7,33.8,49.21,98.72
813,3.23,0.75,20.4,64.8,42.81,84.91
996,3.95,3.01,44.3,70.4,40.41,76.3
1974,4.16,1.51,29.1,109.7,31.18,60.08
242,3.29,4.69,22.5,37.4,47.33,94.09
921,3.22,3.63,39.8,71.8,41.23,78.22
22,3.23,2.15,29.5,29.2,50.75,98.01
1431,3.9,4.64,22.8,90.1,35.28,71.22
680,3.92,1.91,36.3,54.5,43.53,84.73
461,3.94,3.42,28.3,51.0,46.37,90.79
73,4.2,0.79,47.5,31.4,48.93,94.65
480,3.33,0.7,43.7,47.7,44.5,88.67
915,3.39,1.52,36.0,69.2,39.97,81.47
144,3.92,1.15,36.4,33.8,49.23,96.81
1758,3.23,1.79,28.5,98.1,32.57,63.38
1458,3.9,3.41,27.9,88.3,35.83,70.31
1607,3.36,4.94,37.3,94.8,34.1,65.33
589,3.89,2.58,30.2,53.0,44.37,86.62
1690,3.74,4.72,23.1,95.4,32.31,64.6
1046,3.61,0.72,48.5,69.8,40.14,73.85
596,3.85,2.68,48.1,53.7,44.8,83.58
102,3.61,1.55,20.4,29.7,48.5,100.0
1680,4.12,1.19,34.6,102.2,33.18,66.59
1342,3.24,0.8,37.1,87.7,36.3,69.76
1041,3.54,1.11,28.4,68.4,40.09,76.98
368,3.54,3.67,23.6,41.3,45.75,93.77
339,3.46,1.42,22.6,46.9,47.09,94.78
190,3.28,3.94,26.1,33.6,48.94,94.05
52,4.07,2.03,28.9,35.2,48.82,96.55
1015,3.7,2.24,36.5,75.2,40.28,77.33
317,3.84,2.56,27.2,42.9,46.46,92.63
1066,3.81,4.53,43.2,72.2,39.86,76.74
1895,3.96,2.57,27.7,100.9,31.96,61.3
260,3.84,2.86,23.3,39.8,47.65,93.27
1743,3.9,0.89,20.4,103.0,33.06,65.93
671,3.76,0.51,30.9,53.9,43.66,83.8
1200,3.31,0.67,35.6,73.4,37.47,76.13
394,3.72,3.61,40.0,43.7,47.06,88.41
71,3.81,3.8,21.9,35.4,48.64,98.28
362,3.86,1.39,44.3,44.9,45.68,91.74
169,3.53,2.72,20.6,35.5,47.45,96.71
1130,3.74,3.11,20.8,78.4,38.17,78.71
294,3.51,3.42,49.1,43.6,47.29,90.72
1499,4.14,1.1,37.9,94.2,34.57,68.63
1150,3.35,4.44,30.1,74.8,39.21,78.07
1374,3.32,1.51,41.1,83.7,36.7,68.48
1568,3.77,4.38,21.9,89.3,34.89,71.08
1300,3.21,1.75,23.8,84.8,37.32,74.68
261,4.12,4.54,27.7,36.7,47.32,95.81
923,3.99,4.34,47.9,63.7,41.66,76.73
81,4.12,3.41,48.5,33.4,48.83,94.21
1065,3.31,3.4,20.7,73.1,39.63,78.8
639,4.13,2.36,42.2,58.0,43.89,83.0
409,3.39,4.59,35.3,47.3,46.83,90.63
1000,3.47,2.48,32.8,65.8,39.66,78.2
1676,3.95,4.14,32.7,95.3,33.12,65.49
356,4.07,3.19,22.8,48.6,45.51,91.81
1507,3.84,4.47,26.8,87.9,35.8,70.91
305,3.26,3.84,33.2,41.8,46.53,92.77
909,3.48,4.84,48.8,67.5,40.43,77.07
1231,3.41,2.69,44.7,78.0,37.33,73.15
923,3.3,4.24,43.0,64.2,40.52,78.09
140,3.46,2.6,30.7,39.0,48.26,94.45
1659,4.02,0.58,44.5,98.2,33.71,65.08
1857,3.52,4.64,28.0,101.0,32.25,61.14
1547,3.38,4.71,39.1,93.7,34.59,65.85
768,3.88,1.87,20.5,60.9,42.65,86.14
1080,3.58,1.57,22.9,73.5,40.02,78.14
275,3.35,3.78,28.3,40.2,46.43,92.54
396,3.86,3.0,23.1,43.2,45.45,91.69
1872,4.09,3.7,39.9,102.1,32.14,58.39
838,3.96,3.1,42.3,62.3,41.68,78.84
1229,3.65,5.0,29.3,78.3,38.71,75.33
802,4.1,2.37,39.8,62.3,42.63,83.5
59,3.6,4.87,31.3,32.3,48.81,97.01
1408,3.76,3.1,44.0,89.7,35.06,70.86
1175,4.18,0.54,34.5,80.9,38.09,76.95
712,4.11,2.63,41.1,58.9,42.27,81.39
762,3.86,4.04,48.0,64.2,41.86,79.98
647,3.37,3.93,21.8,56.4,44.5,86.74
347,4.09,1.44,49.8,45.9,46.88,87.73
1792,3.49,1.18,22.6,97.4,32.61,65.11
1422,4.16,4.99,47.8,91.3,34.9,68.99
1363,3.21,0.88,44.0,88.8,36.59,69.49
575,3.62,3.62,47.9,57.4,43.37,84.03
1271,3.3,0.67,49.4,79.2,36.81,69.67
1481,3.39,4.09,22.4,90.6,34.52,70.28
1179,3.39,1.63,20.5,77.9,37.39,78.49
129,3.77,0.63,44.4,33.4,48.77,95.64
1198,3.3,2.41,43.5,77.6,37.71,72.89
707,4.03,2.12,23.5,59.2,42.23,85.33
729,3.91,1.87,42.7,55.3,41.81,82.2
1556,3.28,4.14,35.1,97.2,34.75,67.58
1019,3.29,3.24,24.9,66.6,39.32,80.35
800,4.0,1.89,32.3,63.1,42.84,83.76
1568,3.33,3.44,46.3,91.3,33.52,65.18
82,3.85,4.17,27.8,31.8,49.94,97.05
1621,3.92,2.92,34.0,95.8,33.98,66.87
1488,3.37,4.08,29.4,91.4,34.24,70.46
51,3.24,1.69,45.2,30.0,49.45,94.3
358,3.47,3.59,27.3,46.6,46.08,91.1
1213,3.73,2.37,20.1,75.4,38.54,77.94
1845,3.7,0.6,38.9,107.6,32.22,59.79
743,4.17,0.88,41.5,64.6,43.11,83.41
164,3.37,0.57,38.1,41.2,47.54,92.97
623,3.84,2.06,21.0,51.6,43.56,87.57
1146,3.61,4.43,24.0,73.1,39.16,79.17
805,4.01,4.93,30.1,63.1,42.17,82.25
242,3.26,4.81,47.3,38.5,47.31,91.39
103,3.51,1.36,36.2,30.9,48.68,96.8
951,3.57,4.99,37.6,70.6,40.13,78.74
1307,3.3,4.42,42.7,78.7,37.85,71.02
972,3.73,2.43,46.7,65.2,39.38,75.49
652,4.1,4.41,34.9,58.8,43.27,85.14
1128,3.94,1.68,24.2,71.4,38.07,77.3
367,3.85,1.86,22.9,43.2,46.91,91.0
711,4.15,1.28,45.6,60.4,42.35,84.68
660,3.54,4.72,20.6,53.2,42.75,89.41
1859,3.89,0.5,23.6,106.3,31.51,63.89
530,3.72,4.05,23.8,54.5,44.27,91.55
937,4.12,4.83,27.8,66.4,39.69,81.83
1832,4.08,3.53,31.7,101.2,32.64,61.17
1277,4.07,1.48,21.7,80.9,36.92,73.84
194,3.97,1.38,32.2,41.9,47.7,96.5
1501,3.67,2.89,36.8,91.9,35.91,69.47
1901,3.67,4.17,39.0,103.9,31.84,60.65
235,3.56,3.86,49.3,39.9,48.59,90.17
1958,3.22,1.62,47.5,105.7,31.35,58.46
1531,3.23,1.12,39.7,95.5,33.92,68.07
360,3.23,2.46,34.7,43.3,47.14,93.26
72,3.34,3.7,24.7,37.3,49.96,99.64
251,3.99,3.12,26.4,41.7,47.48,93.15
782,3.51,0.81,28.8,61.4,41.79,84.16
251,3.78,2.94,29.7,42.8,48.06,95.89
1115,3.96,4.25,40.6,75.5,37.9,75.43
1178,3.69,2.28,31.6,78.3,37.26,76.31
984,3.7,1.35,20.7,71.2,40.46,79.19
1551,3.32,1.08,35.8,93.3,35.14,67.01
1790,3.57,1.09,21.0,99.2,32.26,65.81
24,3.3,4.25,46.2,33.8,48.88,95.31
1653,4.08,0.54,39.4,99.2,33.21,65.99
123,3.69,1.72,43.5,33.8,49.56,94.51
1800,3.85,4.08,29.4,97.4,32.47,61.83
1788,3.22,4.23,35.2,103.4,32.92,62.14
16,3.51,2.3,45.6,34.8,50.31,97.89
1125,3.28,0.64,21.3,71.6,39.0,79.12
1484,4.19,0.67,32.0,87.1,34.7,68.86
1608,3.77,2.74,43.6,94.1,34.32,66.9
735,3.84,3.72,32.4,54.5,42.24,83.61
1279,3.68,3.63,40.9,77.1,36.61,70.56
1202,4.03,3.66,50.0,78.2,37.29,71.18
1465,3.51,4.23,39.4,87.3,36.0,68.46
1621,3.96,4.97,22.8,98.9,34.19,68.19
315,3.54,3.75,36.4,42.0,46.34,90.65
78,3.21,1.12,40.5,28.5,49.24,95.76
1251,3.41,2.65,39.8,84.2,36.57,74.13
1248,3.87,0.83,30.5,82.4,37.27,73.93
1010,3.63,2.32,47.7,71.5,39.1,74.43
1521,4.11,0.85,30.8,90.5,34.27,67.44
372,3.29,0.86,30.1,49.2,45.53,93.05
1551,4.06,3.23,30.2,87.5,33.62,67.5
1226,3.36,4.54,26.1,77.2,37.4,76.54
1783,3.43,2.12,37.4,105.0,31.71,60.64
601,3.62,2.26,45.7,50.2,44.12,86.11
1993,3.22,3.83,21.0,113.2,29.47,62.1
1727,3.79,2.26,41.0,103.6,32.52,63.4
63,3.38,1.96,39.9,36.3,49.15,97.37
1654,3.83,2.09,44.1,93.7,32.67,64.77
1155,3.65,3.51,25.4,76.9,38.47,75.84
1733,3.8,1.67,39.9,101.3,32.46,62.99
1451,3.55,2.65,21.6,83.7,35.77,72.68
1898,4.03,4.29,24.2,106.6,31.81,63.97
1011,3.63,2.1,32.5,72.6,39.09,76.97
1752,3.81,4.29,26.0,104.8,32.93,65.43
489,3.98,4.89,30.4,46.4,44.53,90.07
1719,4.06,1.15,32.8,103.6,32.85,64.32
152,4.15,3.84,41.2,38.6,48.19,95.52
1567,3.65,3.61,49.8,87.9,33.73,64.15
506,3.67,4.58,42.6,53.4,44.74,85.78
222,4.08,1.51,27.5,35.1,47.2,94.12
1886,3.37,0.87,33.5,106.2,30.35,59.87
1467,3.47,3.01,24.6,88.8,34.55,70.63
539,3.82,2.78,27.2,49.1,44.77,90.53
598,4.19,1.02,27.4,55.4,44.1,86.31
1916,3.79,4.25,24.9,107.3,29.99,60.44
1046,4.04,1.14,24.5,70.5,38.65,79.04
20,4.08,4.71,35.7,33.1,49.15,97.88
735,3.37,4.25,22.6,59.4,43.49,85.01
822,3.35,2.47,49.0,66.6,41.8,79.13
874,3.64,0.61,21.8,64.4,41.41,84.04
1977,3.52,4.59,45.4,108.3,30.13,55.68
130,3.54,1.64,45.9,35.3,48.11,95.81
764,3.27,1.71,47.4,56.6,42.41,83.26
833,3.5,4.3,34.9,67.6,42.65,81.87
621,4.08,1.31,21.5,50.9,43.15,88.71
1877,4.12,1.43,35.3,105.6,31.04,59.69
1085,4.09,2.65,20.4,74.6,39.37,79.66
1385,3.84,0.62,42.0,82.3,35.26,68.76
66,3.32,3.6,35.4,30.2,49.9,95.9
26,3.61,1.5,39.5,30.3,49.0,95.86
215,3.44,1.64,31.7,39.2,48.16,93.34
59,3.3,0.66,41.2,29.5,49.37,97.06
470,3.75,2.71,35.7,50.7,44.5,89.35
457,3.79,0.98,41.9,46.0,46.12,87.98
1712,3.89,1.82,26.1,96.2,32.31,66.41
1038,3.6,2.29,39.3,69.0,39.27,76.74
1702,3.76,4.13,26.5,94.9,33.62,67.68
1535,3.96,2.72,27.7,87.6,35.22,69.48
1709,3.51,4.02,27.6,96.6,32.95,65.14
431,3.52,1.14,26.4,52.1,44.82,90.96
842,3.68,2.45,26.9,66.3,41.84,83.37
1981,3.35,3.18,49.9,109.4,29.61,55.39
682,3.37,5.0,25.3,56.0,42.67,85.03
1101,3.84,3.25,47.4,74.9,38.43,76.23
247,3.6,3.76,33.0,36.9,46.7,94.38
1092,3.37,1.72,49.0,76.6,38.52,73.98
1526,3.54,4.67,45.9,90.4,34.77,64.91
1813,3.72,2.74,38.3,101.1,32.29,61.65
1515,3.91,0.8,39.6,95.5,35.05,66.38
5,3.9,3.4,37.5,31.2,50.36,96.83
771,3.82,2.81,44.6,58.6,41.32,81.05
141,3.51,3.23,24.4,32.4,49.58,98.2
1632,3.48,2.27,48.6,97.2,32.84,65.41
1467,3.62,1.07,25.7,90.3,35.4,71.08
1403,3.69,4.27,32.5,84.2,36.48,72.43
1328,3.76,3.27,37.6,81.0,37.36,70.98
1800,3.78,4.28,23.6,98.0,31.06,63.96
1691,4.09,4.87,23.9,97.9,33.09,67.1
893,3.39,3.88,38.2,69.3,40.53,81.47
1760,3.52,3.39,29.6,98.1,32.88,64.35
1174,4.1,4.17,49.4,72.4,39.06,73.03
1405,4.09,4.71,25.3,90.7,35.46,73.82
596,3.4,1.55,21.2,55.6,44.68,90.13
1708,3.57,3.61,41.0,94.8,33.03,62.03
210,3.71,1.16,25.4,36.5,47.42,95.8
1585,3.61,1.0,26.8,92.1,33.81,68.59
1516,3.6,3.88,39.2,88.1,34.47,67.94
1090,3.25,0.87,43.7,76.8,39.92,76.95
1818,3.91,1.41,37.3,99.8,32.66,61.66
668,3.95,1.22,41.6,54.3,43.58,86.08
1207,3.67,2.16,48.0,78.5,37.94,71.53
655,3.97,3.75,40.7,58.3,43.81,84.07
1306,4.17,1.96,49.5,81.8,36.19,70.96
1094,3.21,0.77,22.1,74.7,38.46,79.59
1870,3.83,4.55,45.7,106.6,31.61,60.27
1348,3.85,1.19,49.0,84.6,36.05,68.59
159,3.33,3.75,43.0,35.5,48.3,93.7
623,3.48,4.0,43.3,58.9,44.01,82.89
858,3.24,4.94,33.8,65.7,41.25,81.91
475,3.84,2.08,48.2,51.3,44.73,85.87
1761,3.65,4.83,49.9,99.5,31.77,60.85
1917,3.54,3.03,21.4,109.6,30.5,60.46
1787,3.76,2.59,39.8,98.9,31.98,63.02
86,4.1,4.15,23.4,33.1,48.71,100.0
1978,3.29,3.88,42.4,108.2,29.27,59.08
1907,3.43,4.94,29.3,103.5,31.47,59.81
1673,3.99,2.05,37.8,101.0,32.83,66.45
1750,3.67,0.79,25.4,95.9,32.08,63.45
1436,4.04,4.51,26.8,85.5,34.77,70.28
1657,3.96,1.14,48.6,95.8,34.35,61.76
1306,4.05,0.51,39.8,86.8,36.0,73.43
1987,3.3,4.35,20.8,109.7,31.03,59.81
1303,3.69,1.59,22.0,84.7,36.26,72.45
764,3.95,3.58,28.9,55.8,43.14,83.32
12,3.71,2.42,41.1,35.1,50.14,98.38
869,3.33,4.31,20.4,63.5,42.28,81.63
1688,3.9,4.98,48.0,99.6,32.32,60.88
1903,3.33,3.25,24.4,106.1,30.28,63.85
1108,3.94,2.74,28.6,70.0,39.64,78.69
1379,3.79,0.78,39.4,90.1,36.5,70.7
150,4.13,3.78,31.2,40.9,49.01,95.61
1797,3.83,4.04,38.0,102.1,31.46,63.72
391,3.42,0.97,41.6,44.9,46.63,89.76
1536,3.91,0.52,42.7,86.9,35.04,65.16
378,3.42,0.9,44.6,45.2,47.05,87.83
589,3.34,4.44,47.9,54.0,44.55,85.96
1672,3.37,3.79,22.3,97.4,34.17,68.86
1720,3.93,3.66,24.1,101.8,32.56,64.98
237,4.0,4.0,25.7,36.7,46.89,96.69
1986,3.31,0.78,20.4,109.2,29.74,60.99
228,3.52,1.3,43.0,38.1,48.05,92.0
928,4.11,3.9,39.9,67.4,41.25,78.36
675,3.92,4.57,40.6,61.9,43.86,84.79
781,3.38,3.32,49.1,58.2,42.91,82.14
1772,3.78,3.55,46.1,97.2,31.88,62.35
389,4.0,3.63,28.3,46.2,45.71,91.64
1143,4.02,2.99,41.8,80.1,37.83,73.65
1994,3.92,3.08,26.1,111.2,30.67,58.99
1153,3.45,3.79,42.2,72.7,39.14,74.05
383,3.57,0.91,37.3,45.7,45.47,91.96
467,3.91,2.88,46.2,49.8,44.77,86.34
701,3.56,1.29,24.2,62.9,42.86,86.32
574,3.64,3.48,44.6,50.2,43.55,84.63
1957,4.13,1.24,38.8,107.2,30.7,57.01
1381,3.4,1.7,26.9,89.9,37.04,72.79
1080,4.03,2.97,28.1,71.0,39.72,76.31
1913,3.53,1.14,21.6,102.0,30.64,63.31
107,3.53,1.33,37.8,31.5,48.39,97.23
366,4.04,3.38,35.6,47.2,46.26,92.31
253,3.28,0.68,24.5,41.0,46.73,94.82
368,3.71,1.79,33.1,46.9,45.33,90.21
1647,4.04,0.91,29.7,96.0,34.14,65.52
508,3.55,3.36,46.1,51.9,45.62,85.71
450,3.53,3.42,36.3,50.4,45.9,89.95
670,3.89,1.88,34.5,55.3,42.4,83.56
990,4.02,3.18,45.5,71.0,39.54,79.12
1945,3.22,2.08,49.8,105.9,31.32,57.29
310,3.75,4.39,29.8,43.0,47.44,93.39
1536,3.92,1.37,38.4,93.5,35.29,65.88
568,3.84,4.64,29.6,55.0,44.38,86.55
1576,3.74,3.93,36.6,90.0,34.38,68.07
1468,4.04,1.4,37.6,90.0,34.69,70.44
512,3.54,2.98,21.5,53.2,45.17,88.87
1498,3.69,2.12,26.8,93.0,35.42,71.66
1530,3.87,4.56,35.6,91.6,34.71,67.63
1209,4.09,3.78,42.4,73.9,37.59,72.47
1932,3.83,1.28,39.3,110.7,31.04,57.6
1985,4.17,2.75,34.2,110.3,31.0,60.51
759,3.76,2.32,21.7,62.2,41.5,84.73
1641,4.16,1.44,37.9,99.1,33.8,65.63
941,3.77,1.35,21.7,68.0,41.33,81.34
1290,3.79,2.81,27.1,80.0,36.49,75.63
451,3.34,2.2,20.9,47.7,44.86,91.02
987,3.77,1.11,35.0,73.0,39.57,76.89
1683,3.79,2.95,22.9,100.6,32.8,67.71
1958,3.38,0.55,32.7,108.2,29.73,61.27
1457,3.95,4.01,49.8,84.8,34.81,67.19
456,3.73,2.13,44.7,49.7,45.33,86.24
210,3.46,3.69,25.0,39.1,48.23,95.92
1776,3.23,1.64,42.3,97.7,32.38,62.42
1124,3.7,3.93,40.1,72.9,37.91,76.92
1034,3.5,4.62,31.6,76.3,40.26,79.92
520,3.89,1.42,42.8,52.7,43.99,87.05
891,3.93,1.32,47.4,67.0,40.3,78.91
1091,3.77,3.27,23.7,69.5,38.78,79.56
1419,3.71,0.51,45.2,83.3,36.01,67.74
23,4.15,1.49,38.9,33.8,50.2,96.51
1842,4.03,3.96,44.8,102.5,32.18,58.7
594,3.54,0.82,24.9,51.6,44.04,87.76
749,3.25,2.11,33.4,62.9,41.99,85.03
320,3.72,0.53,43.8,42.1,46.82,89.04
1752,3.21,2.48,24.8,97.5,32.42,66.52
123,3.77,2.69,29.2,38.2,48.68,97.35
525,3.5,1.43,44.8,46.7,44.05,87.27
1930,3.22,1.32,31.5,110.2,31.0,59.67
667,3.71,1.19,34.6,56.2,42.99,85.27
1795,3.72,2.0,41.8,99.7,32.52,62.03
1269,3.71,1.14,45.3,78.4,36.34,71.64
1023,3.72,3.21,38.5,68.1,40.03,77.21
1481,3.47,4.64,42.4,87.4,35.06,66.3
1189,3.92,2.61,44.8,73.9,37.28,72.01
783,3.6,0.79,38.7,56.5,42.08,83.46
791,3.74,2.22,44.1,59.7,42.02,80.81
1055,4.07,2.19,33.5,71.7,39.99,78.0
1945,3.5,2.67,49.8,106.2,30.67,58.21
850,3.52,0.96,34.1,63.2,42.35,80.92
1488,3.37,2.27,37.7,94.2,34.93,68.67
802,3.8,3.72,21.1,58.6,42.86,83.17
199,3.51,4.73,37.7,39.2,47.43,92.45
1280,3.78,2.33,22.5,86.2,37.36,72.88
1132,3.79,2.06,38.7,70.4,37.79,77.23
440,3.51,3.44,43.8,48.9,45.71,90.2
1118,4.02,0.7,42.1,76.0,37.84,75.96
99,4.03,1.84,46.8,37.7,49.6,93.12
1396,3.2,4.91,46.8,85.7,35.8,66.89
1498,3.59,0.86,24.1,89.5,34.73,71.38
961,3.54,2.77,28.7,65.3,40.28,80.87
1881,3.8,2.41,22.2,106.7,30.29,62.75
1076,3.83,1.87,26.3,77.3,40.12,76.55
888,4.02,3.79,43.1,62.9,41.18,78.03
1319,3.24,0.76,42.1,78.3,37.47,70.0
1286,3.91,4.89,36.2,85.8,37.41,72.35
44,3.78,4.69,43.0,30.1,49.58,96.71
566,3.74,3.54,29.1,55.9,43.79,89.9
1409,3.38,1.97,23.4,89.9,35.91,73.53
1445,3.46,2.17,31.5,83.8,35.98,69.63
406,3.37,1.11,34.5,44.2,45.55,91.43
408,3.75,2.94,23.0,46.5,45.22,92.31
254,3.52,3.83,24.2,36.5,46.74,93.9
1853,3.49,0.83,34.1,108.8,32.44,63.45
1451,3.32,1.96,27.4,85.3,36.33,69.94
378,3.61,3.46,38.7,47.2,45.94,91.47
1814,3.33,1.29,48.0,100.4,31.05,59.74
836,3.55,4.05,49.7,64.4,41.12,81.06
1546,3.93,4.92,31.9,93.7,35.26,66.05
548,3.49,4.4,29.1,55.0,45.18,88.05
1102,4.05,4.62,28.8,74.7,39.93,78.33
487,3.44,0.9,46.9,47.7,45.88,86.48
1817,3.48,2.96,47.5,101.7,30.89,59.08
1030,3.77,4.84,26.6,76.1,39.13,78.21
333,3.54,1.93,46.1,47.3,46.94,89.05
320,3.94,4.2,35.9,38.0,47.13,93.5
1097,3.35,2.27,48.7,78.7,38.27,76.2
170,4.2,2.65,42.2,34.1,47.93,93.1
1402,3.8,2.81,28.9,81.6,36.39,72.49
191,4.01,4.68,23.4,33.4,48.96,94.66
726,3.47,2.23,40.9,56.3,43.15,81.15
1038,3.76,3.76,47.7,68.0,38.65,74.45
1440,3.76,1.82,43.8,88.4,36.59,67.35
1639,3.5,0.63,20.7,95.7,34.42,67.62
103,4.19,3.4,31.7,36.4,49.76,97.48
114,3.35,1.51,49.9,37.7,48.86,93.68
1065,3.4,3.63,37.5,74.0,39.92,78.34
1580,3.57,3.68,47.3,88.6,33.55,63.23
1489,3.9,0.65,49.3,90.2,35.23,65.26
95,4.13,2.17,42.7,37.2,49.51,95.34
1326,4.02,1.62,42.7,85.9,37.45,69.28
1393,3.44,4.11,43.8,89.0,35.12,69.64
1881,3.82,4.57,33.5,110.0,31.16,60.28
107,3.98,2.68,20.1,38.9,49.55,97.58
967,3.87,1.99,36.7,67.0,40.05,80.9
1193,3.58,1.82,28.7,72.9,37.19,73.6
1788,3.55,2.83,38.2,101.5,31.89,61.43
1754,3.29,2.27,32.9,97.6,31.52,62.84
1732,3.86,4.99,35.5,103.4,33.37,61.92
793,4.13,0.55,29.6,65.9,42.89,81.64
513,3.26,2.72,22.3,53.7,44.98,91.16
1736,3.84,0.71,47.6,100.2,32.06,61.08
166,3.79,4.35,30.2,38.7,47.56,97.23
969,4.02,0.81,29.5,67.8,40.61,79.11
1280,3.9,2.5,23.1,85.2,37.94,75.75
1024,3.6,2.03,24.2,71.3,39.73,77.88
1860,3.92,2.46,26.6,104.1,32.01,64.01
627,4.05,4.91,32.8,54.2,44.5,87.89
1633,3.36,1.58,32.1,91.0,33.08,65.74
1502,4.05,2.36,30.2,94.4,35.75,67.91
1631,4.09,0.59,30.1,90.9,34.31,65.23
1452,3.37,2.77,36.7,87.2,36.03,71.12
1292,4.02,3.23,23.0,85.9,36.78,73.69
953,3.29,1.84,39.6,64.3,39.71,79.73
1863,3.71,1.29,20.8,104.6,30.63,63.79
1531,3.21,3.85,22.6,94.3,35.69,67.93
694,3.67,4.64,26.3,58.2,43.95,86.38
1592,4.02,0.73,21.5,89.6,33.63,68.67
1995,3.42,0.74,28.4,111.4,30.9,60.77
1886,3.35,3.67,42.8,109.5,31.51,57.67
276,4.12,4.71,34.3,45.5,47.96,92.22
918,3.45,2.49,28.4,67.5,41.53,81.75
1262,3.29,3.53,23.0,78.3,37.18,74.39
595,4.15,0.82,49.0,51.3,43.29,83.66
910,3.51,4.5,45.5,65.9,40.23,79.83
334,3.34,2.09,45.5,42.2,46.1,91.11
1426,3.33,2.97,28.3,86.9,35.44,71.8
729,3.91,3.3,37.8,63.8,42.42,82.4
1364,3.42,4.88,29.2,83.8,35.73,70.6
543,3.53,0.91,22.9,56.3,43.64,90.32
175,3.56,4.49,47.5,32.6,48.42,91.41
1498,4.12,4.1,38.4,91.9,35.2,68.08
1190,3.39,2.22,42.2,74.8,37.14,71.67
1024,3.21,1.33,49.8,74.2,39.24,76.17
750,4.16,3.82,33.0,58.1,42.29,83.97
1269,3.39,1.7,32.0,80.4,37.8,73.29
1038,3.84,2.33,49.4,75.3,39.96,75.29
1557,3.43,4.53,42.9,97.0,35.16,64.83
1460,3.75,1.78,30.1,92.5,34.79,71.65
260,3.57,1.88,28.7,35.4,46.75,94.0
1135,3.68,3.33,46.5,75.3,38.14,72.79
1533,3.87,1.43,40.9,91.6,34.12,66.46
443,3.91,4.37,21.7,48.0,45.22,93.55
27,3.35,4.55,33.4,29.5,49.79,100.0
584,4.11,3.59,48.3,48.4,45.09,85.69
1520,3.74,1.09,38.4,91.8,33.8,68.75
770,3.55,1.13,29.7,56.3,41.91,85.58
49,3.94,2.97,22.7,34.8,49.15,98.51
832,4.18,3.85,37.2,67.8,41.68,82.22
852,4.19,2.92,32.3,65.0,40.77,82.39
1947,3.63,3.73,24.8,107.3,29.8,61.01
1936,3.43,2.92,31.3,107.1,31.36,61.34
677,3.62,4.74,20.3,61.3,42.84,85.34
1731,3.36,4.73,42.2,103.1,33.34,63.94
1079,3.93,1.31,45.7,70.4,39.89,76.89
286,3.71,1.66,20.1,43.9,47.49,95.64
449,3.39,3.06,47.5,50.7,46.31,87.74
1744,3.26,4.43,38.1,102.3,31.62,63.44
1514,3.84,2.31,48.1,95.1,34.47,67.4
274,3.47,4.79,21.6,41.3,48.02,95.14
1489,3.74,4.28,21.2,89.0,35.77,71.87
958,3.61,1.11,26.3,65.3,40.59,81.04
871,3.49,1.61,22.1,67.9,40.36,84.75
1572,3.3,4.69,45.5,88.0,34.44,67.29
980,3.65,3.39,23.0,66.5,39.38,81.69
715,3.21,4.45,37.4,59.8,43.0,83.74
1005,3.94,3.66,41.9,74.4,39.96,76.56
1792,3.34,4.06,32.7,98.6,31.86,62.15
479,3.69,4.84,27.0,50.5,44.74,90.11
773,3.64,0.82,44.2,63.4,41.52,81.55
1095,3.64,1.64,46.3,73.4,39.39,74.98
1922,3.44,4.49,20.3,108.7,31.4,60.66
63,4.16,3.39,34.7,36.6,49.09,99.02
993,3.28,0.61,34.4,66.4,39.78,80.25
1416,3.78,3.41,39.2,87.7,35.09,68.0
677,4.03,2.44,20.8,55.2,42.26,87.96
1147,3.55,4.84,21.1,73.9,38.85,79.26
1607,3.98,1.4,41.2,91.0,33.18,63.99
711,4.08,3.59,27.0,55.2,42.07,86.52
1030,3.61,0.64,26.0,66.3,40.31,78.9
184,3.52,3.91,40.7,41.5,47.2,94.65
1293,3.23,0.57,32.8,77.5,37.24,73.58
1016,4.14,4.68,44.7,73.4,39.26,76.68
620,3.88,2.43,20.6,50.5,43.37,88.44
436,3.55,1.79,34.4,47.7,44.99,89.4
34,3.42,1.36,29.4,33.7,50.55,97.56
1363,3.39,2.21,31.3,86.9,35.55,70.51
1304,3.6,2.42,22.6,78.4,36.43,73.95
1378,3.27,2.72,41.0,87.8,36.26,68.73
491,3.64,3.61,31.1,46.8,45.48,90.23
848,3.83,1.54,25.6,68.8,40.81,82.89
94,4.18,1.84,21.5,35.9,49.97,99.37
1174,3.3,4.36,46.4,72.8,39.23,71.63
98,4.17,0.94,35.7,32.7,49.37,95.03
1697,3.94,4.24,32.6,101.0,32.83,65.77
402,3.36,1.45,28.8,46.3,46.41,89.6
1618,3.93,3.65,35.7,94.1,32.88,67.7
1177,3.39,2.89,29.0,74.1,37.28,76.65
1987,4.09,3.15,38.3,108.0,30.31,58.13
1609,3.67,1.79,41.6,90.4,34.88,66.12
1905,3.53,1.94,33.7,110.6,30.08,60.54
124,3.71,3.57,47.0,32.3,49.42,94.35
1883,3.44,4.63,20.4,102.8,30.54,63.74
1671,4.06,2.57,28.2,98.7,33.78,65.7
1034,3.65,4.05,47.5,69.7,39.31,75.3
1022,3.89,3.65,47.3,69.3,38.8,77.44
234,4.04,4.83,33.4,37.7,48.63,93.21
1731,3.3,2.0,30.4,97.1,33.36,64.71
1859,4.13,1.07,43.5,108.1,30.43,59.34
1049,3.82,4.23,25.9,67.7,39.05,77.29
375,4.19,2.0,36.7,41.4,45.57,88.92
1877,3.42,0.55,42.2,104.5,30.32,60.31
596,3.32,0.56,35.3,54.9,43.87,87.72
352,4.09,3.58,36.7,42.3,46.53,92.54
1959,3.77,3.1,31.0,110.2,30.0,59.22
820,3.73,3.32,31.1,61.9,40.83,83.21
714,3.97,4.64,23.7,56.2,43.83,84.31
779,3.25,2.24,30.2,56.5,42.8,84.52
470,4.11,1.95,26.6,51.9,45.59,92.2
493,3.33,2.39,39.5,50.7,45.87,87.96
329,3.68,4.03,22.4,46.0,46.93,93.88
358,4.07,2.82,34.9,49.3,47.23,92.41
766,3.99,2.61,26.0,65.1,41.66,84.09
1443,3.51,0.85,41.7,87.9,34.61,69.59
616,4.19,1.5,34.7,54.4,44.77,87.17
1183,4.01,4.48,24.0,77.0,37.87,78.19
1964,3.38,1.07,44.6,107.0,30.74,58.78
1012,3.37,0.72,41.5,67.5,39.39,76.15
957,3.34,3.99,45.2,68.4,40.73,77.79
176,4.19,2.75,28.4,35.5,48.31,97.17
374,4.07,3.6,46.3,49.0,46.12,88.19
1933,4.03,1.76,33.2,105.4,31.06,60.89
1685,4.19,2.68,36.7,93.1,32.36,65.6
1673,3.27,3.88,31.3,100.9,32.35,63.66
439,3.22,1.47,35.3,46.2,44.82,90.4
935,4.05,4.05,49.1,65.2,39.73,77.28
976,3.27,4.5,30.7,64.3,39.86,79.63
176,3.56,3.3,38.7,39.3,48.43,94.51
150,3.92,3.59,49.0,39.3,48.79,92.21
701,3.25,4.66,36.4,54.7,43.89,85.46
277,4.19,4.12,23.4,39.6,46.57,96.19
834,3.3,4.62,39.1,61.1,41.7,81.7
658,3.83,1.43,28.8,60.7,43.35,85.21
504,3.84,3.84,48.8,49.5,45.52,84.81
1037,3.23,2.26,28.2,67.0,39.88,79.33
74,4.06,4.55,28.7,31.2,48.34,97.66
178,3.33,3.43,20.2,37.3,47.65,95.9
1061,4.17,3.83,42.1,76.1,39.96,77.25
1758,4.17,4.25,45.6,98.7,32.11,62.71
620,3.96,0.95,21.3,56.5,43.34,86.21
400,3.91,1.77,39.2,50.6,45.45,88.55
368,3.64,4.79,28.2,48.3,46.46,91.91
1665,4.06,1.73,20.4,95.9,32.76,65.53
1342,3.39,0.73,39.9,85.8,37.53,72.86
722,3.84,4.54,43.7,55.7,42.1,82.54
44,3.39,1.73,38.8,29.2,49.11,95.93
793,3.91,0.96,27.5,61.6,41.83,82.68
1241,3.47,2.33,46.3,78.2,36.91,72.69
1086,3.5,4.81,23.3,72.6,38.78,78.28
1982,3.99,2.42,31.7,109.0,30.56,60.73
722,3.29,4.91,50.0,61.3,42.04,80.5
741,3.24,1.27,40.2,57.0,42.72,84.15
1551,3.65,1.74,40.2,90.2,35.26,64.84
755,3.57,4.31,43.4,56.2,43.04,81.87
1760,3.67,4.59,27.5,99.7,32.95,65.84
830,4.11,2.34,39.9,63.4,42.61,82.44
1793,3.65,3.81,34.1,105.5,31.16,62.62
1732,3.55,3.7,48.9,101.4,32.52,60.97
1804,3.96,3.3,45.0,101.9,32.22,61.05
150,4.04,3.96,40.8,33.0,48.92,94.1
1110,4.12,2.01,46.4,74.5,38.52,72.79
1629,4.01,2.41,26.9,94.9,34.35,65.22
1604,3.64,3.4,48.8,90.6,34.37,63.34
429,3.56,2.27,48.1,44.5,46.42,86.99
165,3.87,1.19,39.4,39.5,47.97,95.02
1698,3.62,4.36,25.3,98.8,32.42,66.5
1368,3.55,4.99,47.3,83.1,35.43,70.19
1950,3.49,1.08,20.8,103.4,31.18,61.97
1354,3.42,1.62,42.9,87.7,35.93,72.22
593,3.93,4.27,21.1,53.7,45.06,86.77
1543,4.19,3.4,30.8,93.0,34.15,67.59
419,3.95,4.29,25.2,42.9,45.93,91.0
354,3.26,2.6,41.2,48.8,47.25,89.72
597,4.01,2.07,47.3,50.8,43.9,83.86
524,3.37,2.88,30.6,55.3,45.38,87.24
1471,4.19,4.9,23.6,85.4,35.42,69.63
263,3.89,2.4,32.4,43.0,46.97,93.78
1929,4.15,1.07,22.0,102.6,30.02,62.04
1808,3.31,4.26,28.4,99.1,31.34,62.95
476,3.86,1.18,20.7,49.6,44.58,89.59
750,3.26,3.37,33.8,64.4,41.94,85.38
588,3.44,3.64,49.9,58.2,43.84,85.22
975,4.14,1.37,24.3,71.9,39.6,81.43
223,4.2,2.03,41.9,41.9,48.64,94.0
707,4.17,4.58,49.7,54.5,42.57,81.15
495,3.78,2.47,23.2,48.2,44.8,88.79
1766,4.19,3.85,20.8,101.6,31.71,66.34
275,3.45,2.85,38.0,42.2,46.78,93.03
1732,3.85,4.33,35.5,96.4,32.43,65.43
1699,3.56,1.17,46.4,102.8,32.81,64.6
1026,3.42,2.81,37.3,67.3,40.2,78.08
1483,3.23,3.1,41.0,86.9,34.56,67.4
748,3.61,2.81,24.1,55.4,41.74,85.42
145,3.83,2.96,31.3,36.4,49.42,94.29
878,3.52,4.79,21.5,67.2,42.0,81.53
641,3.43,4.01,24.8,57.7,42.76,89.15
735,3.42,0.6,40.6,61.6,43.04,82.76
832,3.95,3.14,20.3,67.7,41.59,84.82
107,3.96,1.58,30.9,36.3,48.55,95.22
1627,3.56,4.12,32.3,92.8,33.19,66.06
570,3.35,4.12,25.7,50.9,44.32,87.69
68,4.0,4.53,48.5,36.4,48.33,94.61
113,3.86,1.58,29.5,36.2,49.2,97.34
1844,3.36,1.45,41.1,106.2,31.54,61.89
712,4.13,3.35,45.4,57.5,42.32,83.07
189,3.38,4.76,21.4,40.6,47.63,95.06
1860,3.21,3.57,40.0,108.6,30.75,60.99
1191,3.55,1.08,42.3,76.8,37.26,74.25
666,3.46,2.89,44.0,56.1,43.42,84.52
203,3.36,2.97,22.0,38.7,47.2,94.86
504,3.71,1.51,37.4,46.0,44.34,89.05
778,4.18,1.76,44.9,66.1,42.6,83.44
1784,4.01,2.65,31.8,97.9,32.71,63.33
14,4.04,0.91,45.1,34.0,50.77,96.78
1007,3.6,0.95,45.8,71.6,39.34,76.87
238,4.17,4.86,40.0,43.8,47.67,91.85
1875,3.44,2.31,41.7,107.5,31.79,61.4
804,3.4,4.2,28.3,61.9,41.07,83.47
586,3.65,1.14,24.3,54.4,44.77,88.08
1793,3.27,2.32,38.0,105.3,32.71,62.7
1741,3.55,1.61,39.3,95.5,31.76,61.06
168,3.75,1.89,24.7,37.1,49.04,95.12
848,4.0,1.06,49.5,68.5,41.46,80.55
1303,3.65,3.19,21.5,85.8,37.26,73.81
1402,3.91,4.97,22.1,88.2,35.79,71.91
1956,4.03,3.01,30.2,111.2,29.92,60.09
1679,3.88,4.63,39.1,100.8,34.19,65.97
440,4.09,1.72,44.0,45.3,45.63,87.66
120,3.66,1.9,33.1,38.6,48.47,95.01
1219,3.61,1.81,34.3,79.4,36.84,73.62
628,3.31,1.76,46.8,55.9,43.83,85.79
1012,3.68,0.96,44.1,67.5,39.2,77.34
880,3.79,2.07,39.2,67.3,41.43,80.26
1269,3.81,4.29,39.9,76.0,37.23,72.88
874,4.0,2.06,24.8,64.6,41.68,83.02
712,3.75,2.57,33.2,58.5,41.95,86.07
1518,3.82,0.56,26.0,94.3,34.63,69.97
1293,3.79,4.1,23.9,83.6,37.4,75.74
1789,3.68,1.84,47.3,106.0,32.65,60.71
1973,3.49,2.59,23.8,105.9,30.19,60.14
356,3.38,1.74,33.7,40.3,47.0,90.35
953,3.21,2.22,30.0,68.2,40.3,79.77
1409,3.59,1.89,42.7,89.5,35.76,67.29
1547,3.3,1.27,20.9,89.0,34.92,68.98
1856,3.82,1.16,30.5,105.4,30.61,62.76
1712,3.83,1.5,36.8,101.3,32.86,62.38
763,3.64,4.45,48.7,55.8,42.43,81.34
336,3.96,3.01,24.9,40.6,46.88,94.54
256,3.59,4.92,32.1,35.9,47.45,93.71
1301,3.49,2.97,41.7,80.2,37.51,73.29
562,3.88,0.98,33.0,52.5,44.87,85.93
1383,4.06,1.69,38.5,86.0,36.68,68.56
1302,3.64,3.46,40.2,85.7,37.85,73.37
98,3.74,4.47,36.9,31.2,49.08,94.48
1124,3.97,4.52,47.6,79.7,39.73,74.35
568,3.52,0.71,20.9,53.3,43.48,89.61
1537,3.25,4.4,45.5,87.1,33.89,68.09
1822,4.06,1.67,39.9,98.9,31.1,61.61
1698,3.49,4.11,38.3,93.8,33.01,62.19
1522,3.35,2.47,50.0,89.7,35.73,65.93
1194,3.51,1.75,23.7,79.3,38.48,76.81
456,4.06,3.41,34.4,53.0,44.62,91.03
112,3.36,3.46,33.8,35.0,48.13,96.58
1017,3.95,3.46,36.5,73.2,40.32,79.78
1313,3.29,0.88,41.6,81.5,36.27,70.76
1242,3.43,1.98,49.6,82.8,37.75,71.92
710,3.83,1.21,24.5,58.6,42.89,86.57
560,3.77,4.17,23.8,51.3,44.62,87.54
360,3.52,0.78,46.7,46.3,46.34,89.48
1173,3.83,4.88,32.1,81.7,38.16,75.34
1482,3.33,0.76,37.9,90.5,34.51,69.61
1066,3.43,3.06,35.6,71.3,38.85,75.73
1910,3.78,0.68,49.8,101.7,31.24,58.93
881,3.32,2.59,20.6,65.4,41.1,82.5
1219,3.33,2.29,45.9,82.5,37.98,74.34
916,4.17,2.09,22.7,69.2,39.99,83.7
1627,4.18,2.49,28.3,97.7,34.6,66.47
940,3.7,2.52,36.6,68.6,40.92,78.43
1530,3.65,3.3,35.5,94.2,34.75,66.18
482,3.21,2.11,20.0,49.7,45.35,90.41
437,3.57,2.09,27.6,51.0,44.97,90.78
996,3.56,0.71,28.6,74.5,39.98,79.33
970,3.73,4.1,36.5,70.8,40.4,79.57
554,3.85,3.22,37.6,56.5,45.34,87.27
201,3.24,3.46,37.5,42.4,47.31,93.37
703,3.82,4.57,38.9,56.3,43.8,82.38
1203,3.88,3.15,44.3,81.0,38.91,71.88
109,3.8,3.23,36.0,31.6,48.78,97.82
16,3.61,4.75,31.0,25.7,49.41,100.0
488,3.75,3.58,25.3,50.0,44.82,91.73
1686,3.41,1.22,25.1,98.7,33.15,65.59
933,3.74,4.56,39.0,62.7,40.19,77.34
49,4.2,2.58,49.8,34.5,49.52,94.71
1354,3.81,4.38,28.5,83.2,36.6,70.82
671,4.17,1.4,39.5,52.6,43.47,85.41
889,3.39,0.69,47.5,67.1,40.75,77.45
1379,4.08,3.78,24.3,89.3,35.37,72.19
1604,3.97,4.3,31.1,90.9,34.51,67.18
978,3.25,2.18,28.5,70.0,41.04,81.62
471,3.67,4.43,36.2,44.9,44.68,89.58
682,3.4,4.4,47.7,59.9,43.28,83.92
1469,3.44,3.43,47.9,88.9,34.53,67.71
889,3.91,4.2,30.9,62.8,41.61,79.97
1395,4.16,2.56,44.8,83.5,35.08,67.47
1664,3.85,3.73,32.3,100.9,33.42,66.27
663,3.81,1.58,43.1,55.7,42.39,85.9
1231,3.62,3.02,40.8,80.2,38.22,72.52
656,3.41,4.21,22.4,60.2,42.49,87.68
1732,3.77,2.19,32.1,101.0,33.63,62.3
482,3.63,1.65,27.0,48.4,44.86,91.28
1662,3.53,1.5,22.3,99.1,33.64,66.4
1157,3.8,3.09,45.5,71.7,38.14,72.65
462,3.87,1.73,32.2,50.5,45.21,91.4
151,4.0,4.64,22.6,38.2,49.21,96.21
25,3.36,0.57,39.8,35.4,49.54,98.13
685,3.94,2.36,28.7,54.7,42.19,84.85
860,3.26,3.14,29.7,65.7,40.47,83.85
1979,3.3,0.98,43.9,110.7,29.44,56.47
1831,4.09,0.86,24.5,104.6,32.12,64.92
1436,3.54,2.51,41.0,89.1,35.96,68.97
317,3.98,1.21,31.7,37.8,46.92,94.23
1250,3.95,4.04,27.8,81.8,37.87,74.3
924,3.3,1.4,34.5,70.9,41.07,78.24
584,3.32,4.02,40.3,58.2,44.85,86.76
65,4.0,4.94,32.6,37.0,50.0,96.03
193,3.73,1.01,21.2,38.0,48.18,98.64
826,3.66,3.62,20.1,61.0,41.39,83.9
271,3.42,2.56,40.5,44.5,47.31,93.84
429,4.03,2.87,43.9,43.2,46.67,89.78
1181,3.71,4.04,40.4,77.4,38.61,74.2
1048,3.57,3.04,40.2,75.0,39.08,77.44
1368,3.31,0.56,20.2,83.8,36.21,71.43
734,3.38,4.81,40.4,62.0,43.11,83.14
741,3.72,4.64,46.3,56.2,43.08,83.68
758,4.02,2.89,24.7,63.8,42.54,85.32
488,3.22,1.61,39.2,46.7,45.31,88.28
498,3.62,1.03,22.1,50.8,45.4,89.08
1751,3.56,4.9,47.4,104.2,32.12,60.73
321,3.56,3.65,23.8,42.2,46.2,92.95
313,3.3,2.67,46.4,43.9,47.06,89.85
1310,4.18,0.82,20.6,84.7,37.14,74.41
178,3.78,3.48,33.3,40.1,48.35,95.64
661,4.06,0.7,25.5,54.6,43.99,87.35
1911,4.15,0.78,25.0,108.6,31.09,63.54
1129,3.69,4.98,37.6,70.2,38.71,74.12
1836,4.12,4.2,25.6,107.0,30.7,64.73
185,3.45,4.97,36.1,42.0,47.58,92.95
1341,3.82,2.55,49.2,83.1,36.86,68.17
299,3.58,3.27,27.5,42.2,46.47,95.59
1945,4.11,2.6,37.2,110.1,31.03,58.97
968,3.66,3.49,26.3,68.2,39.37,79.82
1319,3.55,0.74,41.4,79.1,37.45,71.72
477,3.42,3.19,24.2,50.5,45.59,91.23
1733,3.48,0.5,31.9,98.0,32.97,64.32
723,3.21,4.59,26.7,55.3,43.53,84.01
1358,3.35,2.88,30.6,88.9,36.16,73.11
525,3.3,1.31,30.2,46.2,44.94,89.75
196,3.25,2.14,37.8,39.7,47.53,94.21
1221,3.58,1.29,42.0,83.1,37.3,74.09
1625,3.59,2.67,40.8,94.8,34.51,63.75
1425,4.07,2.67,41.5,85.2,36.5,69.02
1266,3.92,3.2,25.3,83.9,36.58,75.2
1203,3.33,3.87,39.7,82.1,38.21,71.84
815,3.84,2.52,43.8,65.3,42.71,82.75
874,3.98,3.02,35.0,61.3,41.92,79.65
753,3.38,0.65,44.3,58.7,42.21,82.39
1386,3.91,1.36,41.4,80.6,35.37,68.91
1224,3.94,2.03,31.9,76.0,37.31,73.4
1937,4.12,3.64,30.0,109.4,31.34,58.97
1975,3.23,1.65,44.5,112.2,30.36,58.08
731,4.14,3.96,26.7,60.2,41.81,84.52
1121,3.81,3.24,49.8,77.2,38.0,72.1
1865,3.8,4.15,20.7,108.4,30.73,65.29
452,3.26,1.94,47.7,50.6,44.59,85.72
1634,3.8,2.06,40.6,92.4,34.02,65.94
1949,3.75,3.87,37.5,110.1,30.41,57.84
1168,3.48,4.24,42.7,81.2,38.2,75.92
1124,3.57,2.38,48.0,70.3,37.84,73.97
464,3.43,4.5,25.1,45.2,44.76,91.17
1005,3.99,4.12,33.6,67.9,39.21,79.38
706,3.78,0.76,37.9,56.9,42.2,84.96
44,3.89,2.19,36.6,31.0,49.62,95.59
388,3.46,0.65,40.4,47.0,46.36,90.86
633,3.81,1.27,45.5,59.4,44.5,85.81
682,3.31,2.23,29.2,57.8,43.3,85.12
1292,3.56,4.39,48.3,77.2,37.76,71.8
1320,3.66,0.65,37.6,78.0,37.78,70.46
992,3.34,1.74,34.0,70.8,40.31,79.39
542,3.25,4.23,43.1,54.3,44.06,87.6
135,3.31,2.76,40.9,32.3,49.44,96.85
1716,3.36,3.61,41.9,99.8,33.38,62.57
212,3.3,2.42,26.4,40.3,47.92,97.21
163,3.68,3.6,49.7,41.2,48.5,92.07
531,3.56,2.41,25.8,52.0,44.94,90.55
899,3.58,2.85,27.5,70.2,40.88,81.09
1713,3.63,2.95,43.1,98.2,32.46,61.34
1295,3.31,1.67,48.0,84.6,37.8,69.91
1079,3.5,0.65,37.1,74.0,38.9,77.9
335,3.22,3.5,26.0,39.7,46.16,93.83
1588,3.65,3.28,20.3,96.4,34.08,67.76
1752,4.0,3.55,30.9,103.5,32.51,64.37
831,3.4,4.47,24.1,58.6,40.74,82.49
1359,3.91,2.31,37.7,82.8,36.45,70.68
1824,3.35,3.61,42.1,106.6,31.73,59.13
1813,3.64,4.79,25.6,102.0,31.81,63.82
1929,4.07,3.89,38.4,106.1,30.25,59.25
983,3.48,3.38,41.1,69.5,41.02,76.0
1240,3.28,2.69,34.2,80.9,38.4,75.1
130,3.78,3.19,37.9,32.8,48.2,97.33
146,3.4,3.7,37.0,31.1,48.5,93.55
159,3.21,2.99,21.8,38.5,49.29,97.51
1469,3.48,4.25,36.5,85.7,35.43,70.21
904,3.84,3.57,49.7,65.6,40.59,79.0
336,3.26,1.52,48.5,41.0,46.42,90.36
386,3.29,3.65,37.9,42.9,46.21,91.51
315,3.91,1.48,22.3,37.8,46.7,94.46
1820,3.75,1.61,48.7,100.7,32.45,59.15
1759,3.4,2.71,21.5,99.4,31.72,64.91
1735,3.58,2.43,46.3,100.4,33.1,63.21
1937,4.11,4.73,39.2,111.9,30.38,60.73
986,3.31,4.5,33.9,67.4,40.82,78.39
441,4.02,3.61,46.0,46.5,45.84,86.94
1959,3.9,2.83,23.8,104.6,30.35,59.13
1908,3.36,4.69,26.1,111.1,30.77,61.67
720,4.14,3.08,33.1,60.9,43.45,85.27
143,3.22,2.41,41.2,36.4,48.94,95.41
347,3.47,4.94,28.1,44.4,47.4,91.6
1718,3.75,3.61,22.7,99.3,33.34,67.41
62,3.41,2.58,27.5,36.7,48.75,98.8
1879,4.18,3.34,30.9,107.7,30.97,63.04
545,3.33,1.24,24.3,54.5,44.34,89.98
1248,3.7,4.1,29.2,79.5,36.75,72.65
1057,3.48,1.11,23.3,68.7,38.44,80.2
1049,3.23,1.76,23.7,75.6,39.37,77.56
1387,3.71,3.43,37.6,83.2,36.77,69.53
1221,3.67,4.2,32.7,81.2,38.51,72.53
290,4.02,1.5,46.6,37.8,46.12,92.96
911,3.58,3.52,24.7,66.5,41.25,81.6
1664,3.39,1.25,45.5,95.5,32.75,62.52
890,3.45,4.24,37.2,60.8,41.66,82.31
1012,4.13,0.88,24.9,75.1,39.07,81.14
1235,3.79,2.88,21.1,77.5,38.09,76.04
1930,4.2,2.44,39.6,110.6,31.06,60.76
220,3.78,1.3,23.4,34.2,48.57,94.25
1436,4.07,3.33,20.5,87.9,36.62,70.36
1977,3.66,1.32,21.3,110.6,31.09,61.21
595,3.97,3.11,34.1,57.4,43.34,87.68
857,3.95,2.01,36.2,62.1,41.06,79.8
799,3.96,0.96,28.5,57.9,42.15,83.95
1985,3.26,2.28,32.0,112.2,30.04,59.09
1326,4.07,3.59,22.5,80.0,35.86,73.42
617,4.05,3.98,34.0,49.9,44.12,87.7
242,3.22,2.73,25.2,35.4,46.94,96.71
1357,3.71,3.51,29.3,81.1,36.89,70.65
550,3.4,4.65,33.5,47.9,43.79,86.9
192,4.03,1.78,41.9,41.2,47.93,92.04
1222,3.59,1.84,42.0,75.7,38.66,71.64
315,3.44,0.84,30.1,42.2,46.82,93.92
113,3.74,4.43,41.3,31.2,47.98,94.85
285,3.76,0.72,37.2,41.5,47.28,90.9
676,3.21,4.32,40.1,56.3,43.38,83.56
1120,3.64,1.57,49.7,75.7,38.46,72.05
822,3.96,4.32,48.7,64.2,41.09,80.7
1930,3.78,3.44,46.1,104.9,30.99,57.56
1963,3.38,0.92,22.0,107.1,30.78,63.11
1187,3.45,2.37,30.4,75.7,38.02,75.2
582,4.03,2.27,34.7,52.6,43.49,85.7
1143,3.97,2.2,44.7,75.5,39.48,74.55
1590,3.4,4.22,28.5,97.0,33.58,66.07
1474,3.94,4.88,48.9,89.8,34.61,64.98
1200,3.23,3.86,40.3,82.6,37.12,73.79
825,4.03,1.33,40.4,61.1,42.28,81.87
1795,3.73,2.42,47.9,105.3,32.09,62.03
1604,3.69,4.14,39.3,90.2,34.16,64.2
6,4.14,3.36,39.1,27.1,50.83,97.55
1136,3.49,2.97,43.2,76.4,38.19,74.33
1183,4.15,4.4,36.1,74.1,37.32,72.85
811,3.35,3.24,43.9,62.9,42.66,82.78
814,3.31,1.15,32.6,65.0,42.4,82.65
934,3.31,1.46,26.3,64.8,40.73,82.36
1779,3.35,4.0,30.6,103.9,32.99,63.03
274,3.29,3.38,42.8,41.7,46.45,90.26
850,4.16,1.25,47.5,67.3,42.21,79.98
407,3.48,4.18,25.9,50.1,46.44,90.27
84,3.61,3.7,26.6,34.4,49.6,97.93
1515,3.35,3.72,33.0,90.0,35.22,67.55
413,3.37,1.77,47.9,50.7,45.63,89.71
82,3.82,2.52,33.0,36.7,49.99,96.51
1406,4.02,2.56,49.6,87.4,35.1,67.28
1564,4.07,2.73,33.3,96.6,33.76,69.09
1396,3.5,1.2,41.9,90.7,36.32,67.96
891,3.32,2.8,31.0,68.5,41.11,80.54
786,3.97,2.22,30.1,63.7,42.94,84.98
1530,3.42,2.56,29.6,94.8,34.09,70.55
1501,3.47,4.68,32.1,89.3,35.42,70.35
1844,3.68,1.4,30.5,101.4,32.19,61.67
82,4.02,2.19,28.3,30.2,49.65,96.69
1267,3.26,4.69,23.8,80.0,37.4,76.02
1876,3.4,4.92,46.6,101.6,31.13,60.96
44,3.68,4.84,25.0,34.7,49.62,99.97
673,3.34,1.21,27.8,52.3,42.32,86.82
737,3.51,3.38,23.8,58.3,42.4,86.85
863,4.17,3.85,33.3,69.3,41.84,80.4
449,3.29,0.66,27.0,52.8,45.49,89.15
1739,3.61,0.9,44.8,98.8,31.89,60.75
210,3.84,1.3,31.4,34.5,48.13,95.49
342,3.49,2.98,38.7,45.1,46.69,89.64
815,3.73,2.56,41.3,59.8,40.98,82.94
268,3.84,3.34,49.1,42.6,46.99,92.95
397,3.64,4.48,31.6,49.7,45.86,89.1
34,3.67,2.68,41.0,27.6,48.72,95.61
1870,3.89,1.66,30.3,106.5,31.63,62.34
1974,3.29,2.04,29.8,106.2,29.27,59.93
580,3.2,2.81,36.3,54.6,44.13,86.92
84,3.34,2.47,23.0,33.1,49.61,100.0
1695,3.31,3.52,30.1,96.0,32.45,65.99
1443,3.68,3.48,27.1,83.6,35.94,70.96
685,3.88,2.34,39.7,59.9,43.64,83.82
1407,4.01,2.12,35.2,86.4,36.91,69.65
913,3.22,4.73,44.8,63.5,41.52,80.33
63,3.68,2.96,33.3,35.2,50.25,98.55
683,4.11,4.82,43.0,61.2,43.1,82.53
647,4.07,3.57,21.1,56.8,43.68,87.82
1599,3.25,4.35,21.5,91.9,34.63,66.63
1041,3.82,4.59,39.4,76.5,40.09,77.04
1589,3.23,1.47,35.4,95.2,34.26,65.08
1075,3.47,3.33,30.9,70.7,39.87,75.63
1332,3.22,1.04,34.0,79.0,36.9,71.58
867,3.62,2.65,23.4,65.2,41.43,84.59
72,3.49,1.01,42.1,28.6,49.32,96.96
451,3.59,0.75,39.7,49.1,45.34,87.44
595,3.91,4.85,44.6,55.7,44.36,86.75
361,4.05,3.59,32.4,47.3,46.92,90.1
1337,4.1,3.32,44.7,79.0,37.09,69.89
972,4.08,3.77,24.1,73.2,41.08,80.69
1264,4.16,3.21,20.1,85.2,37.63,77.24
158,3.66,0.81,34.1,34.4,47.7,97.18
817,3.33,2.37,31.5,58.6,41.65,81.53
456,3.47,2.08,27.0,49.2,45.7,91.47
141,3.6,0.94,49.8,37.5,48.44,92.91
744,3.97,0.88,45.7,57.8,42.14,80.94
1031,3.23,2.79,49.8,76.0,40.3,75.56
30,3.66,4.84,42.3,28.2,49.03,96.99
1363,3.85,2.72,22.2,83.3,35.63,72.94
1620,3.3,1.19,34.2,92.7,32.81,67.67
282,3.23,3.87,48.7,39.8,47.49,92.39
1727,3.21,1.06,22.7,100.5,33.34,67.09
1010,4.03,1.9,39.4,69.8,39.42,77.81
1588,3.68,1.55,30.7,97.0,33.59,65.72
351,4.04,3.65,45.8,48.5,45.5,89.14
1369,3.78,2.56,38.4,85.8,36.82,70.83
1883,3.74,2.83,20.5,102.4,31.9,62.51
763,3.63,4.56,23.7,63.5,42.17,83.85
880,3.41,3.79,47.5,65.1,40.41,78.77
122,3.74,3.51,29.6,31.5,48.28,97.72
1981,3.94,0.67,21.3,104.9,30.13,59.55
545,4.11,4.52,24.9,56.6,43.73,87.16
1187,3.98,2.19,39.5,73.6,37.53,73.29
954,3.7,3.76,28.8,66.8,39.93,79.29
650,3.98,3.93,46.9,54.1,43.64,85.36
1170,3.21,1.57,36.0,74.1,38.61,75.17
1494,3.31,2.4,47.3,86.7,35.33,68.28
1357,3.21,4.45,33.8,84.8,36.6,70.47
998,4.05,4.87,26.6,71.7,39.36,79.8
597,3.53,2.96,48.7,50.7,43.57,84.54
102,3.67,3.09,37.5,35.3,49.38,96.06
1558,4.05,3.21,40.8,92.9,35.37,67.18
669,3.49,3.28,22.4,55.1,43.16,88.33
251,3.57,0.8,39.4,39.3,48.41,93.27
347,3.92,3.2,35.5,39.1,47.19,92.24
1314,3.45,4.83,28.3,87.3,36.43,73.72
1254,4.1,1.29,22.4,82.6,38.11,74.14
639,3.99,2.62,40.3,58.9,44.07,83.58
1034,3.85,2.61,45.5,73.7,40.46,75.92
1157,3.45,1.85,32.3,75.4,37.63,74.83
517,3.33,0.89,29.1,52.2,44.09,87.09
1393,4.12,2.01,40.7,83.7,35.52,68.75
1916,3.65,1.43,45.0,103.9,30.55,59.64
971,4.16,1.77,21.5,68.5,41.02,80.94
336,3.61,1.62,45.0,47.2,46.59,88.59
1271,4.03,3.5,20.4,77.1,37.98,76.71
1518,4.12,4.33,25.5,91.3,34.65,71.01
948,3.53,0.51,28.0,66.5,40.28,79.54
1467,3.98,3.86,43.6,90.5,35.62,67.79
1315,3.7,2.25,49.2,81.2,37.12,69.74
681,3.52,1.02,42.1,61.5,44.02,85.46
1996,4.1,0.57,31.6,112.7,30.56,60.01
1714,3.59,2.2,42.1,96.1,32.5,64.0
1708,4.01,1.58,20.3,94.4,33.6,67.0
781,3.54,1.79,20.5,61.5,43.1,86.29
1680,3.65,3.48,43.7,98.6,33.44,61.95
222,3.92,4.62,32.6,34.7,47.22,93.04
1798,4.06,4.9,25.9,105.7,31.86,62.36
1345,3.36,4.61,46.6,82.9,36.1,70.65
216,3.45,1.96,46.5,39.2,48.65,90.82
386,3.82,2.37,40.8,43.4,45.58,88.86
45,3.84,4.41,44.6,28.2,49.33,95.99
229,4.12,3.91,46.0,37.6,47.28,92.66
392,3.48,1.6,35.5,49.4,46.11,88.67
540,3.37,1.27,47.5,55.6,44.6,86.15
968,3.77,2.9,33.7,66.0,41.17,77.78
1237,3.23,2.04,23.9,77.0,37.52,75.86
1131,3.72,2.97,40.7,80.0,38.82,75.85
1208,3.57,3.16,28.1,77.5,36.96,74.96
1403,3.82,2.34,37.6,84.6,36.91,71.2
995,3.52,0.63,20.2,68.6,39.65,80.46
1752,3.5,0.75,39.3,95.1,32.21,64.27
645,4.18,4.37,29.0,52.3,43.7,87.99
1555,3.65,4.41,44.4,96.7,34.11,64.73
1832,4.1,3.13,27.1,104.1,31.96,63.66
542,3.64,1.65,29.1,52.0,44.63,86.58
1470,3.68,0.99,26.0,85.9,34.46,71.56
1202,3.37,2.0,26.1,74.3,37.69,76.5
1608,3.82,1.51,27.9,98.2,34.59,66.05
415,3.87,1.93,38.4,45.4,46.32,87.78
1601,3.31,2.44,37.1,98.8,33.93,65.13
769,3.54,3.3,41.3,57.6,42.96,82.93
1720,3.27,2.09,27.0,100.4,32.36,64.27
963,3.76,2.37,47.3,73.0,41.21,76.29
1563,3.26,3.47,44.3,90.7,35.3,67.43
124,3.29,1.46,29.1,32.3,49.67,98.32
1614,3.3,2.98,30.3,95.0,34.17,65.28
765,3.8,0.69,28.5,61.6,41.64,82.9
1705,3.74,1.74,31.6,96.7,32.59,65.34
415,3.34,1.62,34.2,49.2,45.08,91.8
822,3.9,4.11,36.3,64.5,41.72,80.12
1550,4.09,1.7,25.8,96.6,34.57,66.93
891,3.98,4.16,20.6,64.9,41.49,83.7
530,3.57,4.12,33.3,47.2,44.71,86.32
1879,3.75,3.05,33.2,105.8,30.95,61.21
203,4.06,2.46,40.7,39.2,48.66,93.95
17,3.58,3.04,40.0,26.2,49.29,97.94
228,3.47,3.03,29.5,38.4,47.7,94.94
66,4.08,0.91,28.9,34.4,49.27,96.47
63,3.77,2.46,39.2,31.4,48.56,97.0
513,3.85,1.68,23.8,55.3,44.63,88.01
887,3.81,4.66,23.9,62.8,40.78,84.42
1172,3.55,4.46,27.9,73.0,38.89,74.61
743,3.23,1.31,47.5,58.9,42.29,83.1
970,3.43,1.39,27.2,64.9,40.62,82.24
1218,3.25,3.16,34.4,81.4,38.16,73.57
123,3.85,3.35,29.4,30.4,47.82,97.88
470,4.01,4.93,47.7,47.8,46.1,86.87
880,4.06,1.11,33.3,69.4,42.12,82.73
642,3.73,1.13,28.7,56.5,43.88,86.69
1407,3.31,3.92,42.2,88.7,36.4,70.36
33,3.48,1.92,43.5,34.1,49.9,96.73
1145,4.1,3.04,43.6,75.1,38.19,72.46
1539,3.74,4.26,21.1,91.3,35.16,71.56
1923,4.17,2.35,21.8,104.5,31.54,63.83
548,3.79,4.91,46.0,47.7,44.26,87.27
302,3.57,2.77,48.1,44.5,46.61,91.99
843,3.97,1.5,47.3,68.3,40.92,81.37
209,3.57,3.3,40.0,43.3,48.22,95.21
458,4.15,4.29,37.4,47.6,44.91,87.03
327,4.14,2.99,25.6,38.1,45.77,94.02
467,4.08,4.65,30.1,51.3,45.6,88.88
1222,3.23,1.31,43.2,80.7,38.15,71.1
1127,3.45,2.59,29.6,77.0,38.9,76.05
1976,3.26,1.75,44.5,111.0,30.98,58.8
718,4.19,2.71,43.8,63.0,43.33,81.41
626,3.96,1.51,29.0,50.9,44.25,85.98
1484,3.93,1.23,22.6,89.8,34.98,72.34
876,3.84,4.15,30.7,66.1,41.48,81.13
930,3.37,2.7,45.5,67.8,40.78,77.29
609,4.01,1.51,21.3,52.5,44.06,88.03
1651,3.21,3.17,33.9,93.1,32.81,67.1
1786,3.47,4.79,23.7,104.0,32.87,64.21
1527,3.95,4.94,48.6,91.9,34.12,65.01
741,3.26,3.49,41.5,62.4,42.63,81.56
281,3.83,0.74,36.6,37.3,47.96,93.58
1562,3.23,0.73,49.7,96.4,35.12,65.2
1955,3.83,0.76,31.8,111.4,29.54,61.04
1943,4.11,4.98,40.6,108.9,30.1,58.98
949,3.35,1.1,36.5,69.3,41.14,81.01
1025,3.39,1.48,21.5,73.0,40.05,80.28
1342,3.51,1.68,41.9,86.6,37.53,68.77
695,3.32,4.29,47.6,57.4,42.32,81.06
311,3.57,0.56,29.3,45.3,46.44,92.21
62,3.23,0.82,46.5,30.2,49.17,95.29
1083,3.27,1.92,45.2,70.8,39.22,74.31
206,3.54,1.0,28.4,42.4,46.98,95.08
1629,3.67,3.91,24.2,92.1,33.6,67.17
947,3.7,3.71,42.0,63.3,41.08,77.92
27,3.33,2.53,32.5,34.1,48.89,96.55
694,4.13,3.26,43.9,58.0,43.07,81.88
1921,3.85,4.05,50.0,103.6,30.77,59.51
89,3.59,1.39,20.9,34.1,48.41,98.18
1040,3.36,1.46,33.6,70.7,38.64,78.9
1496,4.16,4.53,24.3,90.9,35.18,70.13
632,3.72,0.8,48.7,50.7,42.68,84.71
27,3.55,2.28,37.5,33.9,50.08,98.63
538,3.46,4.09,42.8,49.2,45.54,87.56
988,3.53,3.99,25.8,71.4,40.25,81.7
18,3.45,4.89,20.8,35.3,49.57,100.0
118,3.2,2.41,36.4,39.2,49.32,96.03
1139,3.98,2.98,30.8,74.0,37.7,77.65
107,3.33,2.11,34.8,37.8,49.9,94.55
559,3.44,0.9,44.6,55.6,44.2,86.81
364,3.42,3.65,48.5,46.0,45.71,89.94
180,4.04,2.94,22.7,39.9,48.79,96.89
1056,4.01,3.77,24.3,75.9,38.83,78.69
1960,3.98,3.72,21.9,108.0,29.64,60.98
440,3.45,3.14,20.4,44.7,46.29,92.75
1882,3.59,4.28,20.3,108.2,31.6,62.21
656,3.23,4.9,29.1,56.2,44.13,86.6
384,3.53,1.98,23.4,42.2,45.67,91.84
214,4.13,4.23,21.3,34.2,48.63,95.91
402,4.19,2.02,44.0,45.5,45.12,88.88
366,4.2,2.64,41.7,48.2,46.57,89.0
1240,3.25,2.09,28.5,82.1,38.02,75.6
808,4.18,3.65,25.9,63.8,41.96,82.93
976,3.32,3.59,26.2,72.5,40.59,78.65
558,3.97,4.5,28.4,56.8,45.02,89.86
224,3.85,2.03,27.2,41.5,47.46,94.4
1128,3.36,3.39,36.6,76.6,38.56,75.4
1048,3.68,2.53,46.1,74.3,39.87,75.81
533,3.5,2.22,48.9,48.4,43.94,85.37
197,3.69,2.17,46.6,38.5,47.93,94.64
543,4.03,0.53,37.3,47.4,43.76,86.51
1192,3.28,4.32,46.1,75.1,38.98,74.24
1781,3.77,1.66,35.6,98.2,32.6,62.18
1369,4.02,4.93,32.8,82.0,35.71,71.57
1008,3.68,3.93,28.9,75.1,39.04,79.07
3,3.2,4.21,28.9,33.1,50.05,99.02
1729,3.7,4.57,45.7,102.7,32.46,64.05
1178,3.82,4.52,40.1,74.0,37.46,76.01
1066,3.76,2.82,28.5,70.7,39.72,76.47
520,3.91,3.24,32.6,48.5,44.57,90.23
1616,4.09,4.11,40.8,95.2,33.51,67.27
899,3.5,3.77,49.1,62.7,41.54,76.99
1199,3.77,4.72,25.6,79.1,37.75,74.42
1775,3.44,1.24,26.1,98.3,32.97,65.99
1429,3.25,4.88,41.7,84.4,36.63,70.41
509,3.96,2.27,38.5,51.8,45.4,89.28
1318,3.38,1.16,47.2,78.8,37.52,69.1
1557,4.09,1.37,31.7,88.7,35.35,68.02
1040,3.21,3.58,45.2,69.7,38.78,76.35
1585,3.9,2.9,45.9,91.3,33.2,66.88
509,3.45,4.11,40.6,47.5,44.65,86.09
416,3.24,2.13,28.8,49.5,45.13,92.05
138,3.9,2.35,36.7,31.3,48.16,96.08
785,4.0,4.63,25.1,57.3,41.42,82.39
662,3.58,1.03,36.6,56.1,42.64,84.82
1320,3.81,3.95,20.6,81.5,37.16,73.01
1888,4.08,3.22,30.5,106.8,31.38,61.73
776,3.46,3.91,36.8,63.5,41.27,81.11
1415,3.75,1.09,47.2,82.4,36.15,68.41
804,3.4,1.17,27.3,67.0,41.77,85.49
1264,3.72,4.36,22.7,77.3,38.21,75.7
1370,3.25,2.02,28.0,86.0,36.06,73.46
1296,3.93,2.22,31.1,85.5,36.35,73.89
207,3.28,3.87,38.3,33.3,48.05,95.68
730,3.93,2.13,33.8,63.7,43.56,85.35
1148,3.38,0.97,39.9,77.1,38.9,76.31
925,3.41,1.3,28.6,67.1,41.54,81.34
606,3.61,4.18,49.5,52.7,43.28,84.01
1477,4.03,0.89,28.9,91.9,34.65,68.74
351,3.24,0.98,32.0,41.2,45.61,90.1
1228,3.24,3.51,34.6,83.4,38.68,72.38
1664,3.4,0.61,47.9,93.1,33.83,62.06
719,3.88,3.45,35.4,58.6,43.13,85.95
1044,3.97,3.65,28.4,69.7,38.85,79.4
522,3.24,1.38,35.2,54.6,44.61,89.69
1575,3.28,1.75,24.6,94.9,34.89,68.53
1424,4.05,1.22,23.9,87.8,36.04,73.41
1401,3.74,1.8,36.9,88.8,36.61,70.46
1267,3.46,3.57,44.7,84.7,36.62,72.49
1548,3.86,1.01,45.6,93.5,34.54,65.89
1882,4.18,3.22,40.7,109.5,30.96,61.73
467,3.46,4.83,41.6,47.6,45.6,88.24
159,3.55,3.27,30.2,35.3,49.01,95.05
962,3.33,1.69,32.9,71.6,39.96,81.08
741,3.52,0.75,33.6,60.8,43.23,85.12
450,3.37,2.8,25.7,51.3,45.8,92.68
985,3.92,4.48,30.6,73.7,39.85,80.65
1855,4.14,0.87,36.7,103.1,30.61,62.66
1127,3.43,3.61,24.0,73.9,37.79,78.93
1287,3.51,3.33,46.1,80.4,37.24,70.1
658,4.03,4.98,48.2,53.2,44.23,83.16
939,4.16,3.55,36.5,72.4,39.67,78.98
1616,3.53,3.23,45.8,91.7,33.0,65.75
1101,3.74,2.58,42.0,71.8,38.09,76.78
1454,3.97,1.78,42.0,85.5,34.83,66.75
238,3.55,1.61,35.7,38.8,46.76,92.81
691,3.8,0.86,24.6,58.0,43.62,87.83
1087,3.44,3.31,25.1,74.1,38.7,78.22
311,3.49,2.36,31.8,43.2,45.9,93.58
1106,3.34,1.19,49.7,76.7,39.43,74.61
24,3.99,3.13,30.0,27.7,50.51,100.0
272,3.27,1.96,45.1,42.4,46.5,93.19
1509,3.22,2.75,21.8,87.7,34.53,69.22
1647,3.24,2.41,33.5,98.7,33.2,65.51
1349,4.18,1.99,21.3,79.8,37.34,71.84
908,3.26,2.33,43.2,64.1,40.34,81.08
989,4.01,0.66,27.9,68.5,40.43,79.21
1820,3.95,2.71,21.7,99.5,32.72,64.97
1887,3.9,1.49,42.6,102.3,30.19,60.02
1093,3.8,3.96,26.1,69.3,40.05,77.56
1594,4.13,0.77,38.2,92.7,33.84,66.0
301,3.23,3.5,46.0,42.1,47.23,90.9
399,3.85,2.82,42.3,41.7,46.55,90.85
1855,4.06,0.98,31.3,104.9,31.55,61.4
1735,3.44,4.07,24.2,103.3,33.21,63.49
374,3.63,0.62,28.1,41.2,46.79,92.71
1656,3.54,0.75,47.3,96.3,34.07,62.74
1603,3.9,3.35,23.9,95.2,34.14,67.1
626,3.33,3.97,43.7,52.3,43.21,84.61
282,4.02,2.7,36.2,37.8,47.92,93.53
1082,3.89,1.67,34.0,75.8,39.06,77.78
146,3.58,2.8,27.8,37.3,48.24,98.6
710,3.59,1.68,35.8,55.9,41.91,83.74
937,3.8,0.65,26.1,66.0,40.84,82.94
179,3.64,4.3,22.2,32.8,48.52,98.71
1344,3.61,1.01,41.1,87.7,36.4,70.53
1891,3.43,4.25,48.6,107.4,31.29,59.64
227,3.42,0.77,32.6,40.3,46.98,95.54
840,3.48,4.75,27.3,66.4,41.73,83.32
701,3.82,2.0,39.8,53.8,42.84,85.7
576,3.74,2.46,34.7,54.7,45.01,88.34
1844,3.72,3.09,26.6,107.4,32.0,62.86
519,3.91,1.27,29.9,47.6,45.32,87.07
731,3.2,1.73,33.4,58.8,42.63,82.38
320,3.44,2.97,46.4,38.9,46.66,89.75
534,3.75,4.65,49.6,49.2,45.4,87.1
1178,3.53,2.0,33.2,77.2,37.23,73.36
1365,3.94,2.03,23.3,84.8,36.59,74.37
873,3.58,3.49,44.6,66.2,40.74,77.99
318,3.45,1.18,41.8,40.9,47.0,89.75
1729,4.0,3.72,20.4,101.3,31.98,67.53
1576,3.24,0.77,33.3,94.2,34.64,67.24
598,4.05,4.62,22.8,53.4,44.56,89.0
493,3.96,1.65,36.1,50.0,45.07,87.86
195,4.11,3.02,32.9,41.5,48.74,96.75
781,3.69,1.0,44.4,65.6,42.56,81.47
1343,3.36,2.04,39.9,87.0,36.18,72.67
504,3.85,1.01,49.5,50.5,44.14,84.91
949,4.05,3.77,23.8,68.9,40.38,81.69
800,3.75,4.55,33.4,62.2,41.67,83.14
1463,3.98,2.34,28.1,92.0,35.09,71.45
658,3.97,1.22,46.3,51.7,42.9,83.24
826,3.24,2.52,38.1,65.4,41.77,83.4
1931,3.94,2.47,24.0,105.1,30.58,62.6
947,3.67,2.24,35.4,67.9,39.6,77.72
612,3.97,2.02,37.9,50.1,44.47,86.35
2000,3.49,4.17,31.6,114.2,30.08,57.95
1094,4.05,3.18,36.8,73.7,39.61,77.22
1100,4.05,0.69,25.2,70.1,38.59,79.04
467,3.81,4.96,28.6,47.0,46.17,89.18
64,3.53,2.91,26.7,31.1,50.23,97.7
74,4.13,4.42,40.3,36.0,48.89,97.6
1584,3.93,2.48,31.3,94.7,34.0,65.65
338,3.29,4.65,45.9,44.1,45.75,88.11
485,3.87,4.94,27.7,52.7,46.12,88.62
1179,4.05,3.96,34.9,81.3,37.48,76.0
1539,3.66,4.83,20.7,94.3,35.05,67.95
1617,3.6,3.83,34.0,94.8,33.3,65.32
763,3.35,0.98,39.4,64.1,42.42,83.27
304,3.68,2.29,36.7,44.8,47.35,91.88
714,3.44,3.95,32.2,60.1,43.55,86.64
817,3.53,2.23,32.9,63.1,42.78,81.91
598,3.26,4.43,30.7,54.2,44.96,87.63
1846,3.62,1.44,24.1,104.7,30.96,63.72
383,4.05,4.14,35.1,41.3,46.42,90.13
741,3.92,3.22,41.9,61.1,43.46,83.45
479,3.3,1.6,49.2,47.3,46.18,88.36
1054,3.56,3.68,32.9,73.7,39.51,79.31
409,3.84,3.02,47.6,50.7,45.61,87.62
1124,3.34,0.6,47.2,71.4,38.35,75.71
162,3.56,4.7,34.6,40.3,47.62,95.54
63,3.33,4.63,27.3,29.7,48.89,99.84
777,3.65,1.82,32.4,60.2,42.36,83.48
548,3.78,1.23,35.0,53.8,43.61,86.13
1424,3.29,3.81,36.9,85.6,36.09,67.95
1462,3.91,3.32,34.8,92.2,34.92,70.96
1894,3.63,0.87,31.0,105.3,30.7,60.4
207,3.34,3.26,26.0,33.3,48.1,97.32
1594,3.88,4.06,28.5,94.9,33.25,67.17
901,3.79,0.79,35.4,62.4,40.0,78.57
494,3.67,1.63,25.8,52.3,44.29,91.17
1641,3.41,4.43,27.0,95.4,33.03,68.58
204,4.18,1.78,38.2,34.0,47.58,95.09
750,4.03,2.11,28.7,63.1,43.15,82.79
1,4.08,3.42,49.9,29.8,49.57,95.9
142,4.07,0.8,21.4,31.6,49.04,95.79
787,3.77,0.67,32.0,58.6,43.1,81.38
1062,3.31,0.67,25.8,72.6,38.56,78.71
414,3.48,1.61,42.9,43.1,46.86,89.78
1184,3.93,0.58,32.3,73.6,38.53,75.43
1609,4.06,1.7,39.6,91.2,32.96,66.23
1116,3.32,0.6,42.7,71.6,39.26,74.08
1006,3.51,2.95,21.2,68.8,39.22,80.41
1780,3.45,2.44,21.6,101.6,32.41,66.49
1616,3.23,0.63,25.2,92.7,34.53,68.53
1458,4.2,2.56,23.4,89.1,36.05,72.5
1511,3.32,1.58,45.1,92.4,34.7,65.77
1021,3.93,4.89,28.9,67.3,39.85,79.83
21,4.0,3.96,37.3,32.4,50.15,99.1
291,4.06,1.66,45.3,39.8,47.05,91.02
1540,3.61,3.5,40.6,93.1,33.97,67.15
1489,3.31,3.81,30.4,89.4,35.09,70.38
1663,4.04,4.34,24.8,91.7,32.76,66.84
134,3.97,4.04,38.8,32.9,48.63,95.72
1806,3.31,0.98,43.8,105.1,32.83,61.42
225,3.78,4.84,25.8,38.7,47.11,95.03
1863,3.35,2.5,38.1,104.7,31.14,62.09
421,4.2,0.81,29.9,50.4,46.02,90.39
923,3.65,4.84,25.3,70.3,41.77,81.26
261,3.6,0.67,41.2,40.7,46.99,94.11
125,3.59,3.08,41.3,40.0,49.02,96.08
216,4.03,4.8,23.5,40.6,48.34,97.19
31,3.62,2.84,25.5,32.3,49.29,99.57
26,4.13,1.15,41.7,35.9,48.96,97.51
500,3.67,4.22,25.2,48.0,44.28,90.78
115,3.23,3.4,39.7,31.2,49.62,95.9
195,3.95,1.97,29.1,38.5,48.46,95.33
1422,4.07,4.5,20.3,87.0,36.71,72.97
839,3.41,4.6,28.2,60.6,41.41,81.96
1981,3.62,2.88,46.5,109.1,29.5,57.55
925,3.84,4.32,39.1,68.4,40.48,79.95
39,3.93,1.8,27.6,28.4,48.69,97.91
329,3.3,3.65,36.5,43.0,45.91,91.97
580,4.03,3.4,48.9,53.7,43.76,84.02
1137,4.15,1.82,23.1,75.5,39.4,76.54
1061,4.13,2.66,40.0,72.3,40.37,74.56
257,3.62,2.07,41.0,36.1,48.32,91.62
856,3.39,3.64,23.6,60.9,41.03,84.3
624,3.92,4.71,48.8,57.7,43.06,85.26
1329,3.99,0.9,21.1,81.6,35.91,73.35
1729,3.56,4.52,42.4,94.2,33.12,64.05
1278,3.34,4.73,26.8,84.5,37.2,74.85
1306,3.34,4.29,48.1,80.9,36.6,70.3
1108,3.34,4.78,30.0,71.2,39.73,77.25
1246,4.12,4.4,23.1,78.8,38.37,73.44
1725,3.34,1.18,31.0,95.6,32.87,63.03
239,3.32,0.64,29.5,37.4,47.16,93.27
1437,3.22,4.73,30.8,85.8,36.56,71.36
1422,4.13,1.39,49.1,88.1,35.54,67.73
1327,3.47,4.45,47.6,86.6,37.0,69.32
368,4.01,1.95,26.5,47.4,45.91,94.19
170,3.59,2.79,39.4,38.6,49.14,94.1
992,4.15,2.02,41.0,72.6,40.57,76.9
1815,3.97,3.12,20.5,98.2,32.67,65.27
973,3.46,4.15,40.1,73.3,40.18,79.67
891,3.89,2.89,23.1,61.4,40.15,83.93
1718,4.13,2.24,47.6,95.8,31.88,64.21
1635,4.1,2.92,31.1,90.6,34.6,67.76
542,4.12,1.32,40.2,52.1,45.13,85.19
1050,3.72,0.57,44.9,72.0,40.21,75.94
1912,3.52,4.09,35.7,101.6,30.46,59.0
1501,4.05,1.42,32.9,93.7,35.75,67.24
1709,3.8,2.08,37.2,102.9,32.35,65.03
138,3.47,4.68,21.5,31.9,48.73,95.97
1776,3.75,0.5,29.4,96.3,31.84,64.33
1042,4.19,1.31,30.0,70.6,39.08,80.2
835,3.27,2.74,44.7,62.9,41.81,81.41
1232,3.73,4.6,39.3,79.7,37.82,74.44
923,3.41,3.95,49.0,68.8,40.45,77.62
1013,4.07,4.33,42.1,71.9,39.19,77.58
1755,3.91,1.24,27.2,100.3,33.23,66.02
403,4.18,2.85,36.7,48.9,45.65,91.87
852,3.94,2.63,30.9,67.4,42.13,82.19
1171,3.99,4.75,41.9,72.7,39.24,74.57
1871,3.25,2.51,26.5,102.3,31.31,63.52
654,3.94,0.65,25.7,51.4,43.68,86.36
1909,4.04,3.75,45.6,107.6,31.28,60.49
980,3.58,4.36,41.9,66.2,39.8,76.52
884,3.72,2.51,41.9,62.1,40.19,78.23
239,3.34,2.18,23.8,38.1,48.61,94.3
358,3.8,4.16,34.9,44.5,47.32,92.23
1328,4.04,0.51,22.4,83.8,37.06,73.47
73,3.63,2.95,26.5,33.9,48.39,97.59
1468,3.77,3.67,29.6,92.8,34.78,71.3
1755,3.65,1.93,26.5,96.4,32.15,62.69
560,3.82,1.32,26.5,50.5,43.53,86.6
788,3.72,0.82,32.9,59.7,41.28,82.73
1986,3.57,3.41,32.2,111.6,29.15,60.35
980,3.21,0.67,44.9,65.8,39.35,76.42
413,3.61,4.08,32.7,45.3,46.79,92.16
1837,3.9,1.14,38.9,107.0,32.11,59.27
1828,3.51,1.92,29.2,101.5,32.57,63.33
301,3.55,1.07,37.3,42.4,46.78,93.03
1218,3.45,1.6,22.0,78.7,37.67,74.12
63,3.65,0.51,34.4,27.7,49.52,96.61
380,3.63,4.76,41.0,42.9,45.39,89.54
929,3.89,0.51,39.9,66.8,41.41,78.84
782,3.43,4.84,34.0,60.7,42.34,83.77
1070,3.68,1.44,45.8,69.0,38.79,76.1
1889,3.7,3.86,38.1,102.9,31.26,61.1
210,3.95,1.27,34.9,42.7,48.04,94.65
1064,3.82,3.43,33.4,71.3,39.3,77.87
1744,4.18,4.65,48.6,98.8,33.17,60.83
867,3.61,2.99,46.5,64.4,41.16,79.51
834,3.78,4.91,46.0,64.7,41.16,81.8
492,4.18,1.64,28.4,46.9,44.62,91.37
1849,3.42,3.55,47.4,105.1,32.15,58.55
1747,3.98,0.74,37.9,95.6,32.94,62.29
476,3.71,2.7,29.5,45.4,45.91,91.7
50,3.77,1.41,34.7,28.5,49.46,98.47
151,3.99,1.35,32.3,38.0,48.3,96.29
1071,3.78,3.76,32.2,77.1,38.7,79.2
1709,3.75,3.29,21.6,94.6,33.27,67.35
1302,3.44,3.01,32.2,80.5,37.53,73.75
1320,3.43,1.58,38.5,81.4,37.0,70.53
1247,4.11,3.93,33.5,80.5,37.95,72.2
1935,3.31,3.02,30.2,111.6,29.89,62.46
341,3.56,4.67,25.8,45.4,46.1,93.44
385,3.44,1.45,38.6,45.2,45.69,88.62
515,3.9,2.97,23.0,48.1,44.69,90.22
518,3.22,1.89,41.5,51.0,45.53,87.38
1324,3.71,2.61,33.0,80.1,35.96,70.67
7,3.41,2.42,33.4,27.6,49.22,98.4
1193,3.49,4.95,27.6,73.8,38.97,76.66
1996,3.41,1.56,36.1,105.1,30.41,58.56
954,3.61,2.4,34.1,66.9,40.5,77.91
342,3.25,1.54,39.9,44.7,46.19,90.67
1522,3.91,2.43,40.4,94.3,35.0,68.5
1875,4.18,4.8,48.2,103.5,32.2,59.04
542,3.63,3.22,37.7,53.3,45.0,87.26
617,3.88,1.86,34.6,50.8,44.76,85.36
658,3.55,3.6,26.7,59.7,43.61,84.99
482,3.7,0.71,34.2,47.8,45.21,87.52
1983,3.43,3.35,45.1,106.2,29.3,59.03
1491,3.73,4.37,40.3,86.6,34.55,69.56
845,3.57,2.77,49.8,60.7,42.47,80.44
1559,3.37,3.53,32.5,93.5,34.56,67.45
1522,3.27,2.0,49.3,92.4,34.54,65.08
64,3.47,1.95,24.1,27.7,48.63,97.21
320,3.38,4.1,41.0,44.1,47.15,91.39
240,3.37,0.94,41.8,40.5,47.58,93.5
1434,3.75,0.69,23.5,82.7,35.84,70.37
780,3.52,3.02,29.9,64.1,42.34,83.01
840,3.33,2.82,20.1,59.7,41.69,85.33
262,3.6,4.71,28.7,38.6,46.49,94.72
462,3.73,2.24,24.3,47.4,45.05,92.52
665,4.09,3.31,24.4,61.2,43.07,85.71
1270,3.93,2.42,32.8,80.3,37.59,73.71
725,3.23,3.74,27.5,60.1,42.2,84.78
1744,3.84,2.44,31.1,102.8,33.5,63.23
636,4.19,2.15,42.0,53.3,43.36,84.16
1106,3.38,3.61,41.3,75.8,38.28,74.2
353,3.7,0.9,24.6,42.8,46.99,91.96
120,4.11,4.5,25.6,33.7,49.76,95.59
385,3.38,1.69,40.1,45.5,46.64,88.99
1,3.73,1.57,33.5,31.3,50.41,97.46
829,4.16,4.11,20.4,58.5,41.33,83.67
672,3.44,1.02,40.4,54.7,44.14,85.93
1427,3.97,4.23,28.1,91.3,36.11,71.87
993,4.01,3.28,39.7,69.1,40.75,76.36
815,3.77,4.91,27.4,65.4,42.76,85.1
1346,3.45,1.91,47.8,80.3,35.58,71.25
144,4.1,2.77,37.5,31.3,49.09,96.66
842,3.53,1.15,30.6,59.6,42.05,83.25
1835,4.08,2.28,35.5,102.6,31.82,59.92
1817,3.96,0.57,22.1,100.8,31.26,65.99
1977,4.14,2.87,38.0,108.2,29.58,57.77
1586,3.32,2.7,25.5,91.8,33.48,67.78
1870,3.33,4.99,25.9,108.4,30.58,64.46
1673,3.22,3.12,31.4,99.9,32.88,66.24
996,3.66,3.97,44.6,71.7,39.06,75.99
608,3.83,0.73,43.2,49.7,43.0,85.66
596,3.64,2.07,43.9,54.3,43.1,85.4
736,4.03,2.56,42.7,58.6,42.76,81.23
1871,3.65,3.12,37.6,103.8,31.21,59.05
654,3.58,2.03,39.8,58.3,42.51,86.25
395,4.17,2.55,32.1,41.0,45.72,90.83
1838,3.89,1.04,31.0,105.7,32.36,61.33
1089,4.03,3.26,47.2,70.6,39.47,74.5
1635,3.32,0.52,46.2,97.7,34.38,64.9
293,3.31,0.55,26.1,38.3,47.48,93.16
1410,3.64,1.89,27.6,90.6,34.98,71.38
921,3.54,3.67,44.0,69.7,39.84,78.37
1260,3.53,2.41,41.8,82.9,38.15,72.81
2,3.2,2.46,48.5,34.4,49.33,94.95
1427,3.76,4.25,37.6,82.1,35.59,69.08
1166,3.83,4.62,41.8,81.5,39.13,74.15
718,3.72,2.81,46.4,60.3,42.02,84.03
641,3.84,4.36,44.9,56.4,43.34,84.19
1603,3.82,1.48,47.3,91.2,33.36,63.19
429,3.37,0.73,49.5,48.5,45.24,89.13
1082,3.78,1.04,48.2,71.4,38.19,73.51
341,3.91,3.9,38.5,42.4,46.47,91.71
454,3.5,4.46,44.6,48.9,46.04,89.81
764,3.7,2.47,22.4,57.8,43.05,86.97
46,3.88,4.1,49.6,32.4,48.88,94.65
1578,3.46,4.7,26.8,92.5,33.45,68.64
1696,3.31,2.1,27.3,100.2,32.05,65.05
65,3.55,4.88,28.1,28.2,50.1,97.75
1626,3.37,0.54,44.1,90.2,33.73,64.79
1824,3.76,2.0,45.4,106.6,31.68,59.17
1704,3.45,3.05,42.2,101.7,33.5,61.95
1647,3.7,4.89,20.4,91.6,33.04,66.95
1930,3.89,4.76,40.1,109.8,30.36,59.21
229,3.58,2.37,48.9,38.1,47.97,90.7
1569,4.18,2.05,34.1,90.4,34.8,67.47
694,3.92,2.56,34.8,52.9,43.0,84.23
752,3.56,4.56,25.8,61.7,42.56,86.61
1424,3.23,1.74,49.8,89.2,35.53,67.85
719,3.4,1.71,24.7,60.7,42.95,85.95
327,3.53,0.71,39.1,44.0,47.46,92.71
72,3.51,1.03,48.6,34.7,49.59,94.65
705,3.71,2.24,35.5,60.0,42.09,82.34
767,3.5,4.63,44.2,59.9,42.27,80.49
511,3.25,1.33,30.9,46.9,45.17,90.14
1712,3.48,1.69,46.8,95.0,33.45,63.05
1535,3.92,1.24,22.9,88.3,34.62,68.02
64,3.7,2.94,21.1,36.4,49.06,99.1
323,3.59,3.52,33.6,41.5,47.75,92.2
1584,3.68,4.46,33.3,91.0,34.42,65.3
1006,3.71,1.88,29.8,72.2,40.12,78.54
215,4.19,4.54,30.8,33.8,48.07,93.36
255,3.88,1.44,30.8,42.4,47.85,93.84
1722,3.26,4.16,21.5,103.5,31.95,65.65
1757,3.34,2.39,21.1,101.9,32.02,63.6
1313,3.65,0.82,27.7,86.3,36.18,71.64
855,3.98,4.24,27.8,65.5,41.86,83.68
295,3.62,3.49,33.1,37.2,46.5,94.76
403,3.83,2.24,24.3,50.1,46.31,90.86
844,4.12,1.99,25.8,59.6,40.72,84.95
1402,3.95,1.73,41.1,91.0,36.66,67.69
903,4.09,2.09,39.5,61.2,40.11,80.83
1451,3.77,3.34,44.0,87.4,34.7,66.75
1464,3.45,4.96,34.1,84.4,35.04,69.67
863,4.02,1.91,48.2,62.1,40.52,80.7
1038,3.86,1.63,47.6,68.6,40.34,75.84
1398,4.08,3.0,32.6,81.9,36.39,72.46
231,3.46,4.66,34.8,43.2,46.91,94.38
1090,3.8,3.04,23.9,71.0,39.02,79.1
643,4.03,3.84,47.3,57.1,43.13,82.75
1331,3.71,3.82,41.7,88.1,36.73,72.15
704,4.04,2.12,31.5,57.6,43.62,86.43
574,4.14,4.92,30.9,50.4,44.24,87.84
69,3.28,2.12,48.0,35.9,48.4,95.25
1676,3.31,1.57,26.9,97.7,34.06,66.24
1492,3.57,4.61,27.9,85.5,34.49,71.14
897,3.89,4.55,34.1,70.2,40.08,78.88
621,3.75,0.97,22.1,53.0,43.21,89.35
159,3.37,4.3,29.1,38.5,48.84,95.82
1930,3.82,4.3,49.6,109.8,29.96,55.83
1406,3.72,4.76,22.1,84.1,36.66,74.17
937,3.67,1.62,41.5,71.6,41.46,80.31
671,4.18,4.04,31.0,56.1,42.85,87.27
1765,3.61,1.25,25.2,99.1,31.55,63.22
1620,3.89,1.26,33.7,94.6,34.46,64.42
1724,4.2,2.37,46.3,99.0,32.96,60.7
1008,3.35,2.87,23.4,69.9,39.06,81.0
678,4.13,3.8,46.1,56.2,42.66,82.89
213,4.09,2.02,44.8,42.5,47.66,90.88
457,4.0,2.91,48.9,47.9,45.44,85.58
1721,3.46,1.48,37.8,99.9,31.94,65.09
1070,3.21,4.76,41.2,73.3,38.79,74.22
1538,3.31,2.81,31.6,93.6,34.41,68.99
577,4.14,3.07,31.2,56.3,44.67,89.23
1558,3.32,2.59,39.1,90.9,34.45,67.48
191,3.32,2.8,30.4,42.3,47.65,95.41
839,3.41,0.91,35.0,66.1,41.59,80.17
1670,3.53,5.0,29.8,98.3,32.52,65.77
1520,3.99,1.2,36.7,89.4,33.88,68.18
1981,3.82,2.61,46.9,106.5,29.63,55.1
899,3.38,4.07,43.7,63.5,41.38,78.92
294,3.61,0.71,42.4,46.0,47.58,89.62
113,3.44,4.31,32.1,32.8,49.76,98.66
894,3.54,2.64,45.3,68.3,40.12,79.78
405,3.95,1.4,21.7,42.2,45.73,92.43
988,3.3,4.79,20.1,71.7,40.78,82.44
1448,3.52,3.61,30.4,86.1,36.23,70.86
189,3.6,0.66,24.3,40.7,48.77,95.53
1021,3.97,3.68,21.2,68.1,38.95,78.9
912,3.23,2.03,28.4,71.0,40.91,81.05
1344,4.15,2.96,47.1,82.3,37.51,71.4
609,3.54,3.08,22.6,54.9,44.82,89.5
1062,3.82,1.81,31.7,74.3,39.12,75.76
956,3.35,3.99,35.1,68.5,41.32,79.48
948,3.55,2.56,49.9,71.5,40.15,79.24
1778,3.45,1.84,48.5,100.2,32.82,59.27
1753,4.1,3.78,44.7,101.7,32.15,61.7
1270,3.48,3.94,24.4,85.1,37.96,73.96
1067,3.57,4.97,45.5,70.0,38.64,77.39
1073,3.53,4.45,34.3,73.1,39.89,77.56
649,3.86,4.59,47.0,51.5,43.17,82.58
1599,4.2,1.01,23.7,91.7,34.09,66.32
1470,4.11,2.64,22.9,91.2,34.73,69.13
884,3.41,4.03,20.8,62.5,42.14,82.04
892,4.18,2.63,42.2,70.6,41.91,79.03
1756,4.07,1.94,35.8,105.0,31.53,62.69
1837,3.91,0.9,20.3,99.0,31.81,62.02
1700,3.84,3.4,23.2,98.0,33.71,64.65
356,4.06,2.07,22.3,45.0,46.88,92.47
767,3.37,1.4,20.4,59.7,42.55,84.84
307,3.67,3.81,40.2,43.3,47.36,91.18
1731,3.59,1.78,25.9,96.6,33.66,65.6
1374,3.86,3.8,24.6,83.1,36.64,71.13
146,3.29,3.92,31.0,37.9,47.88,97.05
539,3.27,3.56,35.3,48.5,43.99,85.74
315,3.32,3.05,44.3,45.9,46.77,89.88
1039,3.41,3.59,39.9,71.9,39.47,75.7
1255,3.42,1.12,33.9,77.1,36.94,75.01
1593,3.79,0.93,29.7,91.1,33.46,67.91
113,3.62,2.26,43.4,34.8,48.36,93.58
128,3.68,2.98,22.5,39.6,48.69,96.64
1704,3.71,1.87,37.4,96.7,33.3,62.44
1224,3.78,1.2,49.1,77.5,36.99,72.86
1089,3.52,1.73,21.7,73.7,38.96,78.52
902,3.22,4.42,34.8,70.4,41.07,80.23
1389,4.12,2.54,39.8,87.0,36.22,70.31
687,3.32,4.12,32.0,54.8,43.54,84.96
53,3.7,1.21,32.9,29.4,49.34,96.91
1713,3.58,4.63,20.3,94.4,33.16,66.73
1409,3.53,2.96,27.8,90.6,36.87,70.73
1583,3.88,4.64,25.0,96.1,35.09,69.37
147,3.39,1.73,37.1,35.1,48.61,94.3
525,3.32,4.46,31.6,52.1,44.47,88.49
1672,3.56,1.18,29.8,93.2,33.8,65.87
209,4.13,3.8,31.1,35.3,48.72,93.09
1199,3.46,3.75,37.8,73.6,38.09,72.33
740,4.01,4.62,28.4,59.7,41.92,85.16
1761,3.52,3.6,41.8,99.3,32.2,62.64
1992,3.6,1.05,30.5,114.2,29.25,60.66
532,3.99,4.47,41.1,47.1,44.45,88.41
1897,3.94,3.99,48.1,104.0,31.47,60.52
1281,4.03,1.38,44.5,79.4,36.49,73.43
674,4.18,3.73,38.9,54.4,42.32,86.27
307,3.72,3.71,27.7,46.0,47.53,91.68
1583,3.53,2.89,42.3,95.6,34.66,67.24
1755,3.73,1.76,25.8,104.8,31.78,62.97
319,3.5,0.83,36.6,43.2,47.67,93.8
1134,3.74,2.34,22.8,77.5,37.77,77.72
1332,3.55,1.49,22.4,85.6,37.27,73.73
944,3.84,2.9,40.5,72.2,40.71,77.55
1247,3.58,1.91,26.0,84.4,36.78,73.75
937,3.7,3.28,36.2,70.0,41.49,81.16
1200,3.46,2.53,38.9,78.6,37.17,75.25
1844,3.24,1.56,44.7,103.3,31.59,60.48
649,3.2,3.96,20.3,55.3,43.62,88.26
5,3.59,4.41,39.7,30.0,48.98,96.83
1136,3.6,1.34,26.7,72.5,38.29,77.51
1736,3.59,1.43,44.6,103.9,33.02,61.63
473,3.99,0.51,48.7,50.0,44.57,86.63
1687,3.81,3.21,31.2,99.9,33.08,64.9
1648,3.45,2.85,34.6,93.9,33.04,67.5
1816,3.37,2.83,48.2,99.5,32.14,61.79
1998,3.21,1.72,38.0,108.8,29.04,56.89
1412,3.53,2.32,35.6,81.9,35.21,68.93
77,3.22,2.05,32.6,28.7,50.14,97.2
733,4.02,4.37,40.7,57.1,41.94,81.57
1602,3.98,1.55,49.8,94.6,33.28,63.38
1868,3.68,3.86,39.7,100.7,32.18,59.0
475,3.21,2.43,31.6,49.4,45.44,90.88
789,4.17,3.76,42.8,58.6,41.89,82.42
1949,3.31,2.52,37.0,104.7,31.34,58.31
1134,3.85,2.87,37.8,79.7,38.71,76.03
46,4.05,1.75,43.3,36.2,48.77,96.12
269,3.93,4.23,35.5,43.2,46.64,94.11
1656,3.33,0.52,23.2,94.4,33.95,69.08
1717,3.38,4.91,31.7,98.2,33.08,65.14
606,4.1,4.06,42.4,59.0,43.03,84.81
1486,3.87,3.97,45.8,91.2,34.48,65.95
582,3.62,0.52,26.5,48.5,44.83,87.45
84,3.93,4.62,40.8,31.2,49.83,94.08
1180,3.25,2.03,46.5,73.5,38.51,71.74
1311,4.13,4.4,47.5,85.0,37.25,71.9
309,3.81,0.99,39.1,45.2,46.02,93.22
1368,3.95,3.91,49.7,83.3,35.81,68.5
213,3.75,0.97,37.5,40.7,48.45,92.86
368,3.54,2.73,45.1,46.8,45.92,89.4
886,4.2,3.37,24.1,69.8,41.99,82.12
1537,3.42,3.21,38.3,89.7,35.17,67.47
82,3.68,3.31,47.2,33.4,49.08,93.36
192,3.6,2.48,48.5,36.9,47.53,93.75
1984,3.99,3.26,21.7,108.5,31.02,59.34
1251,4.04,2.11,41.2,84.7,36.53,73.98
1590,3.82,3.51,40.8,89.9,34.33,66.51
783,3.48,1.82,21.7,65.6,42.28,83.87
1194,3.88,2.5,32.2,78.4,37.75,73.34
1633,3.66,4.78,33.0,90.9,34.09,65.52
1333,3.86,4.33,45.0,82.2,37.45,68.34
1260,3.52,1.52,43.9,81.8,36.99,70.2
1090,3.24,2.5,47.5,70.9,39.72,73.41
1428,3.59,4.15,28.5,86.2,34.95,72.05
96,3.87,2.8,32.5,30.2,48.46,95.71
1168,3.47,3.84,37.8,72.4,38.01,73.98
1427,3.38,3.71,29.3,88.7,36.25,71.24
1314,3.59,1.47,32.2,82.5,36.71,72.7
1296,3.9,1.4,33.7,81.2,36.1,73.39
1848,3.76,4.64,45.1,107.8,32.0,58.54
1979,3.52,0.72,21.6,109.4,31.09,60.82
1623,4.06,3.54,40.4,98.1,33.76,66.58
1689,4.0,3.24,36.4,100.1,32.19,64.97
885,4.07,3.31,20.7,63.4,40.17,81.52
974,4.09,4.1,32.9,67.8,40.74,80.92
728,3.43,3.12,36.3,62.4,42.86,81.91
361,4.14,3.08,30.4,47.6,46.74,93.03
1853,3.33,0.81,44.2,109.0,31.73,61.84
1461,3.56,2.11,29.5,91.8,34.86,69.31
282,4.03,2.56,23.8,43.9,47.34,96.05
274,3.9,3.65,32.0,37.9,47.98,92.15
1642,3.54,4.56,42.8,94.6,32.98,63.8
827,4.12,3.78,34.5,65.4,42.27,81.89
1416,3.95,2.35,43.3,87.2,36.2,67.87
1076,3.64,4.66,33.9,75.4,38.45,78.36
1450,3.89,0.86,44.0,84.4,35.23,68.01
1253,4.05,2.36,22.6,84.7,37.37,77.27
209,3.6,4.29,37.4,40.0,47.71,94.71
1097,3.82,2.8,22.7,74.8,38.42,79.53
646,3.64,3.22,44.0,53.1,43.05,85.07
1157,3.22,0.62,44.9,80.6,38.95,73.51
711,3.72,2.16,43.1,62.8,42.15,81.96
1995,3.86,4.87,39.5,113.6,29.31,59.02
1061,4.15,4.77,27.1,67.5,39.49,78.83
744,3.71,1.41,42.9,62.0,43.31,81.66
516,3.77,3.65,32.4,53.2,45.6,87.05
212,3.52,4.16,26.2,41.3,48.5,94.66
1093,4.03,4.46,39.6,76.6,40.04,77.54
1602,4.08,4.64,47.3,92.6,33.36,63.7
1340,3.66,3.25,32.9,87.9,37.49,72.34
1955,3.67,1.7,34.5,107.0,31.21,60.29
1900,3.52,3.13,23.0,104.6,31.12,63.64
324,3.31,1.4,21.8,45.6,45.76,93.16
205,3.67,2.31,27.0,34.8,47.9,96.21
1028,3.88,2.69,26.5,67.4,38.83,78.3
1872,3.45,3.7,25.3,103.5,30.86,61.29
1710,3.6,2.52,40.5,98.2,33.24,62.3
1198,3.96,2.47,25.1,81.8,38.74,77.61
611,3.58,2.21,29.2,59.3,43.1,87.7
1076,3.56,3.66,49.5,74.8,40.06,74.35
1345,3.38,2.27,40.2,87.1,37.09,70.11
1493,3.26,1.63,42.1,88.5,36.02,66.3
1888,3.31,2.41,26.4,103.6,31.86,61.3
337,3.71,1.38,35.2,38.5,46.23,91.7
1019,3.29,0.92,32.1,68.8,39.43,76.92
1498,3.91,1.83,43.8,85.5,34.3,65.46
1773,4.13,1.13,33.7,97.3,31.76,61.89
364,3.24,2.74,23.1,41.5,45.47,93.01
557,4.06,2.78,34.9,53.9,44.26,86.66
225,3.77,3.88,20.6,35.8,47.0,97.59
1169,3.21,4.27,30.8,72.4,38.22,76.79
631,4.07,0.56,36.8,55.9,42.92,84.29
310,4.0,4.25,44.1,43.5,46.99,89.6
546,4.12,2.86,28.6,50.0,45.44,87.24
759,3.66,4.65,31.3,65.3,42.95,84.84
1472,4.06,3.39,38.3,91.3,34.46,68.97
964,3.27,4.56,26.3,70.3,41.11,81.5
1976,3.59,4.47,47.0,107.3,29.5,58.03
1840,3.99,1.96,33.8,108.3,31.75,63.69
1298,3.55,3.21,24.2,80.1,37.57,73.91
1696,3.88,2.49,22.1,99.7,33.17,64.79
297,3.56,2.96,46.2,40.2,46.96,89.51
9,3.31,2.72,44.9,30.3,50.45,96.99
1299,3.69,2.79,45.2,77.3,37.38,69.71
1168,3.51,2.9,42.8,74.8,38.71,75.35
1569,3.9,4.47,34.6,88.0,34.07,67.38
36,3.63,2.68,36.3,35.7,50.23,99.12
165,3.55,3.9,40.8,37.9,47.46,92.46
1058,4.0,1.69,24.4,74.8,39.32,80.19
289,3.36,3.11,28.4,46.2,46.42,94.02
743,4.17,3.86,44.2,61.0,43.14,81.02
198,4.1,1.76,34.1,40.7,48.22,95.02
460,3.58,4.22,32.3,50.6,46.03,88.3
1241,3.27,0.63,22.1,82.4,37.32,76.52
522,3.87,4.25,38.8,50.0,45.16,88.75
862,4.18,3.81,21.2,60.8,40.95,82.99
1956,4.02,1.78,44.1,109.7,30.62,58.18
1669,3.88,2.3,37.0,101.3,32.59,62.93
1553,4.18,0.76,38.7,95.9,34.16,66.31
1879,3.91,1.74,46.1,109.3,30.84,58.75
191,3.44,0.59,20.8,37.7,48.0,97.66
316,3.29,3.81,41.5,40.4,47.78,92.83
1977,3.45,3.93,39.8,106.1,29.91,58.69
81,3.6,1.37,46.2,34.7,49.54,96.51
159,3.36,2.26,37.0,34.8,47.58,94.82
613,4.02,4.01,26.9,56.7,44.28,89.36
1199,3.78,3.07,47.7,73.8,37.81,74.54
1495,3.26,3.54,40.8,85.4,35.82,67.17
968,3.86,1.83,39.1,65.9,39.92,76.79
353,3.46,4.52,45.1,48.2,46.2,88.31
211,3.49,3.46,37.3,34.5,48.0,95.15
1822,4.1,0.6,35.9,98.1,31.89,62.32
1213,3.58,0.83,39.8,78.2,37.8,73.95
1094,4.16,1.77,39.9,74.7,39.47,74.78
187,3.32,4.91,28.2,35.7,48.52,97.59
1020,3.69,3.13,27.9,67.6,40.22,77.49
588,3.69,4.63,31.8,53.9,43.27,85.24
1312,4.1,4.68,27.3,81.1,36.76,73.78
45,3.89,2.09,27.9,27.6,50.33,98.75
1249,3.22,2.55,49.3,81.3,37.93,70.2
1675,3.72,3.25,25.3,95.0,32.97,67.72
1977,3.85,2.19,44.7,111.2,29.74,57.96
342,4.11,3.33,31.2,44.7,46.33,92.91
1257,3.72,4.82,26.5,78.8,37.31,73.33
1550,3.82,1.42,22.3,88.5,35.43,67.92
202,4.15,1.71,28.7,41.5,47.48,95.92
288,3.9,2.9,43.1,43.9,47.89,90.57
1114,3.77,4.69,44.4,74.8,39.08,75.89
1762,3.97,0.8,39.2,98.1,32.74,61.89
748,4.08,0.67,39.0,58.4,43.47,84.08
234,3.8,2.17,35.1,38.3,46.93,93.52
744,3.94,3.34,45.7,58.5,42.92,81.36
1118,4.03,2.8,38.2,77.5,38.0,75.38
1758,3.65,3.03,41.6,95.6,31.53,61.32
1670,3.86,4.6,27.6,95.6,33.08,64.3
1514,4.18,1.83,29.2,95.0,34.63,68.86
570,4.02,1.58,26.6,52.3,44.11,90.08
1425,3.68,1.7,48.9,88.5,36.6,69.09
266,3.26,1.08,42.8,41.1,48.2,90.48
1138,3.78,4.77,46.4,71.9,39.27,75.31
1720,3.65,3.29,28.8,99.6,32.73,63.9
864,3.95,3.57,48.9,69.4,40.69,79.26
1340,3.98,4.02,23.2,84.7,37.4,72.28
1625,3.88,0.75,20.1,93.8,32.8,69.48
300,3.97,4.23,48.8,37.5,46.78,88.47
1865,3.46,3.53,26.3,108.8,31.68,63.65
831,3.68,3.39,24.2,63.5,42.49,83.08
1314,3.22,2.98,23.8,84.4,37.53,75.86
272,3.78,1.35,43.7,42.6,46.94,90.9
301,3.75,4.92,32.6,40.4,47.69,92.7
976,3.5,3.14,41.5,64.6,41.0,77.96
516,3.29,0.87,28.3,54.7,44.24,90.88
1222,3.26,0.77,39.5,74.8,37.19,74.58
914,3.77,4.07,22.5,70.3,40.75,82.5
112,3.93,4.75,20.2,33.1,49.09,98.47
1870,3.71,1.99,43.7,107.1,31.31,59.12
667,3.44,0.74,22.9,57.9,43.08,86.01
154,3.61,4.49,48.0,41.1,49.45,93.97
1318,3.89,5.0,24.3,79.5,35.85,75.36
772,3.87,3.57,22.8,65.2,43.03,86.52
1279,3.79,4.47,23.0,85.6,38.09,75.47
1806,3.33,4.72,34.6,104.0,32.68,62.49
1097,3.71,4.25,49.1,75.7,39.03,73.32
1520,3.27,3.94,47.7,87.9,33.94,64.8
1405,3.53,4.57,49.8,82.2,36.79,66.71
1217,3.86,3.32,36.0,78.3,36.98,72.83
712,4.08,4.43,29.1,54.2,42.41,84.88
981,3.46,4.61,42.2,72.9,40.26,77.13
1704,3.68,2.56,38.5,100.3,31.99,63.66
1044,4.0,4.41,42.4,72.1,39.44,75.78
1661,3.61,2.7,20.1,100.8,33.39,67.96
1776,3.57,4.74,21.5,97.3,33.04,63.16
1912,4.12,0.81,21.1,103.9,29.99,63.44
555,4.04,2.85,41.6,49.2,45.34,87.79
168,3.77,2.05,41.4,38.2,48.67,95.93
1546,4.16,2.82,25.8,89.0,35.22,70.1
1559,3.64,2.17,26.9,94.3,34.42,70.44
1832,3.97,0.65,41.8,104.5,32.06,59.28
791,4.06,1.75,22.6,64.0,42.68,85.63
460,4.01,3.59,26.1,49.6,44.44,90.02
148,4.1,2.09,36.2,40.1,47.98,96.04
1694,3.58,4.62,30.0,96.8,32.78,63.98
1782,3.36,2.07,37.9,97.3,32.33,61.69
717,3.3,1.43,36.5,57.0,43.27,84.78
857,3.38,4.35,48.1,65.3,40.84,81.35
480,4.15,0.78,41.3,53.6,45.42,88.26
1116,3.39,3.76,34.6,77.7,38.25,74.38
227,4.15,3.39,37.7,35.2,46.89,95.41
800,3.4,3.15,45.1,58.7,42.39,80.24
935,3.8,4.13,32.9,72.2,40.26,81.89
538,3.3,3.82,42.8,52.0,44.01,85.66
1955,3.71,3.39,45.7,105.7,30.92,58.64
1829,3.85,2.8,38.0,102.8,31.35,60.66
704,3.56,2.07,38.3,60.9,43.58,85.53
1305,3.69,4.86,48.5,84.3,37.3,71.32
1159,3.43,3.77,49.6,72.8,37.82,71.53
1247,3.49,1.51,46.4,76.8,36.75,73.79
1600,3.36,4.25,47.3,98.7,34.76,64.88
475,3.95,4.46,38.9,46.7,46.17,88.0
797,4.09,2.5,42.2,66.4,41.25,81.47
388,3.72,1.97,36.1,45.4,46.82,90.14
1103,3.47,4.98,44.9,71.6,39.42,74.02
1858,3.96,0.89,47.4,101.6,31.6,59.91
1875,4.03,3.52,21.0,102.3,30.33,63.68
1368,3.46,1.38,26.6,88.5,36.38,70.6
712,4.12,0.79,39.7,60.7,41.88,85.34
1791,3.31,3.6,32.7,105.3,32.2,62.96
807,3.36,2.14,27.2,58.0,42.44,85.52
1297,3.62,3.76,31.8,78.3,36.95,71.73
759,3.21,2.78,35.6,62.2,41.86,83.77
1226,3.85,2.49,33.5,75.9,37.59,73.81
1582,4.08,4.63,45.7,90.1,34.51,63.99
467,4.04,0.73,40.1,49.1,45.49,88.21
1656,4.1,0.83,44.5,99.7,33.11,65.04
794,4.19,0.95,24.5,64.9,42.59,85.16
1610,3.62,2.09,41.2,91.1,33.37,67.05
264,3.53,0.79,43.1,35.9,47.99,90.9
1389,3.65,4.52,46.3,84.9,37.09,67.28
1793,3.73,3.55,34.6,103.3,33.0,64.68
673,3.21,1.14,38.0,59.2,42.27,84.95
490,3.66,0.86,21.5,44.7,46.03,89.36
1199,4.0,1.26,27.8,82.0,37.59,76.13
1631,4.08,0.99,36.2,98.9,34.09,65.24
1219,3.95,4.34,28.9,77.4,37.36,76.16
1015,3.43,2.98,27.8,73.5,39.98,79.28
1527,4.19,4.38,49.4,87.1,35.33,66.4
1831,4.08,3.62,42.6,100.1,32.65,61.83
1290,3.26,0.84,26.7,78.1,36.36,73.3
1080,4.03,1.61,28.4,73.3,38.99,77.01
1587,3.39,1.47,24.9,89.5,33.51,69.7
898,3.99,3.13,38.1,65.2,41.9,80.93
771,3.7,2.62,27.4,60.0,42.22,84.6
1753,3.92,1.76,41.5,100.0,32.76,61.32
524,3.51,3.62,38.5,55.9,45.07,88.18
1332,3.99,2.23,33.9,81.4,36.67,70.18
1550,3.75,1.78,34.6,90.3,35.44,68.29
1657,3.35,2.37,20.1,99.3,33.24,69.13
619,4.04,1.44,28.2,56.2,43.13,88.91
65,4.17,2.1,26.3,36.2,48.55,100.0
1492,3.87,2.64,25.3,93.1,34.57,69.11
1743,4.13,2.04,46.1,102.8,33.49,59.98
1722,3.54,0.81,44.4,100.6,32.22,61.31
67,3.85,2.76,31.3,33.0,49.98,98.87
238,3.94,1.08,39.7,36.6,46.79,92.84
494,3.26,3.63,25.7,47.2,44.27,91.01
145,4.12,2.11,21.8,35.9,48.0,96.07
1992,3.54,0.61,48.7,109.4,30.92,58.17
208,3.63,1.81,29.6,35.3,48.55,94.72
730,3.47,0.65,35.9,63.5,41.76,81.91
566,3.46,1.39,38.0,47.9,44.64,85.7
528,3.34,1.34,24.9,46.2,44.15,88.17
824,4.2,0.59,32.9,64.9,40.8,80.83
290,4.02,0.92,45.8,37.5,46.53,91.22
1815,4.19,4.31,44.0,102.5,31.93,62.18
670,3.58,3.6,35.0,58.8,43.07,86.5
475,3.46,4.93,24.1,52.2,44.42,91.16
1572,3.95,2.89,21.9,93.8,34.98,67.56
1130,3.76,3.82,43.1,74.8,38.98,74.9
773,3.25,4.85,32.4,58.0,43.17,83.4
1019,3.93,3.77,43.0,73.3,39.01,77.64
1785,3.58,4.45,22.3,104.5,32.84,63.74
1707,3.64,4.98,39.2,96.3,33.65,62.3
507,3.28,3.2,39.2,49.3,44.83,88.74
868,3.72,4.99,20.3,62.7,41.1,81.93
1333,3.87,1.19,48.1,87.9,36.02,68.45
215,3.56,3.23,42.5,37.0,46.91,94.56
903,3.97,3.2,31.5,61.7,40.6,80.34
1225,3.44,1.68,44.8,82.9,38.4,71.7
184,3.33,4.81,40.0,37.0,47.31,95.56
238,3.22,3.5,38.9,44.2,46.67,95.07
376,3.28,4.54,29.8,48.4,45.26,92.37
347,3.44,1.94,35.8,44.1,45.65,93.2
1755,3.42,4.36,36.0,98.2,32.18,64.56
1260,3.74,2.81,23.8,78.7,38.3,75.27
1927,3.57,4.98,26.9,105.0,30.47,61.82
1947,4.19,4.5,29.5,110.2,31.22,62.2
1292,3.52,3.36,39.6,81.3,36.85,70.04
430,3.96,1.94,32.0,50.4,45.77,90.71
801,3.22,1.92,44.9,65.2,41.27,79.13
1235,3.28,4.18,32.5,82.1,38.51,75.14
1444,3.91,2.88,27.6,92.5,35.5,69.09
955,3.91,1.62,39.5,63.4,39.87,80.67
1765,3.32,2.74,34.0,100.0,31.48,64.9
312,3.69,3.28,46.4,37.7,46.85,91.59
1523,3.25,1.08,30.0,87.8,34.98,70.22
1358,3.9,3.33,47.6,88.1,36.28,69.82
1137,3.88,0.75,33.3,79.4,39.62,76.43
1245,4.16,1.95,29.6,77.8,37.7,74.56
615,3.48,4.2,28.4,51.2,43.72,85.35
111,4.13,4.64,48.6,37.9,48.19,94.18
383,3.6,0.7,22.6,47.2,45.92,94.06
1269,3.7,1.52,44.1,75.8,37.1,72.05
849,3.47,4.18,48.6,61.8,41.66,79.03
828,4.01,4.48,36.7,63.4,42.57,82.96
492,3.36,0.64,29.1,53.6,44.39,89.73
735,3.57,4.92,26.7,58.3,42.18,86.57
459,3.64,4.71,25.5,53.3,46.11,89.89
1068,4.18,1.16,47.3,69.2,39.2,75.28
277,3.87,3.69,44.4,38.6,47.25,90.65
1540,3.64,4.0,38.4,90.7,35.07,68.35
1561,3.91,0.59,23.6,91.1,34.14,67.67
1629,3.27,3.2,38.1,90.7,33.17,64.13
826,4.18,1.55,41.6,64.6,42.13,79.45
1569,3.74,3.41,40.1,95.7,33.92,66.06
1712,3.21,4.6,20.2,100.0,33.25,68.17
754,4.08,1.88,27.0,56.5,42.92,83.18
1775,3.7,2.46,39.3,104.3,32.12,61.66
1055,3.35,3.48,31.1,70.7,40.02,79.05
1301,3.82,1.31,34.5,82.0,37.21,73.49
1926,3.78,4.37,43.3,104.3,31.69,60.31
1184,3.87,1.75,41.6,75.3,38.17,74.61
1636,3.51,2.69,29.5,90.5,34.06,65.62
949,3.62,1.6,35.1,71.3,40.52,81.2
793,3.24,4.43,30.8,59.2,41.15,85.23
249,3.29,2.45,32.5,38.3,48.5,92.2
52,3.54,4.05,30.2,28.6,50.26,99.53
1384,3.62,2.19,47.8,87.3,36.2,67.56
1632,3.67,3.33,20.6,100.1,33.01,69.34
519,4.2,4.09,35.1,47.9,43.91,86.13
3,3.32,4.13,25.7,30.4,50.51,98.65
1716,3.66,1.31,21.2,98.8,33.03,64.56
1640,4.06,1.4,48.5,92.8,34.06,61.88
678,3.45,4.14,24.5,52.5,42.62,86.93
740,3.39,4.96,40.8,61.7,42.12,81.64
365,3.82,4.08,21.0,43.9,45.69,94.5
1894,4.09,3.68,31.5,103.4,31.97,62.39
1090,3.27,0.53,40.3,75.5,39.49,74.86
1322,3.64,4.35,28.9,81.2,36.46,73.36
571,4.14,4.1,20.4,55.1,43.9,90.55
239,3.46,4.23,36.1,35.0,48.19,92.7
1568,3.61,4.87,42.5,94.2,33.97,65.72
1317,3.75,2.73,39.9,79.6,37.13,73.03
372,4.02,3.98,22.4,45.0,46.36,94.15
154,3.75,1.8,28.2,38.1,48.18,97.52
733,3.23,1.18,34.5,64.2,43.14,82.93
1118,3.52,1.23,31.5,79.7,38.89,77.32
460,3.96,3.05,39.7,49.6,44.49,89.61
1117,3.66,3.48,34.8,73.9,39.75,74.28
1902,3.52,3.94,29.6,108.3,30.8,59.79
1994,3.76,2.87,21.5,114.6,29.16,59.55
1391,3.56,1.23,47.0,82.2,36.35,67.43
1306,3.21,3.87,47.5,80.5,37.74,71.86
514,3.9,1.56,30.8,51.9,44.5,89.92
854,3.27,1.47,27.1,64.1,42.45,82.58
682,3.8,1.91,28.5,52.6,43.47,87.08
878,3.56,2.58,27.2,66.0,40.7,80.53
1809,3.25,4.08,38.4,100.2,32.42,60.58
1836,3.26,3.58,33.4,103.2,32.29,61.82
59,3.24,0.75,46.6,32.7,48.49,94.17
1211,3.57,1.6,32.0,80.5,38.59,74.9
1097,3.62,4.79,30.8,70.9,38.57,77.38
1993,4.15,1.87,39.7,111.6,30.77,57.74
456,3.47,3.12,20.2,46.3,45.58,90.61
647,3.82,0.7,28.5,56.1,43.18,87.77
235,3.3,0.92,43.0,36.2,48.34,91.45
1925,3.56,0.65,25.4,107.6,31.47,62.07
1811,3.93,2.73,45.0,97.7,32.89,60.54
131,3.72,1.93,22.1,38.0,48.85,99.33
1130,4.14,2.52,33.2,74.7,38.08,76.61
1373,3.39,2.91,34.3,89.6,37.05,69.28
711,3.41,0.55,38.0,59.2,43.28,83.77
100,4.01,4.33,29.4,38.4,49.12,97.13
1929,4.13,4.49,44.8,111.8,30.78,58.23
38,3.72,0.72,37.7,30.5,49.45,98.67
951,3.22,3.75,47.9,64.1,40.71,78.84
1426,3.78,1.75,46.1,89.8,35.79,70.23
1111,3.91,4.89,21.3,78.1,38.82,77.67
325,3.34,2.06,21.7,40.8,46.17,93.44
929,3.71,2.14,48.4,65.6,40.13,79.16
490,3.38,4.28,35.7,51.0,45.28,89.92
1,3.67,2.63,40.7,34.8,49.51,97.46
1451,4.0,2.07,31.5,87.1,34.56,71.31
353,3.88,3.45,32.7,47.7,45.87,93.74
384,4.16,4.08,42.7,41.0,46.6,87.99
264,3.48,4.87,48.6,42.9,47.21,90.5
1232,3.36,4.15,28.5,74.5,37.26,76.26
1085,3.59,4.73,36.1,69.1,39.34,76.48
193,3.83,0.86,22.6,35.9,48.42,96.26
1244,3.54,0.56,48.6,83.4,37.45,69.6
616,4.18,2.92,29.1,58.0,44.37,85.29
1513,3.89,4.3,44.2,90.0,35.21,65.98
283,3.44,3.91,30.7,45.9,47.92,95.31
1088,3.28,3.67,35.2,69.9,38.93,77.39
84,4.05,2.12,28.9,35.4,48.66,99.46
1097,3.73,3.44,30.8,73.1,40.02,77.55
1848,3.21,2.87,41.9,100.8,32.52,59.0
1474,3.21,1.34,33.9,86.8,34.31,67.43
138,4.12,1.1,23.1,38.0,48.03,99.22
1534,4.06,4.43,42.3,94.9,33.67,67.49
1941,3.82,2.2,34.0,112.0,30.33,58.25
1928,3.68,2.04,27.4,104.9,29.74,60.2
1778,3.93,0.59,43.0,96.3,33.08,60.65
328,3.92,2.77,26.4,39.6,46.92,92.34
1161,3.48,3.32,30.2,74.4,38.81,74.45
1813,3.47,0.83,44.6,104.7,32.05,59.12
469,3.39,3.32,49.8,47.0,45.16,88.39
1280,3.39,3.67,40.8,78.7,36.87,70.54
949,3.85,2.44,49.9,70.9,41.29,78.74
1997,3.5,1.3,32.4,112.7,30.46,59.63
643,4.17,0.52,44.3,59.1,43.68,86.13
203,3.24,4.25,27.0,41.6,47.96,94.39
710,3.76,5.0,20.5,57.6,43.54,84.77
143,3.4,2.33,36.1,37.3,49.07,95.34
318,4.13,0.86,30.9,42.7,46.73,91.68
1377,3.69,4.41,34.1,83.6,35.92,69.65
1688,3.82,2.33,26.3,92.8,32.83,66.39
1360,3.39,4.3,38.9,81.3,35.9,71.61
270,3.91,2.34,36.6,42.6,48.11,94.44
696,3.66,1.62,20.9,62.8,43.9,88.4
451,4.09,4.81,29.6,47.4,46.17,90.66
835,4.15,2.92,44.7,65.1,41.94,81.68
709,3.5,2.53,38.6,60.3,43.82,83.44
74,3.89,1.81,37.5,34.9,49.68,95.46
1932,3.7,0.6,42.8,110.7,29.82,60.3
1808,3.38,4.07,32.7,106.8,31.93,63.3
1873,3.44,3.09,45.1,104.2,30.8,58.81
1154,4.13,2.75,31.0,73.1,37.83,76.42
1257,3.3,1.63,48.4,81.5,37.26,73.09
191,3.25,2.84,38.6,34.4,47.68,92.6
1284,3.4,2.13,24.2,85.3,37.08,76.14
1446,3.87,1.7,44.7,91.0,34.97,68.56
1870,3.39,3.01,27.1,102.7,31.44,61.61
1159,3.36,4.24,25.5,77.7,38.31,75.04
1397,3.64,3.42,43.7,87.4,35.98,70.64
956,3.93,2.79,41.3,69.8,39.48,78.51
139,4.05,1.78,22.5,37.4,49.53,98.45
920,3.26,1.62,21.1,68.8,40.18,83.73
1174,4.12,3.8,29.2,72.5,37.94,73.89
906,3.32,2.7,48.0,71.0,41.7,79.9
1142,3.46,1.99,22.3,75.7,37.75,77.22
1439,3.6,1.99,46.7,90.8,35.25,67.7
880,3.51,2.43,49.4,69.8,40.33,77.43
1431,3.96,4.42,24.3,87.4,35.81,70.11
1496,3.41,0.83,38.1,91.2,35.55,69.05
1101,4.05,4.52,36.4,70.0,38.47,75.96
1978,3.29,1.73,43.0,112.3,31.03,58.67
1644,3.25,4.46,43.5,99.6,32.87,63.55
1561,4.18,1.63,31.6,90.6,34.98,67.68
1333,4.04,3.53,49.6,81.4,36.29,71.09
1311,3.58,2.27,37.6,78.8,37.88,73.26
1339,4.06,3.02,38.3,88.2,36.05,71.63
784,3.28,0.95,21.6,65.7,41.23,83.39
1194,3.51,2.01,48.5,75.9,37.43,73.27
1117,4.03,3.65,48.3,70.5,38.45,76.15
517,3.56,3.14,48.6,54.5,45.63,85.48
1838,3.82,1.4,45.2,105.7,30.67,61.89
64,3.92,1.26,23.3,32.6,49.9,97.06
1878,3.51,1.54,43.4,100.2,30.39,60.53
1208,3.42,1.63,41.6,75.9,38.37,73.89
287,3.56,4.84,22.5,46.0,48.04,95.6
470,3.31,0.76,36.4,51.3,44.37,88.98
1109,3.91,2.52,33.2,69.8,38.99,75.64
1163,3.71,2.4,36.1,75.4,38.57,77.06
1616,4.14,1.31,32.1,96.9,33.94,67.89
1905,3.95,3.79,49.8,103.8,31.43,57.91
1286,3.41,3.47,43.4,84.9,36.71,70.98
1061,4.0,2.15,29.6,70.2,38.47,76.55
199,3.48,3.4,31.4,37.2,47.29,96.91
1063,3.73,3.14,47.6,76.4,38.41,75.53
1627,3.29,4.08,47.0,95.9,33.32,63.84
414,3.55,0.78,41.7,51.5,45.51,88.58
379,3.48,1.33,42.2,44.8,45.48,88.05
169,3.52,0.7,39.5,39.2,49.12,95.5
774,3.46,2.7,39.5,57.7,42.87,83.6
1680,3.9,1.9,24.5,99.5,32.93,67.23
650,3.58,4.77,31.1,57.9,42.79,85.08
935,3.86,2.77,46.3,69.1,40.17,76.7
801,4.05,4.65,26.9,65.8,41.26,84.54
1608,3.49,2.95,21.3,96.8,34.9,68.47
685,4.03,2.91,37.1,54.3,42.41,85.72
785,3.81,2.31,22.9,63.6,41.19,83.59
128,4.03,4.95,27.5,38.2,48.38,97.25
1483,3.79,0.96,29.4,87.6,35.57,70.15
608,3.44,2.84,27.2,56.3,43.83,87.64
1945,4.11,1.98,31.8,105.3,29.92,58.74
423,3.62,1.86,38.7,47.8,46.18,89.17
1563,4.13,1.46,39.5,91.1,34.9,64.9
911,3.85,1.87,45.8,68.9,40.93,79.21
833,3.67,0.55,22.0,60.6,41.74,82.61
1508,3.23,4.39,43.8,87.1,34.45,67.45
1570,3.39,3.07,27.0,89.3,34.44,69.41
1744,4.12,4.56,45.3,101.5,33.46,61.49
1553,3.56,1.26,23.4,90.8,33.61,67.37
1488,4.03,2.72,44.1,92.6,36.05,66.74
1858,3.81,0.64,33.8,101.4,31.21,62.5
1638,3.91,0.88,31.4,92.4,32.82,65.58
764,3.49,4.18,29.9,63.0,42.6,82.0
1137,3.22,0.78,36.3,78.0,38.26,73.83
490,3.57,4.44,31.8,53.9,44.83,89.63
1812,4.15,4.61,28.2,99.9,31.16,64.44
1381,3.69,2.48,29.3,88.7,37.04,72.81
874,3.94,4.19,45.8,64.2,41.62,80.84
293,3.89,1.13,20.6,41.1,47.47,96.69
1386,3.86,2.21,32.3,88.3,35.6,72.17
705,4.16,2.84,33.7,59.0,43.77,85.71
1614,3.46,4.62,27.6,94.6,33.6,65.93
1788,3.42,4.49,27.1,100.7,31.2,64.15
157,4.09,2.0,49.3,39.0,49.38,93.23
1277,3.8,1.83,45.7,85.3,36.53,70.48
1145,3.75,0.6,24.6,75.0,38.44,78.9
1528,4.1,1.34,47.3,88.8,34.08,65.02
1212,3.52,2.65,33.9,80.9,37.29,74.37
1215,3.42,3.67,32.5,82.7,38.58,74.82
668,3.67,2.48,36.8,52.4,43.08,86.39
670,3.29,2.16,23.7,57.3,43.5,87.18
1360,4.07,4.71,20.2,80.1,35.67,71.89
507,4.1,4.23,48.1,46.3,45.81,84.75
1126,3.58,3.88,24.5,70.9,38.76,78.76
1508,4.12,0.95,20.7,86.7,35.85,69.61
254,4.07,3.75,33.9,45.1,47.96,95.34
881,3.49,3.54,30.5,64.7,41.47,79.59
1976,4.1,2.83,49.1,112.2,29.63,55.28
1707,3.29,3.11,36.2,99.0,32.35,65.72
1327,3.87,3.9,25.2,79.7,36.04,72.36
750,4.03,0.73,35.3,58.9,42.42,82.67
57,4.06,1.2,33.8,34.9,49.38,98.96
398,3.24,4.45,25.3,45.8,46.52,91.45
1817,4.01,2.09,39.1,106.1,32.22,61.41
697,4.04,1.24,22.5,56.1,42.41,84.98
1848,3.93,4.62,44.5,107.3,31.2,60.04
1109,3.46,1.36,39.2,77.3,38.06,73.84
322,3.84,4.01,25.2,42.2,46.65,91.55
1768,3.36,4.99,36.8,98.1,31.75,63.47
231,4.11,0.73,27.9,39.8,47.14,93.0
31,3.34,1.6,41.8,28.2,49.64,97.51
338,4.04,2.32,39.1,43.3,47.6,90.14
1904,4.01,3.93,43.6,106.9,31.17,58.83
637,3.8,4.53,43.3,51.1,44.15,84.5
712,3.76,2.93,25.4,60.6,42.11,85.82
1790,3.64,3.85,25.2,102.9,32.26,64.14
1806,4.11,2.12,26.5,98.1,31.39,64.58
105,4.02,4.71,23.1,38.9,49.42,100.0
1647,4.06,1.93,42.1,96.0,32.71,64.73
1276,4.05,4.74,45.5,83.4,36.98,72.29
311,4.09,2.81,48.2,45.6,46.84,88.72
692,3.32,4.81,40.7,58.9,43.31,83.83
341,3.37,1.6,33.4,45.1,47.37,92.36
1761,3.47,2.78,37.8,100.1,32.01,62.65
817,3.76,4.6,32.0,65.4,41.15,83.76
211,3.81,1.14,40.3,36.3,46.91,92.41
996,3.77,3.62,20.2,72.7,39.83,80.59
1772,3.49,4.66,47.5,100.1,32.63,59.57
406,4.12,1.9,27.8,48.8,45.3,92.27
1532,4.1,3.11,30.1,87.7,34.95,70.3
476,3.41,0.5,46.1,53.4,45.59,86.45
515,4.09,2.7,46.9,49.7,45.74,86.96
278,3.43,3.48,28.0,41.6,46.34,92.76
861,3.26,2.9,30.4,68.7,41.43,82.67
633,3.75,3.53,40.0,51.5,43.08,84.52
1729,3.86,2.39,31.7,95.8,33.2,63.7
1204,4.11,3.71,38.3,76.7,37.39,73.7
586,3.93,0.79,42.8,52.2,44.6,83.81
1777,3.26,2.56,24.8,102.2,32.89,62.82
417,3.45,1.13,29.3,46.9,45.8,89.44
394,3.72,4.24,24.0,48.8,46.7,92.9
1518,3.7,2.71,25.2,90.7,34.35,70.49
213,4.08,3.28,41.1,43.3,48.83,93.62
933,3.7,3.37,43.8,71.6,41.22,79.9
1562,3.56,4.0,20.1,91.3,34.39,71.31
825,3.68,2.11,20.1,66.4,42.14,84.75
1119,3.33,4.83,30.8,73.1,38.97,74.83
605,4.0,4.91,40.5,52.3,43.06,84.42
21,3.4,3.71,31.0,31.8,49.97,97.2
320,3.49,3.02,47.7,47.7,47.78,91.83
1470,3.39,3.62,39.9,86.9,36.11,68.38
659,3.99,2.63,40.3,56.4,42.8,85.31
973,3.45,2.79,43.1,71.3,40.09,79.79
367,3.99,3.0,47.9,43.2,46.85,90.21
1956,3.54,1.43,45.3,109.9,31.33,56.73
1294,3.57,2.92,39.8,84.4,36.9,70.02
88,3.94,4.43,37.9,29.7,49.18,97.07
660,3.2,3.09,47.9,53.7,42.94,84.72
1133,3.36,2.56,37.8,77.3,38.29,75.54
1253,3.37,2.96,48.4,81.6,38.02,71.72
342,3.87,3.64,49.7,43.5,46.18,90.66
1917,4.17,3.72,21.9,107.0,31.17,61.2
1115,4.06,3.84,40.5,75.1,38.89,75.57
1602,3.99,2.84,39.1,92.8,34.56,67.17
1701,4.18,2.17,43.2,100.3,32.19,62.91
273,3.93,0.9,33.6,41.9,47.49,94.04
1316,3.68,1.51,27.4,80.4,36.25,73.03
1362,3.47,4.26,47.4,82.6,35.82,69.94
1806,3.53,0.79,20.6,105.9,31.44,62.72
802,3.64,2.33,20.6,61.8,42.79,86.2
1101,3.36,3.45,28.6,77.4,38.34,78.26
1745,3.28,2.51,28.1,102.2,32.27,63.8
710,3.58,4.61,21.1,63.0,42.65,85.18
672,3.89,0.63,43.4,57.2,42.34,85.6
348,3.66,1.8,25.8,39.9,46.08,93.3
653,3.33,2.68,22.8,60.2,43.36,85.29
1892,3.28,0.82,40.7,101.1,30.41,58.32
70,3.58,3.59,20.9,31.9,48.39,99.46
1251,3.98,4.7,44.5,81.9,37.17,72.77
241,3.37,1.61,47.5,39.8,47.19,90.66
1980,3.99,4.97,28.3,107.7,30.39,58.98
1020,4.02,4.76,41.2,75.5,39.43,76.13
1153,3.8,3.96,28.7,76.7,39.22,74.92
621,3.69,3.48,34.6,56.5,44.47,85.97
892,3.32,0.58,48.3,64.1,40.4,78.57
1618,4.18,1.31,48.0,94.9,34.0,65.66
1200,3.93,1.85,33.5,79.8,37.32,74.83
1604,4.0,3.89,49.0,92.4,33.06,66.09
68,3.36,0.97,27.4,30.5,48.82,97.13
1006,3.33,1.36,34.3,67.1,39.47,78.38
1452,3.74,4.79,27.2,91.2,36.39,69.24
904,4.14,2.75,38.9,66.2,40.76,81.3
1370,3.56,3.93,39.6,82.4,35.53,69.75
242,3.55,4.49,37.5,43.8,47.96,93.47
1132,3.74,2.3,25.6,75.4,38.04,76.65
693,4.03,2.18,25.7,56.4,43.87,85.14
499,3.6,2.07,21.6,53.0,45.51,91.36
1183,3.5,1.89,44.8,82.3,37.24,73.42
344,3.76,3.37,29.7,39.3,46.4,92.42
407,3.88,3.0,38.5,44.5,46.64,91.72
1425,3.61,2.07,21.8,84.8,34.87,70.63
1863,3.81,3.11,34.6,107.3,31.9,59.71
1310,3.8,2.28,36.0,78.5,36.55,71.74
183,3.77,2.32,27.2,32.9,47.68,94.67
477,3.48,1.49,30.8,46.5,45.05,90.52
661,3.36,2.17,20.8,58.4,42.98,87.31
1026,3.34,2.9,22.3,75.1,40.51,79.14
1416,3.35,3.69,37.9,84.4,35.21,68.56
680,3.48,2.51,25.7,52.6,42.54,85.72
338,4.0,4.95,45.8,47.3,45.8,91.69
1912,3.77,4.26,34.8,105.4,30.95,60.51
1714,3.2,2.99,30.2,96.7,32.08,63.59
865,3.2,3.67,42.2,64.3,41.95,79.63
1192,3.44,4.27,27.2,75.9,37.67,76.76
666,4.18,2.53,21.2,52.2,43.82,87.21
1099,3.64,3.95,29.6,75.6,38.72,75.82
614,3.49,3.95,35.6,57.5,44.6,84.6
1367,3.89,1.99,40.0,82.4,36.73,72.09
1561,3.7,0.83,39.3,91.9,33.74,67.79
1632,4.17,1.24,43.9,93.1,33.23,65.13
1767,4.15,2.08,36.1,96.9,32.68,63.07
436,3.6,3.73,38.0,45.5,45.57,88.96
1533,4.18,4.32,49.1,96.2,34.56,64.78
1521,3.74,3.72,43.0,91.3,35.7,66.48
1015,3.94,1.16,26.1,71.4,39.5,79.81
522,3.58,1.4,20.6,48.4,45.08,90.84
1029,3.76,4.09,38.7,75.8,39.4,75.61
21,4.11,3.54,36.7,25.9,49.73,97.5
1303,3.95,2.85,20.8,85.1,37.38,74.44
1256,3.25,3.6,28.8,79.1,37.16,76.02
1020,3.87,4.94,42.8,68.3,39.86,76.31
1283,4.05,2.97,23.8,82.9,37.63,73.44
1814,4.05,1.52,28.5,104.5,31.54,64.06
1692,3.38,2.11,23.8,100.9,32.74,66.75
931,3.79,0.92,47.4,69.0,40.11,78.2
1837,3.87,1.16,24.0,104.2,30.87,62.85
584,4.01,1.76,49.3,55.8,43.5,83.51
706,4.12,1.11,48.0,57.5,42.96,81.41
457,3.89,2.69,47.5,48.8,45.67,85.54
1574,3.63,4.7,39.1,96.1,35.21,68.27
870,3.64,1.54,35.4,65.9,40.98,82.2
1275,3.68,3.09,47.0,84.4,36.5,70.76
790,3.99,1.06,25.3,65.8,41.76,82.71
1372,3.63,0.56,38.9,85.9,35.77,68.82
302,3.7,3.42,22.7,39.4,47.49,92.96
1492,3.47,0.66,44.9,93.2,34.94,68.9
924,4.07,2.13,43.4,65.4,40.55,79.36
1877,3.5,1.64,28.3,106.1,30.32,63.37
1739,3.92,3.6,47.4,96.9,32.64,63.63
764,3.56,2.89,28.3,57.5,42.96,83.35
740,3.49,1.33,27.6,57.9,42.0,85.33
545,4.11,0.8,35.9,50.6,44.99,87.67
219,4.01,2.55,34.6,36.1,47.22,93.79
1814,3.58,3.5,45.7,106.7,30.97,58.68
283,3.87,4.53,44.0,46.1,46.28,92.04
1132,3.33,1.77,28.7,77.3,39.27,77.75
904,3.22,2.05,39.7,68.3,41.69,81.41
1011,4.17,4.11,32.5,72.0,39.3,78.68
1759,3.27,1.93,39.3,102.7,32.23,63.8
71,3.92,3.33,46.9,31.7,49.94,93.54
228,3.22,4.32,26.1,40.2,47.46,93.36
1743,4.1,4.81,50.0,97.8,33.01,61.61
1917,3.6,3.25,41.9,107.7,30.86,61.12
366,3.99,4.74,36.9,44.0,45.72,91.45
1940,3.82,1.55,27.5,107.7,30.45,60.2
1754,4.03,4.76,29.9,96.0,33.34,65.62
1720,3.28,1.59,33.5,95.7,32.45,65.67
920,4.13,0.74,31.3,65.2,39.89,79.64
1439,3.72,1.38,31.9,89.3,35.45,68.71
1855,3.26,1.08,27.4,100.5,32.03,63.94
1028,3.52,2.99,45.5,69.2,39.98,77.45
959,3.34,4.83,46.5,66.2,41.06,77.98
90,4.05,4.06,42.9,34.8,48.47,93.91
415,3.6,3.61,44.0,51.4,46.67,90.36
225,3.73,1.7,22.2,41.4,48.22,95.47
1866,4.05,3.05,27.4,106.3,30.69,63.05
1335,3.27,1.01,49.8,78.6,37.39,71.57
1191,3.71,4.05,49.5,77.4,39.07,74.42
646,3.51,3.74,22.2,57.9,43.73,87.63
1934,3.47,2.43,35.3,111.0,30.26,57.87
1038,3.99,4.37,34.9,66.8,40.06,77.9
1500,3.5,4.36,42.6,92.4,34.98,66.89
1383,3.62,3.49,44.5,87.1,36.91,71.22
149,4.17,0.5,31.9,32.7,48.22,95.05
6,4.15,1.89,27.9,27.1,50.03,99.82
1649,3.5,0.93,26.3,91.0,33.28,66.45
770,3.46,4.97,44.3,65.7,41.61,80.55
1236,3.65,1.64,43.2,84.4,38.13,73.01
154,3.47,1.71,38.9,41.0,49.01,96.81
230,4.04,1.52,49.9,37.3,47.94,90.49
34,4.05,1.03,34.3,34.5,49.27,96.82
1721,3.96,3.1,24.5,100.0,33.09,65.27
1428,3.75,4.92,45.3,84.9,35.13,67.31
1668,4.05,0.97,28.8,101.5,32.83,64.9
1591,3.97,0.74,32.2,92.3,33.25,66.77
732,3.37,0.57,40.6,58.6,43.41,81.57
1159,4.11,2.72,26.2,72.1,37.72,75.56
1563,3.4,3.91,45.9,92.8,33.98,63.72
1145,3.63,3.66,45.5,70.9,38.62,74.97
1351,4.04,1.97,42.7,88.2,36.75,72.07
1384,4.11,4.04,47.2,86.4,35.73,67.04
672,3.93,4.45,21.9,51.9,43.59,86.57
384,3.39,3.07,26.5,43.9,45.52,90.96
1816,3.23,4.33,29.5,97.6,31.69,63.43
529,3.35,0.66,46.4,55.6,44.13,85.49
688,4.13,4.11,30.5,54.4,43.11,84.35
1565,4.09,4.8,46.0,96.6,33.92,67.3
1219,3.81,4.58,42.3,76.8,38.57,74.87
1116,3.34,0.61,32.1,72.4,38.03,76.45
1354,3.91,0.96,38.2,88.8,36.09,70.55
828,4.14,3.52,41.1,62.5,42.54,79.72
913,4.08,1.88,24.7,63.6,40.98,83.24
1331,3.62,1.23,44.0,82.7,36.43,71.91
446,3.36,4.71,20.1,51.0,44.81,90.05
1462,3.97,1.89,46.2,83.6,34.86,67.76
1224,3.98,3.65,23.9,77.6,37.79,74.78
278,3.35,4.96,43.4,44.4,48.17,90.91
518,3.85,3.39,41.9,55.2,43.92,86.22
1796,3.45,0.98,48.7,105.4,31.32,61.89
1007,3.54,1.85,22.3,70.2,39.67,81.16
1309,3.8,3.32,48.9,78.0,37.63,71.79
190,3.55,1.0,38.0,42.1,47.11,95.92
374,4.13,1.62,46.3,40.2,46.57,88.72
1348,3.71,1.1,38.9,88.8,37.02,69.4
593,3.85,4.13,30.5,52.7,44.73,86.27
728,4.19,2.13,43.0,60.0,43.03,83.52
1413,3.78,1.13,45.1,88.7,36.8,67.23
138,3.39,2.59,22.4,39.1,47.66,99.55
1314,4.02,4.04,47.9,81.3,37.58,70.35
217,3.61,0.57,24.5,43.6,48.72,94.76
1293,3.2,3.85,29.4,76.7,36.78,74.9
1051,3.88,0.58,49.2,74.2,40.17,74.08
1284,3.42,3.31,29.3,79.0,37.96,72.63
661,3.32,3.72,20.4,55.9,42.73,89.32
1196,3.51,2.36,39.5,74.4,37.28,75.11
1670,3.98,2.7,39.8,98.2,33.78,64.2
1105,3.26,1.98,36.5,79.0,39.14,75.61
1602,3.54,4.56,48.0,91.7,34.21,65.9
458,3.52,2.23,42.5,45.6,44.75,89.08
599,3.55,4.66,41.9,55.2,43.46,87.11
909,3.41,1.93,49.4,69.2,40.47,80.15
1464,3.31,3.49,46.2,89.9,34.71,65.58
253,3.45,2.08,43.6,44.0,46.83,90.71
1844,4.2,1.15,45.4,103.6,32.02,58.34
1938,3.31,2.06,26.4,103.1,30.42,62.64
1255,3.99,3.24,38.9,81.8,37.63,71.6
99,3.83,1.3,48.7,34.2,49.58,93.87
899,3.68,4.05,30.5,66.6,40.46,82.85
1075,3.75,3.98,42.4,69.2,38.67,76.38
1295,3.61,1.61,23.5,77.7,38.03,74.23
1902,4.09,0.67,44.3,110.7,31.45,58.38
1402,3.9,1.66,28.3,84.3,36.95,69.78
334,3.91,2.23,31.2,38.7,47.64,91.81
213,3.44,1.02,26.6,40.0,48.53,96.6
241,4.19,3.33,36.2,44.2,48.29,94.91
1705,3.25,4.49,44.5,93.3,32.04,61.46
208,3.58,0.94,27.2,39.7,48.61,96.35
674,3.85,3.53,21.7,54.3,44.22,88.61
1392,3.75,2.43,39.3,89.2,35.41,69.52
1704,3.21,1.3,30.8,103.0,33.28,66.7
397,4.05,1.49,24.7,45.6,46.48,91.77
537,3.56,1.84,31.0,50.4,44.46,89.9
40,4.11,4.18,33.7,30.9,49.96,98.2
1373,3.51,1.12,23.3,88.0,36.54,71.3
1174,3.71,3.94,28.4,79.6,39.03,76.92
36,3.85,2.88,36.4,30.1,49.13,95.59
1804,4.04,1.31,44.8,99.1,31.02,60.48
909,3.67,4.05,33.3,68.1,41.83,81.82
121,3.72,1.56,25.2,34.2,49.72,97.62
1408,3.27,1.98,36.2,85.6,34.98,71.55
1145,3.84,1.45,44.7,74.8,37.56,74.65
1295,3.96,2.45,26.3,83.4,36.76,73.91
799,4.1,4.86,29.9,57.1,42.02,84.73
947,4.04,1.57,42.8,71.3,40.34,77.2
432,3.89,0.99,39.3,49.4,45.37,89.94
329,3.32,3.12,31.2,44.4,46.35,92.62
918,4.0,4.59,33.9,65.8,40.98,80.84
26,3.51,3.92,33.1,30.0,49.22,98.73
1261,3.88,3.48,39.0,76.7,37.25,72.53
1877,3.43,0.62,35.9,107.9,30.8,59.97
681,3.63,3.84,37.4,57.2,42.92,86.06
486,3.86,2.81,34.7,51.0,45.02,87.66
1102,3.26,2.26,25.5,78.4,38.04,76.08
1052,3.51,4.29,21.4,69.9,39.64,80.94
778,3.66,2.28,31.4,65.6,42.38,84.05
263,3.43,4.71,31.7,37.2,47.82,93.18
626,3.87,3.42,44.4,56.8,43.52,82.59
495,4.18,1.78,37.0,53.4,44.81,86.39
1208,4.06,2.5,24.4,76.7,37.33,74.35
1484,3.77,4.27,22.7,93.8,34.2,70.7
1756,3.86,0.57,45.3,95.6,32.96,59.92
284,4.09,4.03,35.9,38.3,46.31,94.2
123,4.0,0.82,29.5,38.6,48.23,96.28
402,3.89,1.65,21.4,49.8,46.97,91.44
997,4.16,3.76,28.0,67.4,40.68,78.68
1784,3.94,2.67,33.6,106.3,32.55,62.57
313,3.98,3.6,28.9,43.2,46.33,93.37
1993,3.58,3.73,42.8,108.9,29.47,57.86
1166,3.93,3.26,48.9,77.7,37.96,73.49
504,3.55,3.09,38.8,46.7,44.72,88.53
1116,4.12,4.21,49.6,76.1,39.74,73.79
472,3.91,2.92,29.1,53.4,46.21,91.03
79,3.53,1.56,40.2,34.4,49.99,95.18
806,3.63,3.02,35.1,59.7,42.68,83.57
1430,3.62,1.37,21.2,83.6,35.49,72.46
1526,3.3,1.51,45.1,89.7,34.04,67.84
1931,3.25,1.98,31.4,109.5,31.69,59.76
1071,4.15,3.35,40.0,71.0,40.23,77.49
1555,3.55,4.93,37.7,92.5,35.44,66.0
918,4.2,0.69,22.5,65.5,41.62,82.04
381,4.05,3.86,22.4,44.4,45.57,93.98
4,4.11,2.51,48.5,28.3,49.93,95.68
549,3.82,1.99,20.2,54.2,43.88,89.41
498,4.13,0.92,24.0,49.4,45.14,91.75
98,3.97,4.27,24.6,31.4,49.1,98.04
1682,3.86,2.61,21.8,97.5,33.21,67.29
497,3.45,0.63,40.9,54.2,44.08,87.18
782,3.8,4.66,46.0,59.9,42.72,80.09
765,4.0,3.07,43.4,61.9,42.67,80.86
1805,3.51,2.43,25.0,104.2,31.17,65.69
1696,3.67,4.34,40.1,98.4,32.83,61.84
1232,3.92,4.43,42.4,78.5,38.66,74.02
1793,3.49,1.1,43.5,96.9,31.65,63.09
849,4.13,2.65,36.1,67.5,42.19,80.16
1204,3.84,2.72,24.8,79.5,37.91,76.39
13,3.62,1.96,43.6,30.8,50.09,95.97
1071,3.24,2.13,41.5,73.4,39.04,74.65
1577,3.33,4.42,22.0,93.7,35.1,67.68
88,4.2,2.1,31.8,35.7,49.39,97.34
1742,3.51,4.44,37.5,97.8,33.4,62.3
1066,3.21,0.69,32.1,69.4,38.42,77.24
847,3.23,3.38,23.9,66.1,40.57,82.15
1211,4.19,3.89,46.5,76.2,37.72,71.71
1448,3.64,1.47,48.0,90.9,35.56,65.71
1983,4.1,3.77,28.8,113.0,29.92,59.98
535,4.0,4.06,32.2,53.4,44.08,87.71
1766,3.57,1.57,46.4,100.0,33.13,61.42
92,3.43,4.97,46.1,35.3,48.24,94.37
1028,3.95,1.78,30.0,75.8,39.17,77.5
1042,3.51,1.75,48.6,71.5,39.73,76.28
598,4.14,4.36,20.5,50.2,44.25,89.91
1467,3.41,3.49,39.3,92.4,35.84,70.38
746,3.39,4.76,33.8,60.2,41.64,83.03
1807,3.7,0.52,30.5,101.9,32.52,63.14
260,3.76,1.64,32.0,41.4,48.08,94.5
1027,4.1,4.82,44.4,69.7,40.13,78.35
1555,3.8,2.47,21.3,89.0,33.73,69.33
1336,3.45,1.27,30.6,87.7,35.79,71.31
350,3.38,1.44,38.4,45.4,47.16,89.99
1112,3.75,4.97,41.8,74.5,39.86,73.58
1066,3.67,2.74,22.3,76.4,39.81,80.88
456,4.14,4.12,23.9,47.3,45.65,89.94
914,3.8,0.51,41.4,65.0,40.3,78.33
754,3.62,2.51,39.1,57.2,42.95,82.69
1950,4.04,2.81,46.7,110.6,29.9,56.48
121,3.7,4.97,46.9,36.5,49.71,95.85
1388,3.49,4.25,22.1,80.6,35.24,73.87
1470,4.06,0.53,26.1,85.7,35.89,72.32
1962,3.7,3.26,24.1,104.3,31.13,62.85
1360,3.8,4.31,41.4,85.6,36.13,68.97
1524,3.97,2.4,36.1,87.6,33.9,67.18
1548,4.01,4.17,45.4,88.4,34.5,65.24
1891,3.44,4.31,40.8,104.8,31.18,60.48
1930,4.1,4.07,40.2,111.7,30.91,60.91
1480,3.62,3.97,40.5,89.2,34.44,67.42
1532,3.49,3.38,21.2,92.6,34.38,69.09
1628,3.26,1.97,42.1,96.0,34.2,65.68
359,3.84,0.76,36.4,46.2,45.73,91.63
1789,3.29,3.71,37.7,105.7,32.84,63.81
451,3.51,1.43,25.3,46.3,46.18,92.07
831,3.89,4.36,35.5,58.4,41.87,83.13
851,3.33,3.12,39.5,60.6,40.78,81.8
1388,4.09,3.75,24.9,82.6,36.67,72.43
1765,4.01,1.89,40.4,95.6,33.06,62.42
982,3.81,4.19,23.5,69.9,40.29,79.79
1514,3.88,2.82,20.5,95.5,35.55,68.65
1232,4.19,3.48,38.5,78.9,37.45,71.77
348,4.15,4.08,23.4,42.8,47.42,93.23
334,4.08,0.96,37.6,46.0,47.22,91.63
1774,3.6,2.8,46.2,96.4,33.17,60.13
1426,3.33,1.99,49.2,82.4,34.93,68.1
1202,4.07,0.79,40.7,74.0,37.14,73.34
733,3.5,0.51,42.9,60.4,43.04,81.15
472,3.45,4.4,22.9,48.1,45.92,91.31
856,3.99,3.77,24.8,63.1,41.12,84.44
78,3.9,2.16,46.8,33.7,49.36,94.21
1275,3.29,4.47,31.0,85.7,36.85,73.21
1779,3.87,4.37,49.1,98.3,31.22,58.84
894,3.74,1.56,32.4,63.3,40.69,79.49
162,3.53,1.24,43.0,32.2,48.32,93.53
1587,3.83,2.72,35.9,95.1,34.89,65.65
1190,3.8,2.51,32.2,82.2,37.51,74.7
668,3.75,1.9,35.5,58.7,44.07,84.82
725,3.7,3.52,35.3,56.7,43.16,84.47
716,3.49,2.22,44.9,63.6,43.67,84.12
714,4.19,3.92,49.1,63.2,42.02,82.44
1255,4.02,0.73,49.2,80.8,37.81,70.28
951,3.86,3.22,31.9,66.8,40.32,78.35
257,4.12,2.69,23.4,37.9,47.54,93.83
1214,4.18,1.02,43.7,75.6,38.51,71.05
168,3.58,2.13,33.3,34.4,48.63,94.04
1481,3.92,3.31,32.8,87.4,36.04,67.7
1961,3.61,1.9,38.2,106.1,31.12,57.01
236,3.49,2.55,43.9,36.2,46.65,91.58
901,3.73,3.75,45.8,68.2,41.12,79.29
1559,3.41,4.41,28.9,97.2,34.96,69.39
1390,4.17,0.72,38.0,88.8,35.43,69.14
1152,3.27,0.96,45.3,76.1,38.42,75.36
1227,4.11,4.17,32.6,77.8,37.03,76.22
88,3.65,1.44,24.7,36.5,49.37,96.62
380,3.68,2.38,43.0,41.6,46.15,88.36
431,3.96,2.92,27.6,47.7,45.38,89.7
1574,3.76,4.85,28.8,91.9,34.02,66.8
1487,3.96,1.46,35.2,90.5,34.38,66.84
1142,4.05,3.49,41.7,78.3,39.14,76.08
1784,4.06,4.77,47.4,101.6,32.75,61.63
783,3.84,3.43,25.2,58.4,42.25,85.81
818,3.25,0.79,33.5,59.7,40.85,80.76
628,3.66,4.34,22.0,53.5,43.19,87.71
2000,3.65,1.51,38.8,112.5,30.12,58.48
1669,3.33,3.33,44.7,93.5,32.58,65.13
355,3.81,3.56,47.4,46.1,45.54,90.02
1121,3.44,3.09,46.6,74.8,38.08,75.51
1870,4.13,3.28,47.4,101.2,31.27,59.96
1886,4.04,4.66,24.1,105.8,30.67,64.12
1678,3.67,4.23,40.5,96.3,33.02,63.22
144,4.18,2.55,37.3,38.6,48.82,93.35
736,3.92,4.33,26.6,60.7,43.19,87.02
887,3.46,2.02,30.2,66.0,41.55,81.42
250,3.81,3.2,39.7,36.2,46.54,92.79
769,3.43,3.53,20.5,61.4,41.53,83.43
527,3.34,2.32,21.8,54.3,44.44,90.74
1670,3.63,2.79,49.2,92.4,33.27,63.25
1887,3.5,0.94,33.0,108.4,30.71,61.45
1727,3.82,4.45,31.6,95.3,31.76,66.02
1307,4.05,3.74,24.3,78.8,37.5,72.33
815,3.43,1.86,29.9,66.7,41.46,84.53
1370,3.84,3.32,36.2,82.0,35.64,71.38
1214,3.55,1.98,39.6,77.4,37.02,72.36
1272,3.31,3.38,24.9,83.5,36.98,75.53
473,3.88,0.71,47.5,44.9,44.43,85.75
1072,3.51,2.19,27.9,73.6,38.93,79.86
767,3.56,2.98,48.3,64.3,43.19,79.41
187,3.27,4.84,40.5,40.1,47.59,93.79
149,3.86,4.72,49.2,39.2,48.57,93.13
204,3.58,1.87,39.8,40.4,47.22,94.95
489,3.4,2.46,29.8,54.1,44.33,91.31
1642,3.24,2.92,36.0,90.9,34.1,67.32
75,4.05,3.73,34.4,33.3,49.31,96.18
1799,4.06,1.43,21.1,100.0,32.54,66.04
432,3.23,1.32,37.9,43.4,45.6,88.26
1113,4.0,0.82,49.5,74.9,38.35,73.53
1665,3.47,4.09,28.7,97.6,33.18,66.21
1743,3.77,1.66,40.9,103.3,31.83,64.42
1728,3.85,1.98,28.4,101.1,33.19,65.73
1319,3.38,2.11,37.4,84.4,37.45,72.26
224,3.57,2.74,20.9,37.4,47.78,94.23
1165,3.29,1.71,26.8,74.6,38.97,77.93
1848,4.05,2.39,22.4,105.5,30.84,64.29
1024,3.3,0.6,29.6,66.8,39.74,78.82
623,3.63,3.79,38.3,51.5,42.94,83.73
1765,3.73,4.27,29.4,101.6,31.35,62.44
66,4.14,4.84,21.3,30.7,49.96,99.45
757,3.78,2.02,33.6,57.2,43.2,85.0
994,4.0,2.98,24.9,71.1,40.15,79.47
1382,3.42,3.18,29.2,82.6,35.44,71.18
425,3.42,3.03,48.6,51.0,44.95,89.36
209,4.12,4.78,40.1,38.1,48.12,91.8
651,3.51,0.84,32.7,59.5,42.84,84.13
356,4.0,1.54,36.0,46.8,47.32,90.63
1890,3.37,4.79,25.6,106.0,31.15,62.61
1172,3.42,2.82,41.6,80.6,38.57,72.95
921,3.49,4.84,33.4,71.4,41.55,81.78
1075,3.34,3.96,35.1,73.0,39.46,75.65
693,3.22,0.9,28.8,54.2,43.73,85.53
1396,3.95,1.66,31.4,84.4,36.16,72.88
1457,4.16,1.42,21.8,87.3,34.75,71.94
680,4.03,4.94,47.1,60.7,43.73,82.75
1484,4.14,4.51,28.9,89.3,34.41,68.83
408,3.8,4.39,40.1,49.6,45.01,91.07
120,4.06,2.82,36.8,31.7,48.58,94.82
697,3.35,4.7,37.8,55.9,43.22,84.81
1549,3.84,2.73,31.6,96.0,33.79,67.83
461,3.52,4.15,39.0,47.0,45.25,90.28
168,3.63,3.32,35.8,38.3,47.75,95.87
1726,3.34,3.35,21.1,98.2,31.9,65.69
351,3.77,2.12,22.8,45.2,46.45,92.73
1693,3.31,2.31,41.0,95.8,32.45,65.01
877,3.33,0.89,23.9,65.2,41.59,81.97
882,4.09,3.63,39.8,67.1,40.83,81.22
1363,3.34,2.79,29.1,82.0,35.77,73.58
1811,4.19,2.24,31.8,100.6,32.22,62.03
1323,3.61,2.03,37.3,80.3,35.87,71.49
1357,3.32,1.99,34.4,88.3,37.04,69.97
1264,3.45,2.87,45.0,78.5,38.24,69.86
1465,3.48,4.21,47.3,87.5,34.35,65.77
692,3.78,3.39,35.6,53.4,43.02,84.91
1198,3.52,0.94,47.2,82.4,38.35,72.76
979,4.19,1.64,34.6,67.8,39.49,79.94
1372,3.9,4.57,20.5,87.2,36.26,71.53
760,4.12,1.05,44.8,65.3,41.48,81.27
235,3.82,1.32,24.3,39.6,47.57,96.08
1941,3.31,2.81,26.8,105.1,31.51,61.14
1850,3.68,2.3,38.6,99.4,31.08,61.57
1529,3.44,4.09,38.5,88.9,35.55,69.19
1244,3.25,2.65,35.9,81.6,37.12,75.27
1783,4.12,2.0,41.2,98.6,31.42,63.15
1417,3.84,4.03,23.6,83.4,36.81,70.12
1683,3.28,4.43,27.2,99.9,33.63,67.75
1612,4.16,1.56,49.7,92.3,34.69,65.43
242,4.09,1.5,37.7,40.2,47.72,94.39
1194,4.1,4.37,33.9,77.9,38.98,73.58
1866,3.25,4.86,33.2,105.4,30.64,59.88
1222,3.65,4.88,33.6,81.0,37.19,74.64
260,3.4,2.28,45.0,37.8,48.34,89.92
1657,4.17,2.0,23.9,99.3,32.62,67.29
920,4.16,2.94,24.3,71.1,40.36,80.63
1279,3.49,3.76,36.9,85.2,36.22,71.93
996,3.66,1.51,34.1,71.5,39.7,77.47
1615,3.39,1.1,36.0,89.9,34.38,67.32
1411,3.72,1.71,34.2,83.8,36.64,71.46
546,3.58,4.13,20.7,47.0,45.0,91.41
1171,3.76,2.81,37.9,80.8,37.66,74.8
46,3.53,3.18,34.0,28.0,49.1,97.31
938,3.93,2.13,37.6,67.8,40.7,77.74
877,3.24,4.27,33.5,63.8,40.98,81.04
633,3.87,4.1,27.0,53.5,44.37,87.0
1956,3.36,4.37,48.4,106.8,31.33,57.79
1510,4.16,3.03,45.3,85.9,33.95,66.12
287,4.11,2.22,37.2,40.4,46.47,92.27
2,3.35,2.85,20.6,26.1,50.58,100.0
698,3.98,4.16,32.3,60.1,43.81,85.91
1136,3.21,2.74,29.2,72.1,38.41,78.35
1317,4.03,5.0,24.5,87.2,35.86,73.6
1915,3.68,4.42,25.9,108.0,29.91,60.99
1116,4.19,1.42,49.5,73.5,38.96,74.97
216,3.74,4.07,28.2,43.1,47.79,96.9
1323,4.14,3.28,39.0,84.7,37.06,69.98
1281,3.45,3.56,25.2,76.4,37.74,73.02
209,3.91,1.48,38.0,33.6,48.42,92.74
894,4.11,2.07,29.6,67.6,40.99,81.63
1168,3.89,1.56,46.5,73.4,37.99,72.63
1696,3.72,3.88,30.0,101.2,33.47,64.26
345,3.7,1.12,29.9,39.2,47.14,92.28
395,3.41,4.3,39.2,50.8,46.24,90.73
1603,3.8,4.0,21.9,91.9,34.13,68.42
200,3.85,3.64,22.6,39.5,47.06,97.71
68,4.16,4.56,48.9,30.8,50.2,96.44
1029,3.55,1.76,24.1,68.9,40.32,80.23
174,3.69,2.01,48.0,34.4,48.17,92.06
1228,3.92,4.1,34.6,82.4,37.6,75.21
697,3.98,4.46,33.6,58.6,43.1,86.73
1820,3.53,1.57,45.0,101.1,31.11,60.66
1412,3.9,1.34,41.4,91.2,35.73,70.92
1458,3.36,1.9,29.8,85.7,34.98,71.78
1111,3.86,1.95,48.8,71.4,39.72,75.52
613,4.16,1.96,26.3,58.1,43.92,87.28
1173,3.35,2.13,21.3,78.4,37.37,75.86
1229,3.41,3.88,20.0,82.6,38.5,74.57
1088,3.46,0.87,35.0,73.2,39.63,75.17
395,3.2,3.59,40.0,42.1,45.38,88.54
712,3.26,1.36,43.3,55.7,43.15,82.8
916,4.16,4.24,23.1,70.8,40.07,82.79
79,4.15,2.95,28.4,36.6,48.73,99.23
1744,3.62,3.82,24.4,96.2,33.45,66.39
317,4.1,3.22,33.5,39.4,47.41,93.81
893,3.39,1.92,20.4,64.5,42.05,84.78
925,3.52,1.83,44.0,70.7,41.29,77.89
672,3.87,2.99,35.2,55.9,42.5,83.06
1063,3.69,1.23,25.9,74.0,40.11,79.51
257,3.36,3.56,30.0,43.0,48.1,95.57
63,4.0,1.96,34.9,37.1,50.14,98.2
360,3.83,1.03,33.6,42.2,45.58,90.88
259,3.39,4.76,29.1,38.0,48.09,92.61
1246,3.8,2.07,34.3,84.3,36.63,75.63
418,4.05,0.96,35.0,44.5,46.69,89.48
691,4.02,1.97,20.9,56.6,42.66,87.11
853,3.91,0.59,47.2,60.1,41.4,78.87
1116,4.15,2.79,22.1,70.0,38.52,77.67
312,3.93,3.21,31.5,43.2,46.97,93.72
909,3.57,3.13,47.9,68.2,40.25,78.76
1046,4.18,3.2,49.1,71.8,39.95,77.11
1285,4.09,0.86,46.8,80.6,37.5,72.93
767,3.43,2.6,32.4,62.0,42.06,82.29
1747,3.74,3.6,25.9,100.7,32.89,64.37
1679,3.78,2.28,33.9,98.2,32.88,64.07
1418,3.62,4.77,34.4,89.2,36.05,70.12
1786,3.31,1.98,45.3,99.4,31.77,60.96
447,3.75,3.69,47.5,52.3,45.5,86.54
234,3.22,2.89,30.4,36.3,47.88,95.25
666,3.32,3.0,24.5,57.4,42.61,87.27
1133,4.15,4.15,35.3,71.1,39.37,76.01
163,4.03,2.65,37.6,38.3,49.28,93.62
30,3.25,4.05,20.6,32.4,49.95,100.0
1331,4.14,1.07,32.3,85.6,35.83,72.5
1183,3.33,4.38,49.7,81.7,38.37,73.18
952,3.33,3.34,20.6,70.4,41.23,81.57
334,3.71,2.75,49.1,45.9,46.72,88.34
1344,3.29,4.93,22.9,80.3,36.43,73.91
203,3.92,4.88,35.6,42.9,47.28,93.33
1593,3.83,3.54,49.9,91.6,34.22,64.93
1283,3.86,0.55,38.8,82.0,36.21,72.55
1102,3.7,1.29,37.1,75.6,39.74,76.7
1111,3.81,1.67,22.2,78.4,39.22,78.07
50,3.63,1.1,29.4,28.5,49.88,98.35
789,3.76,3.89,36.9,62.7,42.54,83.95
1155,3.63,0.83,30.4,75.8,37.57,75.38
1263,3.98,4.15,42.0,77.6,36.64,74.16
239,3.21,1.16,49.2,40.6,48.1,93.48
150,3.37,2.78,37.7,38.4,49.36,95.93
519,3.81,3.75,22.9,50.0,45.09,89.81
1047,4.14,1.93,33.0,69.4,38.62,75.87
1354,4.02,4.75,32.5,81.5,36.58,70.54
815,4.18,1.62,48.9,60.7,42.8,78.88
49,3.64,1.31,41.9,28.8,49.77,96.38
1117,3.76,4.63,48.6,73.2,38.01,73.2
1695,3.57,0.74,34.1,101.4,32.59,66.47
1266,3.45,4.99,39.0,77.9,36.97,73.96
1172,3.39,3.66,21.9,80.2,37.85,77.05
1097,3.31,2.93,44.6,74.1,39.45,75.68
1851,4.15,1.15,29.1,108.8,30.96,64.08
938,3.61,1.35,29.0,65.1,39.95,79.73
1647,4.18,4.16,36.8,90.9,32.54,65.76
1335,4.07,3.06,36.7,83.7,37.09,72.12
1579,3.9,4.31,42.6,93.3,34.09,64.93
1592,3.22,1.31,45.3,93.6,33.83,65.17
485,3.7,1.35,20.7,51.4,44.59,92.47
1581,3.7,0.93,26.7,94.3,33.52,68.93
1932,3.31,3.39,37.7,107.8,31.41,59.62
227,3.42,2.58,42.3,37.0,47.95,91.08
493,3.71,0.71,46.3,46.9,44.66,85.37
1769,3.45,2.33,34.5,100.0,33.02,64.8
1294,3.37,0.65,23.8,79.0,36.95,74.05
1428,3.58,0.75,31.5,88.1,35.16,70.55
1408,3.58,1.66,39.8,87.9,36.86,67.74
1371,3.48,0.68,35.2,89.5,36.37,69.77
382,3.95,4.28,36.0,44.4,46.2,89.73
150,4.09,0.96,49.3,31.9,48.91,92.47
1843,3.93,3.6,20.1,99.9,31.18,62.01
641,3.55,3.8,22.7,54.5,43.29,88.19
49,3.64,1.58,38.9,36.1,50.47,97.56
1617,4.14,1.8,24.6,97.6,33.04,65.89
1078,3.32,4.12,37.0,73.9,39.07,78.23
525,3.36,3.25,46.2,48.5,44.72,86.17
1873,3.7,2.67,34.0,104.8,30.46,60.73
1225,3.24,1.25,23.5,77.7,37.59,73.95
695,3.52,1.23,31.7,55.6,43.86,83.9
1689,3.23,2.24,42.0,97.9,32.4,62.74
742,3.86,3.88,39.8,59.1,43.36,82.74
1223,4.2,3.78,40.0,74.6,38.36,74.8
781,4.07,2.35,29.5,58.5,41.51,82.97
1138,3.58,4.49,38.7,80.4,39.57,74.78
445,3.46,0.64,34.5,44.6,46.05,91.03
1531,3.4,1.54,21.0,89.2,35.5,70.89
588,4.12,0.9,41.3,50.6,43.51,86.7
1016,3.93,1.37,29.6,66.8,40.62,80.12
856,3.8,4.74,48.9,65.7,41.88,80.65
1922,3.22,2.57,23.4,104.2,31.21,61.02
493,3.44,0.53,34.2,49.0,45.94,90.73
799,3.71,2.53,38.1,63.1,41.21,80.85
797,3.64,3.5,36.4,57.3,42.61,82.91
144,3.57,1.69,44.0,39.7,47.89,95.08
1992,4.07,1.79,43.2,112.0,29.95,55.8
1428,4.2,3.22,49.7,88.6,35.07,69.38
1879,3.4,2.56,48.2,108.5,31.9,60.04
1729,3.63,1.91,23.9,102.2,32.99,66.25
1050,3.59,2.99,39.1,68.4,39.48,78.29
640,4.14,3.73,36.8,54.1,43.86,86.33
904,3.94,4.8,20.8,68.8,41.34,80.91
1613,4.03,1.15,31.8,97.2,34.79,68.31
1226,3.27,4.98,42.6,74.6,38.72,72.76
1982,4.04,0.65,31.5,113.6,30.39,58.18
1168,3.25,3.77,43.5,79.3,39.05,73.6
410,3.24,3.98,30.7,44.1,46.28,91.77
1974,3.79,1.41,33.4,111.5,30.04,57.96
478,3.67,3.13,22.7,45.8,44.82,88.85
724,3.76,2.0,22.2,60.9,42.13,85.12
1256,4.01,4.25,47.3,76.2,37.78,70.11
179,3.36,0.92,49.6,34.0,49.13,92.03
101,3.49,2.32,41.1,33.5,49.12,97.46
1645,3.67,1.58,22.9,93.7,33.85,69.37
1119,3.59,3.83,44.4,71.3,39.22,74.95
399,3.35,3.36,20.7,47.4,46.83,92.57
193,3.29,1.31,33.3,37.8,47.71,96.55
1474,4.02,1.78,38.3,88.2,34.52,70.13
1320,3.34,3.15,28.6,84.3,36.65,73.28
804,3.76,3.19,23.6,66.8,41.6,85.37
1383,3.32,4.63,27.6,83.4,36.01,71.04
1191,3.3,4.34,41.3,75.7,37.1,71.96
440,3.43,1.5,39.8,47.4,45.21,87.04
1820,3.41,2.34,46.7,104.9,31.98,60.15
1421,3.81,2.83,35.4,91.7,36.79,70.56
1243,4.08,3.65,32.2,79.2,38.13,72.19
576,4.03,2.77,43.0,55.4,43.82,84.02
1319,3.53,3.94,47.8,81.2,37.25,70.58
896,3.49,0.77,42.0,67.9,41.44,79.57
3,4.01,2.27,47.8,32.1,50.35,95.51
1084,3.23,1.18,39.8,69.9,38.79,74.58
1096,3.91,3.23,25.1,75.8,38.82,79.46
835,3.21,1.55,34.9,63.0,41.2,81.95
785,4.0,1.04,26.5,64.1,42.08,85.09
1796,3.27,1.19,41.3,102.7,31.35,61.14
640,3.49,4.25,23.2,51.9,43.98,85.9
1245,3.65,4.61,28.4,77.6,38.03,74.92
1679,4.17,2.53,32.4,94.2,34.06,63.79
162,3.23,2.71,24.1,34.3,48.88,95.16
282,3.21,1.14,32.8,46.0,48.0,93.74
1268,3.21,2.15,35.0,77.4,37.72,74.22
1085,3.34,4.31,27.6,71.3,38.23,77.91
898,3.57,2.85,47.5,70.3,40.95,78.96
220,3.43,3.79,39.1,35.3,48.17,92.16
704,3.73,3.56,23.0,53.9,43.0,87.97
596,3.4,4.78,27.8,48.9,43.38,86.8
1067,3.45,4.64,31.6,77.5,39.37,75.86
1126,3.74,0.71,45.3,74.6,39.44,74.75
1709,3.98,3.38,29.2,95.4,33.81,66.92
600,3.7,4.97,20.7,53.8,43.2,87.85
1847,3.53,1.89,38.9,102.3,32.44,60.82
814,3.8,1.82,30.1,59.8,42.17,83.69
1586,3.97,2.25,32.5,98.1,34.16,68.89
1742,3.75,2.61,35.3,97.4,32.93,64.45
1255,3.23,0.99,25.6,77.0,37.99,76.41
968,3.46,2.92,36.0,68.0,40.12,77.15
812,3.28,1.18,43.9,60.3,42.74,82.49
405,3.29,2.17,27.9,44.5,45.33,90.85
415,3.42,2.75,28.0,45.3,46.14,91.82
767,3.71,0.86,29.5,61.1,41.75,85.79
1722,3.57,3.5,36.1,96.1,33.27,62.37
356,3.21,1.0,25.4,42.3,46.75,94.73
364,3.9,4.53,43.2,47.6,46.82,88.81
305,4.06,0.75,43.4,44.8,47.6,91.83
129,3.57,2.66,40.6,38.9,48.99,96.2
1397,3.83,2.2,27.7,82.7,36.03,70.94
525,4.03,4.79,20.3,46.2,44.5,88.64
1116,3.62,4.11,27.6,72.6,37.95,77.67
1721,4.01,3.04,29.1,101.7,31.97,65.57
1136,3.23,1.63,47.6,71.4,38.07,73.84
998,3.25,4.89,41.2,65.6,39.48,78.2
633,3.48,3.54,25.3,52.6,44.15,87.12
904,3.98,4.86,26.8,64.0,40.73,80.59
467,4.15,1.46,49.2,45.3,44.56,88.19
1961,3.52,4.62,45.9,111.9,29.76,58.07
144,4.1,3.24,41.1,40.1,48.78,94.38
231,3.25,3.52,32.5,38.8,47.57,93.84
311,3.77,0.9,26.1,41.7,46.21,93.25
928,3.64,2.54,37.2,62.6,40.08,79.36
1684,3.41,3.21,27.1,101.7,33.54,65.96
1978,3.63,4.45,27.3,109.3,29.39,59.87
705,3.83,1.53,29.7,58.2,42.07,85.0
376,4.0,3.75,28.7,48.9,45.58,92.67
1086,3.68,4.93,39.7,68.7,39.18,76.0
1163,3.72,2.79,28.7,73.1,39.25,76.23
1569,3.28,2.11,46.3,89.7,33.98,65.09
554,3.32,4.91,42.6,56.0,44.36,85.88
1896,3.75,4.74,26.5,104.5,30.47,62.57
425,3.63,4.49,42.9,46.6,45.45,88.03
830,4.15,3.53,32.1,59.4,41.49,82.43
580,4.04,4.35,41.2,51.4,45.12,86.93
744,3.91,1.65,26.3,63.4,43.33,85.4
1244,3.22,3.96,47.3,82.4,37.42,71.64
27,3.94,1.48,21.2,34.5,49.19,99.32
689,3.74,1.02,47.8,55.1,42.4,82.94
481,4.11,2.45,32.2,48.2,45.89,88.97
1673,3.91,1.94,21.3,96.7,34.07,67.69
1735,3.21,3.62,22.2,96.4,32.91,65.54
139,3.28,4.32,21.7,31.0,48.66,98.09
1704,3.79,1.84,46.7,93.8,33.47,62.18
545,3.62,3.13,42.4,54.3,45.44,84.59
1255,3.64,3.31,38.5,83.9,37.55,74.05
1286,4.03,2.24,44.2,85.2,37.04,72.64
113,3.31,1.88,40.1,31.6,48.33,93.83
1542,3.91,1.64,28.6,96.6,35.39,67.59
900,3.76,4.27,25.5,63.5,40.78,82.28
1634,3.52,1.44,25.3,98.9,34.43,68.72
1198,3.47,0.69,48.6,80.4,39.01,73.82
1867,3.74,3.69,36.4,100.2,31.01,62.77
21,3.91,4.28,30.2,33.7,50.28,99.0
555,3.64,1.95,28.5,53.6,44.6,90.21
1072,3.94,2.75,41.4,77.8,40.01,76.58
573,3.79,1.65,39.4,57.7,44.09,84.82
385,3.57,3.79,41.1,42.5,45.32,89.16
1880,3.47,0.51,49.6,110.0,32.04,60.01
1165,3.32,4.97,37.6,72.1,37.87,73.89
1243,3.96,3.35,34.5,78.9,36.92,73.3
781,3.24,0.88,25.3,66.2,41.99,83.62
920,3.42,4.88,34.2,71.1,40.83,80.46
199,3.2,2.91,45.1,39.3,47.41,93.83
1826,3.37,2.98,25.3,101.5,31.04,62.38
1182,3.27,1.21,37.8,76.2,37.38,76.42
881,3.78,2.63,36.9,67.0,40.95,79.71
1681,3.83,2.38,48.0,98.0,32.79,61.66
1346,3.57,1.16,35.2,81.6,36.54,70.3
1489,4.04,4.34,24.9,94.3,34.93,70.09
1415,3.81,2.03,22.6,88.0,36.68,70.23
733,3.58,1.91,23.3,62.9,41.69,84.83
1223,3.91,1.63,21.3,75.3,37.95,74.49
1912,3.56,0.95,33.0,107.3,31.71,60.17
989,3.95,4.24,33.8,66.4,40.91,80.85
1240,3.62,0.68,28.2,83.1,37.63,75.11
163,4.02,1.26,45.4,40.4,48.47,95.49
1833,3.87,3.32,28.3,107.5,32.01,63.87
1749,3.71,4.42,36.9,98.7,33.35,61.98
1777,4.13,4.66,25.4,101.1,33.07,66.02
344,4.09,1.75,46.1,39.7,47.07,91.19
819,3.21,2.08,26.2,65.6,41.35,83.77
1355,3.27,0.89,21.0,88.3,36.23,72.04
1960,4.11,1.03,29.5,109.6,30.71,60.54
436,3.71,2.44,27.8,50.2,46.17,91.81
1649,3.57,3.84,40.0,95.1,32.84,66.41
1431,4.04,2.77,35.3,87.2,35.41,69.57
1316,3.79,1.74,42.7,85.1,36.07,71.12
1967,4.15,2.25,33.6,104.9,31.25,58.8
509,4.06,1.93,23.3,55.0,45.76,88.85
840,3.79,0.87,33.3,65.5,42.32,80.77
1484,3.22,1.56,39.8,93.0,35.66,66.42
1283,3.85,2.66,23.7,86.2,37.06,73.93
730,3.71,1.29,24.7,54.9,43.21,87.27
1700,3.66,1.79,38.9,102.0,33.84,65.37
1802,3.46,4.94,30.1,104.6,31.27,63.78
1903,3.69,1.3,47.7,107.5,31.05,56.95
1897,4.2,4.92,30.0,107.8,31.8,59.7
1419,3.98,3.89,47.9,90.3,35.38,67.76
614,3.99,3.05,20.9,51.7,43.23,88.42
9,4.08,3.37,24.1,28.8,50.73,100.0
537,4.09,4.28,27.1,54.8,45.11,90.21
374,3.7,2.15,27.4,45.0,47.1,92.63
1178,3.62,3.18,34.1,81.2,38.85,73.21
1368,4.0,4.99,49.9,82.0,36.8,70.13
1161,4.1,4.43,31.8,78.7,37.57,74.55
1302,3.99,1.86,38.2,80.7,37.17,72.68
1669,3.44,4.78,48.1,97.3,33.31,64.67
1242,3.68,3.99,31.3,76.3,37.23,76.12
100,3.28,4.53,28.3,35.2,48.02,97.09
1145,3.92,2.36,33.4,73.4,37.57,76.89
1831,3.72,4.16,41.0,99.0,30.96,61.32
1372,3.86,4.66,42.6,89.8,36.97,69.8
961,3.84,2.46,46.3,64.8,41.18,77.25
1732,3.88,4.41,45.9,95.9,32.01,60.55
1767,3.58,3.43,23.0,97.3,32.0,66.4
108,3.64,4.56,33.9,29.6,49.86,98.34
417,3.93,4.97,23.4,47.8,45.23,91.24
1351,3.39,4.78,30.4,84.1,36.69,70.39
639,3.8,1.65,26.7,52.6,43.14,86.73
1709,3.44,3.52,30.6,95.0,33.81,65.72
1129,4.19,2.18,27.8,76.1,39.24,78.55
1716,3.96,1.84,45.5,95.3,33.59,61.18
825,3.86,2.53,33.4,63.3,42.68,82.61
1895,3.89,3.68,34.5,103.4,30.74,60.11
27,3.41,1.81,49.2,26.4,49.84,97.67
796,4.07,3.93,47.6,59.2,41.37,80.72
177,3.37,2.8,36.6,40.7,49.15,95.14
1476,3.29,2.08,39.6,92.6,34.35,69.15
83,3.4,0.98,41.4,36.6,49.55,94.58
1536,3.22,4.62,35.5,89.5,35.28,66.54
807,4.03,0.7,20.8,62.0,41.49,84.18
106,3.35,3.92,31.0,29.5,49.14,96.35
1106,3.24,3.79,20.7,73.4,39.42,77.55
1069,3.71,0.68,32.6,75.9,39.78,78.86
1264,4.15,2.19,45.9,76.8,36.56,70.12
1944,3.43,4.76,26.5,108.4,29.71,60.6
557,3.39,3.53,28.6,55.3,44.94,89.08
548,3.4,4.81,34.5,48.5,45.12,87.81
1383,3.22,1.62,20.1,81.9,36.09,74.66
1945,3.22,4.91,45.3,103.4,30.39,57.56
310,3.73,4.09,20.5,44.6,46.19,96.45
1172,3.9,1.65,36.2,71.9,37.36,76.07
871,3.38,1.03,38.9,65.2,41.36,80.32
190,3.95,3.64,42.7,36.1,48.78,92.21
776,3.62,2.35,20.9,62.6,42.07,83.63
816,4.15,1.64,38.1,61.8,42.74,81.63
1424,3.95,0.57,41.6,90.6,35.66,67.8
1753,3.54,2.8,23.2,96.1,31.71,64.12
889,4.05,4.07,44.3,66.4,41.79,81.12
1393,3.55,4.45,36.1,82.9,35.08,68.98
1864,3.38,1.02,37.5,100.7,32.17,60.56
115,3.47,4.57,28.2,36.5,49.13,95.24
486,4.04,2.73,35.1,51.0,44.99,89.31
1492,3.89,2.17,42.1,89.6,35.66,66.79
1327,3.5,3.8,32.1,87.9,35.78,71.28
465,3.63,0.78,49.1,51.1,44.45,88.74
349,3.73,2.19,45.7,43.4,46.79,91.21
1466,3.9,4.42,24.1,92.7,35.22,71.05
586,4.07,3.82,48.0,49.3,45.09,84.45
1437,4.12,1.2,29.0,90.1,34.72,70.93
1136,4.05,4.57,21.9,79.4,37.96,77.09
1357,4.14,1.75,41.3,87.5,37.36,69.99
178,3.84,3.84,24.6,37.3,47.26,96.85
583,3.42,3.52,34.5,51.4,43.7,85.55
1754,4.04,3.24,21.2,102.7,32.14,63.88
1516,3.28,3.19,22.9,87.2,34.7,69.48
544,3.24,4.46,46.2,47.7,44.88,85.5
1272,3.57,0.86,46.1,81.6,37.0,71.03
686,3.48,4.2,28.2,62.4,43.78,85.0
663,3.34,3.89,49.4,54.4,44.29,84.03
716,3.61,4.96,33.1,56.4,43.09,85.27
373,3.42,0.69,20.1,48.1,45.68,92.69
918,3.64,3.09,40.9,71.0,40.96,79.65
40,3.68,4.58,27.2,28.7,50.12,98.84
290,3.86,1.83,36.2,38.9,47.71,94.04
315,3.23,4.19,27.4,38.5,46.03,91.52
1886,4.15,0.71,37.7,104.0,31.95,58.47
29,3.5,2.05,47.6,33.9,49.76,96.03
1121,4.01,4.19,38.6,79.3,39.74,76.76
1101,4.09,3.82,45.4,76.9,38.3,73.88
1037,3.91,3.95,30.3,68.3,39.79,78.04
149,3.38,1.58,42.8,36.3,49.0,96.14
570,3.96,0.92,37.1,50.0,44.88,85.44
798,3.47,0.9,48.3,61.1,42.58,80.01
857,3.96,1.73,22.1,69.0,42.07,84.45
860,3.59,1.15,29.2,60.4,41.2,80.23
32,4.1,2.88,24.3,27.6,49.77,97.49
953,4.02,1.74,44.2,67.1,41.11,78.08
846,3.72,1.27,29.0,63.6,42.03,81.07
187,3.44,3.52,21.1,39.9,47.15,97.8
832,4.13,0.9,32.0,67.9,40.88,83.48
1235,3.41,1.15,41.2,75.6,37.79,72.22
1123,4.18,3.84,27.9,70.8,38.73,75.28
1464,3.84,4.75,21.3,88.2,35.53,72.89
378,3.97,2.11,36.8,44.6,45.92,89.34
1849,4.14,1.64,26.9,107.3,30.61,63.11
513,4.15,4.53,31.5,51.6,45.12,86.82
1819,3.24,4.48,33.0,104.9,31.19,62.86
1216,3.89,1.55,27.1,80.1,38.42,76.87
804,3.9,3.69,40.2,58.1,42.06,79.88
274,3.8,3.76,20.2,36.3,46.61,93.64
107,3.93,0.64,39.9,37.8,48.48,97.1
910,3.74,2.1,34.6,65.7,40.73,80.47
1494,3.36,4.52,41.5,86.9,35.4,66.99
324,3.54,1.87,47.6,47.2,45.93,90.5
1490,3.62,2.26,22.9,88.4,35.9,68.63
887,3.81,0.99,27.1,69.4,40.39,80.3
1796,4.12,2.32,45.0,105.5,31.46,59.18
384,3.69,4.03,27.0,46.1,45.59,90.22
1271,3.27,1.14,23.6,84.8,37.62,73.07
780,3.61,1.26,39.3,61.7,41.33,82.68
1430,4.12,3.92,42.1,83.8,35.91,67.54
1642,4.15,4.27,41.6,100.0,33.28,63.94
344,3.74,2.39,20.1,42.0,45.74,92.17
773,4.17,2.57,40.6,56.1,41.39,82.57
264,4.18,2.27,46.2,43.7,47.41,92.19
589,3.94,1.24,20.5,53.0,44.33,89.65
800,3.45,3.77,37.6,62.6,42.69,83.32
1775,3.61,2.89,22.9,97.0,32.63,66.02
1557,3.64,1.84,22.7,89.3,33.74,69.04
864,3.94,3.86,23.5,68.4,40.55,81.35
1214,3.89,4.07,40.6,81.5,36.92,75.06
589,4.0,0.86,41.0,56.1,44.61,87.52
1396,3.8,4.02,32.1,89.7,36.56,69.08
223,4.15,4.66,26.3,41.7,46.98,95.48
1810,3.43,3.16,41.0,105.8,32.04,60.19
662,3.56,1.31,33.0,60.7,43.5,87.2
760,3.5,4.52,26.6,62.9,41.62,83.41
1474,3.82,3.56,28.2,84.3,36.18,71.14
999,3.58,4.57,22.3,70.0,39.19,79.52
1059,3.42,4.53,42.7,69.7,38.55,75.06
646,3.46,0.76,25.6,60.7,42.63,85.74
1462,3.76,4.54,49.8,89.3,35.39,68.58
1890,3.48,2.7,25.3,104.3,30.31,60.43
1341,3.71,0.81,41.7,87.4,37.48,69.64
1148,3.42,1.06,44.8,74.5,39.45,73.85
1660,3.83,2.64,40.9,99.8,34.04,65.15
46,4.0,2.21,26.1,27.9,49.72,100.0
1937,3.66,3.16,47.4,109.9,30.53,57.6
566,3.93,4.26,42.9,52.0,44.49,84.22
1791,4.14,2.47,26.2,102.3,32.6,65.97
646,3.4,0.51,44.6,52.3,44.09,84.92
1962,3.88,4.75,38.9,105.1,29.83,57.08
704,3.95,3.05,40.2,54.6,43.09,83.19
863,4.16,4.64,42.6,63.1,41.56,81.14
1574,3.33,1.6,30.8,91.8,35.03,67.98
116,4.02,1.34,43.2,32.5,48.11,95.92
204,3.75,4.47,32.6,37.3,47.84,94.05
985,4.08,0.76,22.0,72.3,39.16,79.24
34,4.02,2.65,34.2,32.8,48.91,99.54
322,3.75,0.8,38.0,46.0,47.76,90.24
1403,3.84,2.91,38.3,83.5,35.41,71.18
1327,3.35,3.92,39.1,80.2,37.42,73.29
1487,4.18,2.12,29.7,92.6,34.78,70.28
1750,3.87,0.92,42.4,102.1,32.36,60.47
378,3.37,2.98,32.1,45.4,46.43,92.98
1497,3.5,4.25,38.8,85.4,34.98,69.86
597,4.1,1.49,23.6,58.6,43.96,89.35
1120,3.77,2.3,32.5,70.3,39.14,76.68
1813,3.53,2.99,20.7,100.3,32.15,63.16
1106,3.26,0.76,42.3,74.0,38.83,75.87
388,3.33,3.97,31.7,46.8,45.17,90.18
1333,3.66,2.27,42.2,82.1,36.21,70.59
1787,3.3,0.69,46.7,98.2,31.68,62.61
868,3.71,4.75,41.8,65.2,40.53,78.98
493,3.83,3.26,33.1,49.5,45.85,88.57
1798,4.14,2.36,26.9,101.3,32.9,62.21
467,3.32,3.72,39.0,51.0,45.38,88.89
384,3.31,1.76,34.6,41.9,46.5,91.24
718,3.42,3.3,44.9,55.1,42.07,84.09
1037,3.48,0.51,48.5,72.4,40.25,76.63
1966,3.75,1.63,36.7,103.8,30.71,57.07
28,4.02,2.16,49.2,27.9,50.47,96.54
125,4.02,0.71,30.3,37.1,48.27,98.26
721,3.85,2.04,24.0,62.5,43.26,86.19
594,3.24,1.18,39.9,49.5,45.03,87.04
988,3.81,1.76,22.0,66.3,39.78,80.38
231,4.17,2.9,47.2,38.2,46.93,93.52
48,3.67,1.39,36.3,31.6,50.44,96.4
1452,3.64,2.41,36.4,84.7,36.45,70.61
1639,3.81,2.31,42.0,90.7,33.93,65.44
1379,3.61,3.5,49.1,87.8,36.05,68.77
317,3.22,3.53,24.5,38.0,47.2,94.61
901,3.28,2.22,34.3,69.3,40.91,80.71
527,3.92,1.13,47.6,51.4,45.57,84.56
274,4.09,3.37,43.2,39.5,48.06,93.78
1739,3.72,4.16,36.5,103.1,32.25,64.63
564,4.19,1.86,36.7,55.1,43.39,85.82
1196,3.87,0.73,37.1,79.3,38.92,74.46
818,4.15,0.56,30.6,64.0,41.61,82.51
638,3.91,1.71,28.0,56.0,43.98,87.77
1125,4.02,4.99,42.9,75.0,39.38,74.13
1381,3.98,3.2,37.4,85.3,36.59,70.44
237,3.3,1.38,28.1,42.5,47.04,95.68
211,3.72,4.26,34.3,34.8,47.47,93.44
1958,3.79,1.11,21.8,110.5,30.6,60.1
1485,3.43,3.49,40.9,91.0,34.47,66.04
1290,3.31,2.11,37.2,86.3,37.77,72.13
618,3.98,3.9,23.7,56.1,43.78,89.11
983,3.63,2.1,21.2,66.1,39.56,80.26
1535,4.03,0.98,27.9,87.7,35.48,68.5
1560,3.41,0.5,44.3,95.4,34.58,67.17
300,4.12,4.06,40.8,43.4,46.88,89.71
1734,3.6,1.18,46.1,102.1,33.51,60.77
117,3.49,1.42,23.0,37.4,47.93,96.56
1201,4.14,1.63,40.5,81.0,37.26,75.48
1155,4.15,0.67,28.5,79.9,39.13,78.34
23,3.89,4.38,31.0,32.7,50.76,97.96
1758,3.2,4.2,22.8,100.3,32.72,64.5
1117,3.77,2.56,47.7,79.2,38.48,75.66
919,3.69,0.91,20.0,70.9,40.08,80.57
474,3.28,2.53,21.9,49.2,44.85,91.02
1375,3.67,3.08,35.7,82.8,35.67,69.66
1489,3.88,1.96,42.8,89.1,34.5,67.6
1738,3.93,4.34,23.0,99.2,32.46,63.95
1596,4.13,3.21,35.3,93.9,33.46,66.86
215,3.5,0.65,39.7,42.5,47.48,93.8
1609,3.76,2.55,30.1,95.8,34.01,68.23
1470,3.78,4.18,48.3,90.2,36.22,65.39
1263,3.33,0.75,41.0,76.3,38.12,72.6
1229,3.36,1.61,26.6,79.6,38.16,74.73
1904,3.33,2.9,26.2,109.1,30.97,60.8
931,3.32,0.78,29.7,62.3,41.0,79.87
1768,3.74,2.81,45.7,100.4,32.81,62.41
395,4.19,2.5,49.0,50.6,46.43,87.6
87,3.63,2.42,45.7,29.7,49.27,95.37
290,3.55,1.03,29.4,46.3,46.53,92.92
64,3.7,2.29,43.9,35.6,49.76,96.02
119,3.44,1.8,42.1,36.0,49.31,93.26
859,3.92,4.77,38.0,60.8,40.75,80.23
361,3.43,2.72,31.0,48.8,46.09,92.71
9,3.54,3.74,27.7,33.2,49.2,99.46
888,3.56,2.39,26.6,61.3,40.37,82.32
1776,3.6,2.12,35.6,97.5,32.68,64.04
519,3.58,4.62,27.9,46.5,45.22,89.07
736,4.0,0.99,46.2,59.7,42.43,80.31
1272,3.75,2.56,47.4,76.9,36.55,71.7
814,3.9,4.35,35.2,61.2,42.47,80.54
1650,3.85,2.56,44.6,98.8,33.39,65.09
1945,3.6,4.2,43.9,112.3,30.28,59.1
1099,3.47,1.27,32.6,72.6,38.89,75.69
84,3.83,4.7,36.4,31.2,49.05,94.8
665,3.59,3.86,20.7,55.0,43.85,88.39
480,3.65,2.03,45.1,51.3,44.99,86.95
1155,4.08,1.64,33.3,79.6,37.72,77.63
55,3.67,2.28,42.8,34.0,49.64,95.2
441,3.85,0.59,32.1,49.3,45.27,89.56
1953,3.63,2.86,34.9,103.6,30.66,58.76
1424,3.72,0.91,48.0,88.0,36.4,69.06
1995,3.71,3.75,36.9,107.6,29.99,58.58
1531,3.71,2.6,40.4,94.8,34.42,66.33
1840,4.0,4.85,48.7,104.7,31.41,58.73
1573,4.13,3.42,42.2,89.9,34.49,64.58
99,3.38,4.42,27.4,36.6,48.75,99.05
213,3.24,2.94,25.7,39.8,48.12,95.85
1533,3.83,3.61,36.8,87.6,34.7,67.68
1622,3.9,3.17,35.4,90.7,34.77,67.67
1037,4.07,2.98,24.4,69.6,38.77,80.28
1544,3.51,4.79,37.3,92.4,34.2,65.68
1615,3.78,2.54,48.1,96.9,33.07,63.25
84,4.18,4.59,33.6,36.5,48.39,98.09
833,3.97,3.59,42.5,62.4,42.32,79.86
5,3.92,0.96,40.9,29.2,50.06,97.16
151,4.13,3.58,40.3,35.6,48.05,94.65
878,3.28,3.34,26.1,63.5,40.49,81.24
756,3.82,0.85,30.2,57.5,41.47,83.86
513,3.54,3.02,20.3,54.7,44.3,88.79
1756,3.86,1.23,28.9,102.9,33.12,62.49
902,3.24,4.19,44.6,69.1,40.98,80.92
1463,3.53,1.87,33.7,92.7,34.66,67.61
957,3.23,1.48,39.0,68.1,41.21,77.43
18,3.36,1.9,20.9,26.9,50.7,100.0
913,3.27,2.05,46.6,67.6,40.68,77.41
132,3.78,3.91,41.2,38.1,48.74,93.51
684,3.35,3.55,21.4,58.9,43.29,85.74
1219,3.85,2.82,41.6,82.7,36.88,72.52
973,4.16,0.91,27.6,68.6,40.62,81.01
1985,3.78,0.79,41.6,108.0,31.04,57.87
1710,4.15,3.1,24.3,100.2,33.11,67.45
1753,3.66,1.83,41.9,100.1,32.54,63.95
1430,4.18,1.42,35.2,86.7,36.61,69.31
498,4.09,2.26,22.9,46.7,44.8,88.65
1725,4.02,3.7,38.3,100.5,32.5,61.81
1666,3.57,4.2,49.4,96.7,32.46,61.94
1664,3.94,1.73,31.8,101.0,32.8,65.93
1791,3.67,3.77,21.5,100.6,32.92,62.97
309,3.89,2.45,30.9,38.4,46.07,92.21
491,4.0,4.31,46.6,44.7,44.19,86.36
1264,3.86,3.47,24.3,76.7,37.79,75.31
232,4.18,1.83,28.0,36.6,48.49,94.23
19,3.79,2.24,26.4,31.2,50.19,98.41
185,3.9,2.36,25.8,38.8,47.8,97.57
229,3.94,4.71,37.0,38.5,48.17,95.06
1559,3.85,3.78,39.7,93.7,35.33,65.47
331,3.4,3.77,33.3,39.7,46.94,91.49
1123,3.43,4.28,46.8,76.5,37.9,73.82
723,3.36,0.71,45.8,55.1,43.52,83.0
991,3.83,1.12,45.0,73.4,40.01,79.14
591,3.54,0.75,30.8,52.8,44.67,87.21
498,3.33,4.13,44.7,50.3,44.94,86.18
99,3.64,3.21,36.6,37.0,48.91,95.01
1901,3.66,1.22,30.7,109.1,31.78,62.42
1510,4.16,1.96,42.0,90.6,35.24,68.5
1589,3.38,3.87,43.7,96.8,33.48,63.71
1484,4.03,3.95,20.8,93.4,34.77,69.27
617,4.09,4.17,26.3,55.6,44.58,88.72
337,3.37,3.84,33.5,40.5,45.95,92.56
1662,4.19,3.81,24.7,100.3,34.13,66.73
320,4.19,2.05,48.4,38.0,46.23,89.84
382,3.86,2.11,20.5,40.3,45.82,93.19
918,3.44,0.82,31.5,63.7,41.8,80.17
1605,4.13,1.31,40.4,96.1,33.15,66.86
1178,3.59,2.63,25.5,78.1,38.41,76.99
1159,3.71,4.74,26.9,77.4,39.05,78.51
440,3.47,3.98,34.0,50.3,46.14,88.82
14,3.79,2.41,24.9,33.8,48.97,100.0
1825,4.1,4.71,49.0,98.6,30.95,59.86
1233,4.07,3.47,24.0,83.8,38.19,73.72
1246,3.93,4.84,39.8,75.8,38.24,74.75
1697,4.06,1.04,47.2,95.1,33.77,63.32
1669,4.15,0.95,23.2,101.7,32.35,68.25
1281,3.69,0.88,27.3,83.5,37.84,72.27
1970,3.65,2.19,47.3,107.2,30.24,55.63
1686,3.83,2.84,36.2,97.0,32.16,62.61
767,3.71,4.83,26.6,63.3,41.84,84.69
229,3.74,4.24,24.4,40.9,48.04,94.62
650,3.83,2.81,28.1,58.3,44.04,85.21
1368,3.6,3.29,43.3,85.5,36.23,70.11
1395,4.01,3.74,40.0,86.2,35.34,70.57
210,3.42,1.48,45.0,34.2,48.17,92.73
1503,3.91,4.54,28.0,88.7,35.34,68.59
1456,4.05,0.61,41.0,91.8,35.73,66.89
635,3.42,2.63,27.6,59.3,44.03,85.99
1623,3.74,4.12,35.8,92.5,33.93,65.45
527,3.95,2.1,40.8,55.1,44.97,87.34
1775,3.29,4.17,21.1,102.8,31.39,64.34
141,3.56,4.65,46.5,30.7,49.0,95.31
669,3.55,1.45,30.5,59.5,43.25,84.73
1092,4.17,0.57,29.2,72.1,38.89,77.61
1369,4.09,3.02,28.9,84.3,36.29,72.26
71,3.79,2.61,42.8,37.2,48.93,97.23
374,3.87,1.21,32.5,46.7,45.56,92.89
260,4.01,1.73,21.4,36.3,47.63,95.73
1841,3.48,3.23,33.9,107.2,31.51,62.77
250,3.62,3.58,21.0,39.2,48.21,94.8
1413,3.56,4.28,25.1,83.0,36.1,72.54
178,4.1,0.86,24.0,38.3,48.3,94.65
1356,3.54,4.44,37.4,86.4,36.79,72.51
240,4.15,1.28,41.4,43.8,48.53,93.87
325,4.13,2.87,44.2,46.9,46.41,92.0
1783,3.7,4.99,36.3,105.2,32.76,62.64
1496,3.81,2.99,34.7,87.4,34.3,67.18
623,3.27,4.22,40.4,51.5,43.44,84.12
963,4.17,0.51,27.9,66.0,40.01,81.47
593,3.64,3.76,41.0,57.8,43.2,86.51
127,3.51,2.24,23.3,35.6,48.72,99.66
321,3.48,1.57,41.5,41.5,46.22,91.74
1031,3.5,0.82,21.2,71.3,40.05,78.66
788,3.92,2.89,26.5,60.5,41.85,85.7
160,3.34,0.59,24.2,40.3,49.19,98.28
898,3.81,3.31,33.3,69.1,41.37,81.71
1202,3.93,4.09,22.6,77.5,38.66,77.51
328,3.8,4.79,20.1,38.7,46.11,95.36
1280,3.22,1.27,22.9,84.5,36.98,76.48
178,3.71,1.12,32.6,35.4,47.38,95.65
974,3.22,1.93,38.6,70.7,41.04,77.86
764,3.33,3.02,45.7,57.9,42.05,81.22
1540,3.65,3.82,25.1,87.3,34.75,69.86
1369,3.49,2.22,32.7,82.4,36.76,71.8
18,3.29,1.19,30.1,28.4,50.66,98.32
86,3.41,1.9,33.8,31.3,49.98,95.19
1879,3.28,4.99,31.5,103.0,30.96,59.5
353,3.67,4.95,33.6,41.4,47.31,92.92
1357,3.33,0.67,25.8,87.1,37.15,70.76
298,3.8,1.78,30.0,43.7,47.3,91.92
468,3.62,1.37,22.4,46.6,44.95,90.62
213,3.97,1.68,48.1,34.4,47.26,91.54
1375,3.85,2.65,23.2,88.6,36.53,73.37
1621,3.29,2.13,31.8,95.3,34.12,68.03
1340,3.56,4.25,37.2,80.7,36.58,70.76
8,3.87,1.15,38.1,29.0,49.21,99.62
1161,3.65,1.89,48.1,76.0,38.28,72.36
1582,3.7,2.87,48.5,98.1,34.27,63.57
110,3.99,2.97,43.0,31.6,48.77,93.45
1775,3.2,1.99,31.2,105.3,31.31,65.17
591,3.55,0.84,37.2,56.1,43.73,84.66
1841,3.33,2.38,40.7,99.3,31.69,59.74
1742,3.6,0.54,29.9,97.3,32.5,65.3
503,4.07,4.3,36.0,50.0,44.95,88.95
784,3.45,2.76,35.6,58.8,43.14,84.46
1644,3.38,0.87,35.7,91.4,32.84,65.75
1846,3.39,4.38,32.3,100.6,31.61,63.84
859,4.0,2.53,34.0,64.8,42.33,83.33
1496,3.41,2.94,47.4,87.9,35.58,65.48
750,3.21,4.07,34.1,58.8,42.45,82.54
1417,3.54,2.99,49.7,84.2,36.47,66.79
16,4.03,2.58,42.2,27.2,50.38,98.98
1829,3.64,2.63,22.6,98.8,32.33,64.25
1640,3.88,3.52,45.7,97.5,34.37,65.33
1032,3.38,1.68,49.5,72.5,39.46,76.47
325,3.2,1.48,38.4,41.1,47.19,92.78
1346,4.09,0.8,33.5,82.2,35.72,71.42
654,3.85,4.87,40.7,54.1,43.89,83.47
1693,3.73,3.02,25.2,101.3,32.28,67.85
445,4.03,4.91,30.2,46.9,45.99,91.62
1013,4.12,3.81,24.1,74.7,40.15,81.16
789,3.81,4.2,21.3,61.7,41.26,85.64
85,3.94,3.97,27.9,36.9,49.67,95.89
1294,3.58,3.15,24.2,86.0,37.62,73.59
786,3.84,4.8,27.1,63.7,42.07,85.96
111,4.03,3.54,38.4,33.3,47.98,95.91
492,3.7,1.51,45.3,48.0,44.84,85.28
1762,3.64,4.08,41.9,96.7,32.47,62.43
377,3.65,1.44,24.3,44.0,45.45,93.99
1945,4.2,3.06,38.0,112.0,30.5,60.96
1891,3.88,2.61,40.1,103.2,30.47,59.61
245,3.52,3.26,35.9,39.5,48.21,95.21
1817,4.02,4.51,41.8,100.9,31.87,62.16
215,3.25,1.24,47.1,35.4,46.95,92.53
984,3.68,1.31,40.2,74.3,39.83,77.62
585,3.42,2.12,47.6,55.6,44.46,83.43
1741,4.09,3.78,30.3,100.1,33.37,65.11
590,3.29,1.57,27.9,51.6,43.73,88.77
1811,3.67,4.28,32.2,100.2,32.79,63.94
1962,4.06,1.67,43.1,108.5,30.3,59.29
1875,3.33,3.02,24.7,100.5,30.92,63.88
1422,3.59,2.29,34.8,82.4,35.03,70.95
430,3.54,0.62,31.5,48.1,45.34,91.74
1277,4.03,0.94,32.4,76.9,38.03,74.37
856,3.71,4.71,38.6,60.0,40.49,82.05
1149,3.41,2.17,40.2,75.3,39.47,73.01
364,4.2,4.07,20.1,45.7,45.97,92.89
932,3.94,1.76,47.9,69.0,40.73,79.01
1705,3.64,4.83,43.5,102.4,33.93,64.2
1849,3.95,4.78,38.8,106.2,31.75,59.12
417,4.0,2.38,34.9,44.0,45.11,89.22
772,4.19,1.34,21.4,60.1,42.3,85.72
931,3.91,1.38,49.0,62.6,40.29,78.95
1667,3.31,1.58,37.5,101.1,33.28,65.33
364,3.67,4.59,43.6,47.2,45.64,89.53
810,3.6,1.4,45.4,61.8,41.22,78.78
1388,3.27,3.83,20.3,88.2,37.03,72.17
1529,3.47,3.14,20.6,94.6,34.31,69.65
1670,3.29,4.97,26.3,97.8,32.69,66.18
1184,3.21,4.45,30.8,79.2,37.91,76.7
1513,3.51,3.25,37.3,85.5,33.95,68.0
960,3.31,3.67,37.7,65.4,40.15,80.39
1322,3.89,4.73,20.2,81.0,36.74,75.87
350,3.65,3.14,35.8,39.6,46.72,92.96
1358,4.1,3.61,34.6,81.5,36.04,72.96
320,3.63,2.06,25.3,46.6,46.35,91.82
1256,3.62,1.47,42.7,76.2,37.62,71.37
1595,3.7,1.51,24.7,96.0,34.65,66.55
1461,3.69,2.18,47.5,92.6,36.23,69.29
681,3.24,4.85,28.0,58.4,43.34,85.29
286,3.54,1.29,30.3,43.5,47.32,93.1
254,3.5,1.44,47.7,39.9,48.08,92.62
1042,3.54,3.34,39.4,68.4,39.21,76.04
232,3.24,2.25,42.7,35.1,47.13,94.27
1153,3.98,3.27,33.7,74.0,39.28,74.19
98,3.88,0.82,43.6,34.6,48.02,96.5
602,4.13,2.7,22.7,51.9,44.27,87.07
1997,4.0,0.76,21.4,108.7,29.57,61.95
1877,3.73,2.34,43.0,101.0,31.95,59.86
1692,3.31,0.52,36.0,100.2,32.31,62.72
1783,3.35,3.5,20.5,100.6,32.26,63.13
140,4.13,2.44,28.5,30.9,48.24,94.71
179,3.55,3.48,39.0,38.0,48.18,93.86
1276,3.63,3.71,32.6,78.9,36.61,73.69
164,3.68,0.9,47.0,39.9,49.03,93.32
1219,4.15,2.16,21.5,76.0,38.06,74.25
1130,3.8,2.88,45.4,70.3,39.39,72.65
879,3.64,3.63,34.8,64.3,41.62,81.9
454,3.99,4.56,31.6,45.2,46.05,89.09
1531,4.14,1.57,43.0,87.1,33.95,66.14
1232,3.55,3.82,27.6,79.5,37.8,74.53
804,3.22,1.36,20.3,66.4,41.19,84.68
1030,3.8,3.38,33.8,72.3,38.95,78.87
330,3.89,1.94,33.9,42.1,46.98,92.01
1971,3.74,3.49,41.6,112.3,30.65,56.12
234,4.18,2.2,32.7,43.2,47.21,94.15
1355,3.86,4.91,32.0,86.6,37.34,70.4
527,3.44,1.38,49.4,48.9,44.73,87.13
103,3.41,0.83,48.9,34.4,49.28,95.77
81,3.89,1.85,40.6,29.9,48.74,96.6
272,3.26,2.89,41.5,41.8,46.93,90.99
12,3.5,2.47,49.9,30.4,50.67,97.3
746,3.4,2.45,46.6,56.4,42.21,79.91
575,4.04,1.09,30.8,49.2,44.24,88.82
623,3.74,4.13,38.7,56.9,43.84,87.31
1775,3.69,1.44,47.1,98.1,31.82,59.65
700,4.03,4.33,42.2,59.0,42.95,81.77
1688,3.32,1.01,44.1,99.6,32.97,61.66
348,3.66,1.32,37.6,41.7,46.75,93.09
1683,3.39,4.13,32.5,93.9,33.27,63.67
1562,3.49,2.23,25.7,87.9,34.79,66.97
1328,3.34,2.41,30.3,86.1,36.08,74.41
1652,3.36,4.2,32.9,99.2,32.67,67.39
927,3.3,1.13,37.0,63.1,41.65,80.96
1556,4.12,3.51,23.6,95.5,34.1,70.56
78,3.61,1.34,27.7,35.7,49.2,98.15
1760,3.27,3.86,39.4,103.7,31.91,62.74
1737,3.89,4.66,22.1,94.8,32.6,65.23
594,3.4,3.64,27.7,53.9,44.66,85.94
1449,3.65,2.99,20.9,92.4,35.73,73.18
423,3.55,4.33,31.8,43.0,45.17,90.71
1216,3.98,1.37,27.0,80.1,38.53,74.15
1639,3.93,3.2,28.4,97.1,32.91,68.24
1861,4.09,2.11,27.4,100.8,31.59,61.81
1951,3.48,4.63,36.0,103.1,29.91,58.56
0,4.05,0.91,37.4,30.1,50.94,98.4
1764,3.81,2.81,48.4,102.1,31.59,61.13
849,3.83,0.74,25.1,67.0,40.61,82.21
16,4.03,0.88,25.3,26.8,49.24,97.86
385,3.96,2.54,35.2,47.3,45.71,90.51
944,3.7,3.06,49.4,67.6,41.13,76.92
350,3.34,2.13,47.4,43.8,45.88,88.04
1413,3.87,4.86,43.9,88.8,36.09,69.67
48,3.74,2.92,39.7,31.5,48.97,96.16
768,3.25,3.33,33.5,58.0,41.4,84.42
1836,3.23,1.4,30.3,99.7,31.09,63.1
924,4.03,3.53,37.5,69.9,41.08,79.9
1287,3.41,4.8,48.2,76.6,37.4,72.41
451,3.75,2.46,46.3,43.4,46.38,88.5
1604,3.89,2.19,25.9,91.2,33.58,69.26
323,4.06,3.59,47.4,39.5,46.24,91.8
132,3.65,3.61,27.0,35.6,48.01,95.56
1788,3.6,1.39,40.1,97.0,32.12,63.73
34,3.43,2.41,35.6,34.4,49.67,95.79
815,4.05,1.8,24.8,61.3,41.05,84.83
916,4.08,3.84,48.3,62.3,41.81,77.87
1290,3.55,3.26,33.3,86.0,36.21,73.22
1472,3.24,4.01,47.6,93.6,35.88,66.56
1393,3.25,2.76,35.8,85.4,36.88,70.18
1635,3.73,1.76,45.5,93.3,34.58,66.0
588,3.64,2.64,33.3,53.9,44.88,86.14
1592,4.16,1.52,47.2,95.2,33.11,64.38
919,4.02,4.62,46.4,71.8,41.23,80.41
3,4.16,2.09,30.7,26.8,50.08,100.0
167,3.94,1.75,32.4,35.5,49.17,96.35
860,3.53,4.25,25.7,65.7,41.83,83.14
792,3.21,3.88,38.3,62.7,41.2,81.86
751,3.22,4.23,26.5,59.5,41.56,83.04
595,3.75,4.62,34.1,54.4,44.51,87.97
5,3.36,3.84,43.2,29.6,50.57,96.97
934,3.78,3.98,46.9,67.6,40.3,78.92
1470,4.12,2.04,48.9,90.8,35.69,66.23
613,3.77,3.35,26.5,50.9,43.02,88.58
873,4.17,2.84,47.0,65.7,41.63,80.17
15,3.68,2.87,43.7,32.0,50.03,95.8
1732,3.31,2.41,46.3,99.0,33.04,60.29
1373,4.07,3.96,31.4,80.9,36.22,72.54
395,3.22,4.34,23.1,42.4,46.4,91.81
1776,3.28,1.98,38.9,100.7,32.74,61.85
1423,3.6,4.83,26.7,83.3,35.63,71.27
487,4.14,4.38,22.9,53.3,45.42,91.02
257,3.43,1.07,36.3,36.3,47.28,95.06
322,3.53,2.13,28.3,38.2,46.86,94.4
141,3.4,3.61,28.2,37.1,48.5,95.37
699,4.15,3.33,33.2,58.7,43.91,84.48
1247,3.6,1.9,47.3,79.2,36.59,71.85
1682,4.03,4.92,36.2,99.6,33.76,64.44
1788,3.65,0.65,40.4,98.1,32.23,60.85
1513,3.71,2.75,21.2,86.8,35.19,69.72
761,4.07,2.64,48.6,61.2,42.75,79.61
542,3.26,1.85,41.9,51.6,44.28,85.73
534,3.36,1.15,42.0,46.6,45.65,87.08
640,3.55,0.97,41.8,52.5,43.87,83.84
72,3.75,3.1,20.9,29.3,50.06,98.69
737,3.99,1.42,25.0,64.4,41.99,85.36
879,3.54,1.73,24.1,60.2,41.22,84.35
1745,4.09,1.06,34.1,96.3,33.48,61.97
1722,3.3,4.5,43.4,96.2,32.54,63.16
721,3.3,4.25,34.7,54.6,42.68,84.61
1883,3.94,2.28,44.0,105.1,30.41,60.72
566,3.99,2.76,20.3,55.5,44.22,88.66
1509,3.97,4.43,27.4,90.0,35.87,71.44
352,3.38,2.68,32.2,40.7,46.31,93.66
1019,3.85,1.03,31.0,68.3,38.86,77.51
892,3.88,4.13,35.0,65.9,41.12,82.09
1305,4.18,4.29,30.8,83.6,37.15,71.84
1445,3.46,1.97,44.2,85.4,34.96,68.71
679,3.71,1.99,48.5,57.3,43.79,84.16
1824,3.53,2.29,21.3,101.3,31.81,63.54
1091,3.33,2.32,38.6,78.2,38.9,74.84
1883,3.65,4.87,48.2,101.5,30.97,58.15
663,3.71,3.04,24.8,53.3,44.14,88.39
362,3.97,1.45,41.1,42.0,45.81,89.29
797,3.66,4.89,43.2,60.2,41.54,79.99
310,3.83,4.88,36.2,41.7,47.58,92.84
94,4.14,2.09,47.1,30.4,49.11,95.48
1603,3.25,1.59,41.4,96.2,34.28,64.06
268,3.67,2.65,28.5,42.2,47.9,92.79
1330,3.57,3.73,31.3,88.0,37.56,73.42
102,3.39,4.7,33.5,37.9,49.88,95.84
363,3.37,2.16,45.3,44.1,45.87,91.64
231,3.83,3.2,23.2,36.6,48.26,96.06
127,3.61,2.58,21.7,32.3,48.22,97.15
1853,4.07,1.92,47.6,108.8,32.04,59.17
35,4.18,1.88,22.7,32.0,49.68,98.48
1035,3.82,1.12,44.5,70.7,40.22,75.42
1883,3.24,1.12,49.9,107.3,30.17,60.49
1183,3.64,0.59,26.7,76.6,38.11,77.48
315,3.23,0.59,47.6,46.1,47.67,90.47
570,3.46,4.87,34.5,49.8,44.89,89.0
884,3.36,4.45,21.1,61.2,40.8,84.9
1692,4.14,3.7,27.5,101.3,33.39,66.98
1649,3.55,1.35,21.0,100.8,33.43,65.76
1949,3.4,3.69,43.0,106.3,30.68,58.95
1286,3.68,2.91,27.4,80.4,36.83,73.95
863,3.36,1.23,36.0,67.4,41.6,79.69
474,3.21,3.0,25.4,48.2,45.93,88.87
266,3.98,4.66,40.1,44.5,47.54,92.61
412,3.44,3.44,25.1,47.5,45.02,93.43
418,4.0,3.83,26.5,49.1,45.71,90.06
89,3.98,4.92,22.8,37.3,49.08,96.65
961,3.37,2.32,29.1,72.4,40.56,78.85
1745,4.09,2.67,45.4,96.9,32.36,62.39
499,3.51,0.59,29.9,47.3,45.79,88.95
1998,3.83,1.55,32.0,112.5,30.23,58.23
726,3.65,3.49,28.7,63.9,42.4,84.23
795,3.32,0.76,28.4,64.7,41.5,82.28
355,3.92,1.5,31.1,41.8,47.33,92.56
1390,3.42,2.44,47.2,81.9,35.26,68.1
618,4.17,0.92,41.3,58.7,43.72,85.03
1731,4.02,2.54,35.2,102.1,33.25,63.49
993,3.58,1.87,29.2,72.2,39.14,77.58
780,3.85,1.03,36.2,58.8,42.88,81.47
438,3.47,1.22,33.9,50.5,44.98,90.47
1616,3.32,4.67,30.0,91.3,33.99,65.77
1321,4.12,4.95,26.0,78.1,37.64,71.76
691,4.03,4.54,39.3,62.3,43.41,85.47
1157,3.47,0.61,47.9,74.3,37.64,74.0
1284,3.23,4.67,47.4,78.4,37.7,72.37
1360,3.42,2.75,31.3,81.1,36.03,72.44
1400,3.81,2.99,41.2,88.0,35.95,69.85
1782,3.66,2.19,24.6,100.6,32.4,66.39
1676,3.6,2.4,39.1,97.8,33.36,63.32
1948,3.43,0.69,32.6,108.7,31.0,59.01
1954,3.4,4.89,43.9,113.1,30.25,56.34
1138,4.06,1.75,40.2,79.4,38.1,75.84
598,3.65,3.92,33.9,56.7,44.61,87.17
1590,3.79,3.13,28.8,90.8,33.99,66.37
269,3.31,0.88,35.2,36.2,46.92,94.69
699,3.29,3.54,29.4,53.1,42.38,84.25
1092,3.86,3.14,30.2,71.5,38.49,78.47
1401,3.85,1.8,33.4,81.8,36.55,69.35
861,3.6,1.26,30.6,64.6,41.44,82.5
1993,3.71,1.93,39.0,108.3,30.97,56.34
1271,4.04,4.61,29.2,85.5,37.86,75.47
148,3.77,0.75,48.5,40.5,49.21,94.83
1035,4.07,4.87,37.5,73.3,40.41,75.67
457,3.62,1.78,24.8,47.4,44.84,92.16
1767,4.19,1.14,29.3,97.0,33.03,62.46
595,3.85,1.82,45.1,57.0,44.68,86.17
1596,4.07,2.94,46.9,94.1,33.69,66.25
405,4.16,4.43,22.0,44.9,45.09,94.26
530,4.12,4.6,23.7,52.5,44.91,87.9
858,3.49,4.46,27.3,69.1,40.78,82.59
188,3.23,3.54,33.1,39.9,48.42,94.04
1941,3.5,2.55,20.3,107.3,30.63,60.12
214,3.3,2.61,39.5,42.6,48.86,92.45
1950,3.58,1.6,31.8,110.6,31.46,61.7
1629,4.05,3.69,49.6,100.0,34.51,62.54
919,3.99,4.72,40.6,62.3,40.66,81.27
123,3.83,1.3,48.6,36.5,48.67,94.38
537,3.87,2.95,20.2,55.5,44.44,89.71
1240,3.34,4.15,45.9,79.5,38.44,70.7
631,4.13,2.65,39.0,59.3,43.09,84.18
6,3.36,4.24,33.4,30.6,50.13,99.58
227,3.91,2.95,33.5,44.0,47.22,92.84
650,4.17,1.39,49.4,59.0,42.64,82.26
1143,3.43,3.38,20.4,77.4,38.32,79.16
1287,3.78,2.84,41.0,76.5,38.13,71.16
1296,4.19,0.56,38.2,84.7,36.09,73.43
1641,3.46,1.93,45.7,95.2,33.9,64.05
1872,3.22,2.03,25.6,108.5,30.99,64.34
1827,3.26,2.81,30.3,106.3,31.68,63.89
1443,3.79,1.47,22.5,89.8,35.25,72.75
186,3.54,0.74,33.2,32.7,48.72,95.78
1821,3.26,0.97,27.2,98.9,32.01,62.05
1349,3.23,2.68,47.0,85.4,36.1,71.09
1455,3.58,4.43,27.2,90.4,35.78,72.08
1580,3.43,4.6,38.4,95.0,34.17,66.62
1124,3.34,4.94,28.1,78.5,38.57,76.74
1693,3.44,2.17,32.7,96.3,32.16,64.22
131,3.32,4.67,45.1,36.6,47.98,93.93
345,3.29,3.29,25.8,40.2,46.08,92.86
559,3.49,0.76,23.5,51.6,44.61,88.43
414,3.88,3.5,46.6,44.1,45.1,86.65
357,4.02,4.68,25.4,41.7,47.4,92.27
353,3.63,3.34,41.4,41.2,46.82,88.87
1023,3.31,3.77,44.3,73.7,39.53,77.22
1264,3.41,4.11,33.9,85.4,37.37,75.16
1341,3.9,2.94,40.3,83.3,36.57,70.8
156,3.39,4.24,49.3,35.6,47.56,93.34
497,4.0,1.05,35.6,52.4,45.16,90.02
1788,3.96,3.9,45.4,101.3,32.38,61.99
1550,3.72,2.84,35.8,90.8,34.45,66.24
79,3.77,0.9,37.5,30.0,49.8,96.97
234,3.95,4.37,39.7,37.2,48.15,94.3
1164,3.49,4.59,48.8,78.0,39.28,73.47
917,4.14,1.05,23.5,65.3,39.99,80.12
1999,4.2,1.85,47.5,112.9,29.41,58.07
1005,4.0,1.44,20.8,72.4,39.68,80.0
511,3.4,2.82,38.8,53.3,44.97,86.96
1580,3.78,1.19,49.9,93.1,33.84,64.05
130,3.66,0.67,24.4,37.7,47.77,98.06
1910,4.19,4.58,24.7,110.6,30.89,62.49
708,3.89,1.46,35.4,55.5,41.93,82.81
1016,3.27,3.61,40.8,73.4,40.5,78.02
1989,3.69,4.67,48.6,106.4,30.79,58.57
800,3.38,0.77,32.1,61.5,42.43,84.35
474,3.34,2.19,36.2,50.8,45.55,87.65
967,3.3,3.74,26.5,63.9,40.28,80.83
1240,3.49,1.0,35.2,82.9,37.84,72.0
405,4.13,3.9,41.7,49.0,45.12,88.14
32,3.79,3.38,41.9,28.2,50.37,96.66
198,4.01,1.74,44.9,42.0,48.55,92.53
1367,4.02,4.3,20.8,89.0,36.83,75.09
1005,3.3,4.74,44.3,65.6,40.11,77.81
697,4.08,4.95,24.5,62.2,43.89,85.32
822,3.58,2.26,41.5,60.0,42.13,83.03
1017,4.13,2.01,39.1,73.5,39.17,76.13
967,3.56,2.27,45.2,65.5,41.13,79.06
199,3.67,2.08,25.8,40.6,47.4,94.99
1228,3.8,2.76,45.2,83.7,38.49,72.04
362,3.23,1.44,37.1,46.0,46.12,89.75
558,4.13,2.65,30.7,51.9,44.71,87.36
1900,3.78,2.68,41.4,108.1,31.2,58.42
1249,4.05,4.31,35.9,81.7,38.22,72.32
1319,3.47,2.94,43.5,77.8,36.08,72.83
1029,3.56,4.71,33.1,74.9,39.44,76.62
78,3.45,0.89,26.1,29.1,49.04,99.66
1952,3.69,2.32,28.4,107.9,29.57,62.27
537,3.8,1.41,22.7,47.4,43.93,89.86
598,3.5,4.7,30.8,55.2,43.41,85.95
1163,3.94,4.25,46.5,73.8,38.97,75.39
1102,4.17,2.9,29.9,71.4,39.27,79.14
862,3.37,4.37,29.1,66.7,40.49,84.02
998,3.87,2.68,44.2,67.0,39.33,75.79
1151,3.64,3.09,44.0,71.3,39.38,73.84
1256,3.87,1.13,21.7,76.7,36.49,76.75
1732,3.77,3.71,38.1,96.8,31.99,64.35
1207,3.24,1.96,35.5,76.0,38.63,75.83
1696,3.36,1.76,25.2,98.0,33.51,64.61
1558,3.23,2.79,48.0,94.7,34.13,64.86
1353,3.39,3.03,29.7,80.4,36.46,72.22
1788,3.28,0.9,25.0,98.0,32.97,64.69
665,3.49,0.87,21.6,51.6,43.82,87.78
642,3.96,1.94,35.4,59.4,43.92,85.13
1615,3.55,4.32,45.7,92.1,34.36,63.93
1084,3.47,1.12,45.4,74.6,38.69,74.42
504,4.2,4.67,28.1,47.2,44.84,90.26
352,3.21,3.13,46.0,43.5,46.1,89.38
275,3.32,4.42,25.0,39.8,47.83,93.07
466,3.24,2.21,48.0,48.0,45.71,86.3
423,3.94,3.19,29.6,46.4,45.82,92.14
167,3.69,2.42,37.3,37.6,48.85,94.72
335,4.08,1.88,44.5,44.3,46.34,90.87
1882,3.25,3.61,26.6,106.8,31.94,63.95
167,3.55,3.92,26.9,37.4,47.96,94.72
234,4.16,4.84,46.8,35.4,47.76,90.64
56,3.79,2.85,44.5,34.4,48.88,95.85
638,4.08,2.02,22.0,51.0,43.11,88.25
4,3.46,4.56,26.1,26.2,50.35,97.88
837,3.83,2.98,43.3,61.1,42.42,79.47
1646,3.76,4.47,24.9,93.6,33.42,67.04
1277,3.78,1.14,20.0,83.0,38.08,74.94
1960,3.6,2.24,31.0,106.5,30.06,61.05
264,3.21,3.39,24.3,37.7,47.88,94.46
1150,3.56,3.85,27.9,76.6,38.65,74.77
1478,3.31,2.89,45.0,92.1,35.31,67.46
1287,4.16,4.91,23.9,79.4,38.13,74.81
1586,3.67,3.55,32.9,96.3,33.28,66.91
23,4.1,3.15,47.6,27.8,50.18,97.42
1214,3.85,3.86,25.9,78.1,37.85,73.69
511,3.9,3.37,41.5,51.4,43.91,86.32
839,3.33,2.43,37.6,63.3,41.63,83.27
1828,3.3,1.59,35.5,101.4,31.03,60.01
1626,3.65,0.53,31.4,99.6,33.55,65.47
428,3.76,1.4,25.6,44.1,46.63,92.46
154,3.61,3.14,29.0,34.8,48.07,95.36
1064,3.48,2.63,38.8,73.8,40.32,78.06
1935,3.33,0.83,32.4,107.5,30.1,60.5
457,3.67,3.83,39.3,52.7,46.14,88.62
1570,3.92,4.02,43.6,92.3,33.49,64.87
1690,4.05,3.32,23.6,94.9,33.31,66.8
1234,3.71,3.81,23.5,80.3,38.49,73.97
202,4.04,4.14,37.7,41.0,47.0,94.34
1682,3.64,1.44,43.6,96.1,32.26,65.37
1528,3.22,1.48,48.4,87.2,34.22,66.5
1677,4.01,3.61,21.3,98.3,32.49,67.87
879,3.7,4.56,41.0,62.5,40.78,80.57
1572,3.2,2.9,43.8,97.8,33.72,64.57
1490,4.04,4.87,28.5,86.0,35.54,69.32
540,3.78,3.36,35.8,54.8,44.26,86.3
164,4.04,3.1,25.4,38.5,49.31,96.15
1884,3.61,3.69,47.4,101.2,31.2,59.58
1941,3.9,4.88,27.5,102.9,30.24,61.06
1004,4.09,4.1,34.3,69.0,40.2,79.52
94,3.6,3.16,48.6,31.4,49.3,93.41
1,4.05,1.86,25.8,34.8,50.09,98.0
555,4.05,4.25,48.6,50.7,44.52,84.43
1332,3.48,1.37,35.5,83.4,36.82,69.88
606,3.34,2.62,28.1,51.9,43.14,86.16
1372,4.18,2.12,39.3,89.4,36.56,71.19
328,3.55,1.51,29.2,46.6,46.58,93.61
1182,3.42,2.31,49.0,72.5,38.12,72.13
1832,3.63,1.06,41.5,105.7,31.52,61.0
936,3.54,4.57,22.7,69.3,41.36,82.1
929,3.53,3.68,34.1,68.9,41.02,78.15
304,3.71,2.14,32.2,39.0,46.43,91.99
1790,3.99,2.5,29.3,100.5,32.52,63.11
1561,3.86,3.94,24.8,92.2,33.76,68.85
1093,3.92,2.16,26.0,78.1,38.52,78.09
1631,3.29,0.54,47.5,100.0,33.06,65.91
274,3.55,2.5,45.4,43.6,46.3,90.09
926,3.97,0.67,28.5,66.1,41.21,82.52
637,3.57,3.2,40.7,59.6,43.9,83.05
1048,3.62,4.26,46.3,75.1,39.88,75.43
1104,4.11,1.18,27.4,70.1,38.42,75.77
1291,3.77,3.56,44.1,84.2,36.41,69.64
1056,3.23,2.72,42.6,71.3,39.39,77.78
278,3.88,4.95,33.9,37.5,47.05,94.48
1953,3.43,0.53,40.2,109.8,30.56,57.72
1914,4.11,3.85,27.8,111.5,30.68,60.56
466,3.47,2.66,31.2,46.4,45.59,89.67
44,3.74,2.41,42.6,30.6,49.56,96.65
634,3.76,1.06,20.3,53.2,43.3,87.89
1834,3.84,4.9,32.2,102.2,31.27,60.74
1679,3.31,3.5,21.1,97.3,34.11,65.05
1557,3.7,2.89,28.6,88.7,35.37,69.18
304,3.48,2.95,40.6,40.6,47.13,92.72
712,4.17,0.71,29.7,61.3,43.78,84.41
1822,4.15,4.4,41.1,107.0,32.68,60.72
1216,3.4,4.78,49.7,74.2,37.49,71.05
1682,4.09,3.88,38.6,98.0,33.72,66.19
697,4.04,2.22,37.4,55.1,42.6,84.82
678,3.43,4.72,33.2,54.5,42.43,85.18
1479,3.3,3.59,27.5,88.7,35.26,71.08
1994,3.85,0.56,33.6,114.0,29.99,59.51
1818,3.25,2.9,37.0,98.2,31.39,60.81
1773,3.78,0.55,35.7,105.5,31.8,61.56
508,3.81,3.45,30.2,48.6,45.83,87.33
518,3.62,4.7,39.5,51.7,45.11,86.2
1665,3.6,1.08,37.8,98.3,33.99,64.33
847,4.05,2.92,37.5,64.3,41.02,80.9
1763,3.88,4.65,47.7,97.0,33.13,61.79
1656,3.68,0.68,40.7,91.4,34.15,65.93
365,3.44,0.76,35.8,49.0,46.78,90.77
521,3.76,2.62,32.5,47.6,44.19,89.88
272,3.91,3.84,32.9,44.0,47.94,95.23
526,3.34,1.16,30.9,46.5,44.29,86.85
1656,4.14,1.23,40.5,91.6,33.1,64.08
193,3.7,3.03,35.7,33.5,48.89,95.23
699,3.83,1.37,25.3,59.1,43.11,86.24
140,3.56,1.79,49.5,31.6,48.02,94.97
709,3.47,1.84,27.5,58.5,42.02,86.4
463,3.7,1.41,43.6,53.0,45.71,89.03
1226,3.88,0.74,34.9,82.8,37.14,74.97
1165,3.73,3.88,26.7,78.2,37.94,75.3
1214,3.89,4.6,38.3,77.0,38.72,71.93
364,3.73,4.1,45.5,48.8,46.4,89.48
1792,3.94,4.03,44.3,99.3,31.37,59.32
841,3.3,4.33,38.5,66.2,41.68,81.3
1901,4.06,2.21,28.7,102.0,31.72,60.37
1173,3.63,4.23,36.4,77.3,38.85,75.85
1320,3.63,2.1,20.8,78.3,36.75,74.79
1757,4.15,4.11,30.1,97.7,33.12,63.49
618,3.28,3.89,48.5,54.9,43.69,85.31
1833,3.59,1.61,21.6,100.3,31.36,64.02
147,3.71,1.62,48.2,33.0,48.26,92.4
1256,3.69,4.78,23.2,77.4,37.77,76.02
1481,4.0,4.9,34.7,84.5,34.8,68.01
1281,4.17,0.7,25.0,78.2,38.06,75.94
944,3.55,3.99,44.9,65.3,40.29,76.61
1989,3.79,3.07,43.9,110.6,29.87,56.22
1816,3.69,1.79,20.9,97.7,32.23,62.5
1076,3.82,1.75,27.4,74.7,39.4,76.6
1001,4.03,4.04,40.2,74.2,39.26,77.96
1257,3.47,1.54,25.3,81.0,37.25,73.73
370,4.17,1.35,32.2,40.3,45.55,90.73
555,3.99,1.44,30.0,49.2,43.46,86.16
1373,4.06,1.97,39.3,83.2,35.52,68.6
815,3.22,2.67,37.5,63.3,41.76,79.87
1296,3.49,3.2,38.2,86.0,36.12,72.47
597,3.38,2.0,31.7,55.0,43.42,87.26
229,3.78,2.74,30.2,36.6,47.36,96.28
1925,3.21,0.5,39.5,104.9,31.45,59.07
956,3.36,4.52,35.9,66.8,40.72,77.41
1951,4.06,3.12,24.5,108.7,31.42,61.62
480,3.6,1.12,23.1,50.8,46.19,91.79
365,3.42,0.89,40.6,43.1,47.13,89.02
1241,4.17,4.75,22.2,83.2,36.75,75.92
938,4.16,3.14,34.5,67.4,39.89,80.66
173,3.89,3.7,24.6,39.1,47.88,97.41
560,3.78,3.95,27.9,51.7,45.17,89.45
596,3.36,1.23,34.0,55.8,43.79,85.13
973,4.12,0.67,25.6,66.8,41.04,79.38
1280,3.75,1.8,47.6,81.1,36.58,69.59
1443,3.69,4.73,43.3,89.0,34.99,67.31
1854,3.3,3.14,21.4,102.2,32.38,61.74
1344,3.93,2.84,40.5,88.2,37.03,70.8
1283,3.48,1.36,48.7,76.4,38.16,69.56
299,3.95,2.58,27.9,42.2,46.04,93.29
1995,3.39,3.99,32.8,109.5,29.26,58.02
111,3.38,3.02,46.6,29.9,49.86,92.93
1701,3.68,3.27,28.2,99.3,33.32,65.34
208,3.57,4.07,41.8,41.6,47.09,92.53
1402,3.61,2.7,39.5,85.0,35.75,67.95
1230,3.57,1.06,42.0,82.7,38.09,74.05
1677,3.96,1.56,43.4,98.5,32.4,63.5
696,3.64,1.5,22.3,53.5,43.07,85.54
1391,3.27,4.25,49.9,90.4,35.47,67.3
1919,4.09,1.11,44.4,106.8,30.65,57.21
436,4.04,1.98,29.7,51.7,46.49,90.78
1916,4.14,1.33,41.2,111.0,31.22,58.68
1564,3.72,2.87,25.4,95.3,34.91,68.58
1617,3.55,3.37,40.4,97.2,33.52,63.67
1906,3.97,4.39,46.5,111.2,30.89,60.6
255,3.44,3.35,34.8,37.3,48.26,94.34
734,3.33,3.52,33.9,60.3,42.43,82.94
526,3.54,4.18,29.8,55.5,45.22,87.16
84,3.63,2.49,34.8,37.8,48.3,98.51
1160,4.08,2.49,34.6,75.6,37.77,76.58
1428,3.65,3.4,34.5,88.4,36.3,70.22
676,3.49,1.8,48.8,57.3,43.12,83.03
767,3.94,3.05,44.7,60.5,42.46,81.9
198,3.47,0.99,24.5,33.0,47.61,96.14
167,3.49,3.21,27.3,33.2,47.83,94.54
1101,3.22,2.0,32.3,74.1,39.01,77.6
1888,3.84,4.98,41.4,102.4,32.11,58.81
64,3.88,3.01,39.4,37.5,50.07,96.88
1991,3.65,1.39,46.2,107.0,29.93,55.82
1230,3.7,0.83,26.1,81.8,36.79,74.75
842,3.92,1.32,36.1,68.1,42.12,82.96
879,3.65,4.01,25.4,68.5,41.84,80.87
254,4.0,1.51,45.4,39.1,48.22,91.41
1687,3.86,2.8,49.4,102.3,32.14,63.68
1615,3.79,1.7,22.0,93.8,33.05,66.94
678,3.23,1.05,44.5,52.5,42.49,83.67
1926,3.82,4.29,46.4,107.1,30.98,58.26
353,3.3,4.56,27.7,47.4,45.75,90.78
371,4.14,2.86,26.3,48.4,46.59,94.23
1593,4.02,2.08,39.3,90.3,34.85,64.0
389,3.82,4.72,45.8,42.2,45.92,90.98
1081,3.72,0.7,29.5,76.9,38.25,79.25
780,3.81,4.29,25.5,61.8,41.53,84.84
568,3.99,4.75,34.6,50.1,44.01,87.1
33,3.26,0.53,46.6,34.7,50.45,94.54
286,3.94,1.27,30.6,45.8,46.87,92.36
13,3.59,2.81,25.3,33.8,50.87,98.02
20,3.74,4.92,47.3,26.8,50.03,95.07
533,3.44,2.98,43.7,48.2,44.1,87.15
852,4.03,0.66,48.5,65.3,41.61,80.94
1072,3.33,2.0,23.9,70.4,40.07,80.13
989,3.85,1.76,38.3,66.9,40.79,77.66
1001,3.96,3.28,26.6,73.9,39.37,80.32
1776,3.25,0.53,27.7,103.2,31.46,64.19
421,3.8,1.47,33.6,50.6,45.06,88.3
684,3.72,3.56,25.0,58.8,43.44,87.27
59,4.1,3.81,21.6,33.7,50.37,98.42
829,3.78,4.76,48.9,64.7,42.05,81.28
1293,4.04,2.8,28.0,78.2,36.21,72.93
1215,3.37,2.11,41.7,83.4,37.01,74.14
967,4.1,2.59,28.4,73.6,39.62,79.15
1102,3.53,4.81,33.5,72.6,38.4,75.47
1089,3.56,2.12,48.6,76.2,38.31,75.37
444,4.1,2.25,32.8,47.4,45.86,90.05
678,3.79,4.67,28.0,60.3,43.51,85.49
137,3.85,2.67,48.7,34.5,48.64,95.08
920,3.5,1.86,38.8,69.0,40.0,79.01
70,3.37,1.07,23.3,32.0,49.47,97.05
1120,3.51,4.09,25.2,74.5,39.65,78.43
964,3.93,4.15,23.0,69.2,41.06,79.7
690,3.33,2.35,38.0,59.0,44.07,85.15
741,3.77,0.6,21.9,54.8,42.97,86.37
684,4.2,2.26,22.4,59.8,43.62,87.97
679,4.16,1.45,27.6,58.3,44.2,88.0
1249,3.91,4.11,46.7,81.2,37.12,71.67
528,3.8,2.71,29.8,56.1,44.96,87.1
1543,4.08,4.3,29.2,93.7,33.9,68.48
233,3.51,2.7,29.8,42.1,47.64,95.92
1944,3.77,4.64,31.7,104.6,31.16,59.34
1291,3.22,4.26,33.3,82.5,36.81,71.35
1173,3.64,1.68,49.9,78.2,37.46,71.99
1190,3.42,2.58,45.3,80.5,37.38,72.82
1039,3.83,3.8,23.6,73.8,38.74,81.27
1811,3.71,1.18,41.9,103.8,32.32,60.63
1733,3.87,3.52,49.8,104.2,33.5,60.43
884,3.45,3.46,39.6,64.3,41.42,78.57
1845,3.35,3.88,34.4,101.5,32.17,61.41
584,3.66,1.22,22.8,49.5,43.38,86.77
1413,3.39,4.61,40.8,88.3,36.72,69.56
1283,3.76,3.73,38.8,80.9,37.25,72.45
549,4.15,2.62,40.2,52.5,45.48,87.57
1492,3.4,3.16,20.4,94.1,34.16,70.57
1313,4.13,4.1,23.1,86.4,37.19,74.19
238,4.07,0.86,49.1,41.4,48.34,91.72
246,4.19,2.2,23.5,35.8,47.0,94.17
819,3.24,0.87,27.6,62.2,41.68,81.9
547,3.38,3.0,41.3,48.4,44.69,84.85
1020,3.74,0.98,36.3,72.4,39.46,78.06
877,3.88,0.8,37.1,69.0,40.91,79.05
291,4.08,1.19,31.9,38.8,47.49,92.25
1520,3.8,3.8,29.0,86.8,35.08,70.41
1750,3.55,3.32,36.6,96.9,31.83,64.36
194,3.83,1.52,29.2,38.3,47.17,95.58
1472,3.62,1.84,34.8,88.4,34.85,69.26
1272,4.16,2.05,20.3,80.8,37.39,77.16
133,3.58,1.56,46.9,32.5,49.53,92.35
890,3.97,4.78,28.6,63.2,41.83,79.82
1606,3.2,4.12,29.7,91.6,33.07,67.26
917,4.13,1.21,44.9,62.6,41.28,78.34
1376,3.38,1.75,38.9,80.9,36.75,70.99
1919,3.78,3.52,41.0,107.6,31.1,57.39
1551,3.52,0.72,23.2,93.7,34.31,70.95
752,4.12,0.62,30.8,60.2,43.21,85.37
1307,3.86,3.82,21.9,85.7,36.47,74.41
1636,3.64,4.47,40.1,92.2,33.3,64.91
879,4.08,3.64,31.9,68.6,40.97,82.35
1923,3.61,1.17,38.1,102.3,30.54,58.8
1555,3.56,2.08,49.0,95.9,35.24,66.4
796,3.46,3.2,33.0,59.3,43.0,83.13
1410,4.09,3.3,47.6,83.6,35.75,67.46
1937,3.65,2.71,41.7,103.8,30.58,57.09
172,3.99,4.62,21.6,35.0,48.82,97.52
120,4.18,4.99,37.0,36.3,48.21,97.5
591,3.45,3.7,24.5,49.5,43.22,87.93
708,3.24,4.88,48.3,59.2,42.24,84.27
830,3.44,4.59,48.0,66.6,42.23,80.89
1644,3.27,2.01,48.7,97.1,34.36,62.81
1057,3.47,3.33,35.7,71.2,39.78,76.36
1409,3.48,3.19,22.7,83.3,35.67,73.27
1464,4.17,0.88,48.3,85.6,34.62,69.01
542,3.59,4.92,48.8,55.1,45.4,84.91
339,3.7,4.6,24.2,46.0,46.12,94.97
816,4.12,2.42,34.4,63.0,40.89,81.73
1902,3.24,0.72,35.0,110.5,31.38,60.79
1192,3.59,3.61,28.6,76.5,37.86,76.52
992,3.65,2.17,41.5,66.0,39.89,79.1
799,3.69,2.97,36.6,63.9,41.97,83.93
368,4.13,3.35,30.7,46.6,46.05,92.76
108,3.35,2.84,42.5,31.4,49.8,94.63
1377,3.65,0.59,41.5,89.3,37.09,68.59
1239,3.3,3.35,34.8,84.1,36.63,72.38
1209,3.63,1.63,41.8,80.6,37.89,72.81
341,3.32,0.76,44.2,48.5,46.06,90.99
1621,4.01,2.65,39.2,92.4,33.15,65.85
689,3.41,2.93,28.4,59.2,43.8,84.84
953,3.82,3.0,47.1,64.0,40.97,76.45
882,4.0,4.77,26.4,68.9,40.59,83.33
23,3.44,3.42,48.8,30.8,50.44,97.47
5,3.48,2.61,31.8,34.5,49.67,100.0
1338,3.52,4.83,30.2,80.7,37.04,70.57
121,3.64,2.91,36.8,33.1,48.89,96.93
679,3.61,4.02,30.7,54.0,43.77,84.95
1040,3.76,4.14,38.6,67.5,39.39,76.89
105,3.9,2.2,28.1,30.7,48.55,97.91
1750,4.02,4.07,32.8,95.3,32.29,64.38
1278,4.16,4.97,47.1,77.5,37.06,69.29
797,3.64,2.06,43.9,62.0,42.89,81.47
1432,4.04,1.84,37.6,91.0,36.33,70.31
1537,3.86,2.8,37.3,94.2,34.23,67.58
685,3.25,4.25,34.4,61.2,43.9,86.61
866,3.57,3.58,27.4,66.7,41.76,81.01
1415,3.57,4.56,44.6,86.1,35.72,67.1
721,3.91,0.98,29.8,57.1,42.65,86.82
1299,3.95,1.73,35.0,84.2,37.68,72.98
160,4.04,1.1,24.6,39.5,47.66,98.21
451,3.45,3.09,21.8,50.4,45.03,91.88
759,3.56,3.83,24.6,57.6,43.14,84.23
1083,3.26,0.83,43.3,76.6,39.58,73.96
1462,3.66,3.55,37.3,90.4,35.45,67.41
1234,3.65,0.73,40.6,79.6,38.38,73.74
502,3.42,4.11,26.2,46.7,44.93,89.34
558,3.63,2.69,49.9,47.8,44.62,86.2
1610,4.15,0.89,40.6,95.6,34.43,63.66
1860,3.68,0.63,33.8,100.5,32.12,61.67
238,3.29,2.23,26.0,42.0,47.36,94.09
1107,3.22,0.56,46.9,76.1,38.53,72.58
1505,3.77,4.18,44.8,90.6,35.54,66.04
675,3.99,3.34,45.7,58.1,43.63,83.46
697,3.85,0.75,32.4,60.2,42.5,86.8
158,4.06,1.36,33.2,39.0,47.93,96.49
1564,3.89,1.45,32.8,89.1,35.11,66.07
1723,3.28,4.49,26.6,103.7,32.15,67.13
381,3.47,2.3,20.3,44.3,45.77,94.86
725,3.83,3.33,22.8,58.9,43.29,87.81
651,3.93,3.59,36.8,59.3,43.11,83.37
1566,3.27,1.66,31.5,92.6,34.38,66.89
680,4.19,3.76,33.5,57.1,43.47,83.99
509,4.03,3.41,42.3,51.5,44.0,88.96
1293,3.42,3.8,31.1,81.5,37.89,75.16
843,4.07,1.81,26.2,61.3,40.61,82.77
113,3.64,2.09,38.6,32.8,49.09,95.06
1869,3.83,3.86,44.0,108.0,32.21,61.4
1920,3.86,3.89,32.1,110.9,30.4,60.27
1723,3.28,3.13,27.2,99.7,33.72,66.79
343,3.39,3.41,24.5,45.9,46.33,94.82
205,3.45,1.3,46.2,40.1,46.96,94.2
950,3.55,2.57,29.5,72.9,40.34,80.97
704,4.11,3.66,45.8,54.4,43.34,81.94
608,4.02,1.68,36.7,52.0,43.5,86.81
1371,4.11,0.62,30.8,79.9,36.86,72.32
284,3.39,2.19,34.5,36.9,47.52,92.87
652,3.28,0.66,43.8,54.0,43.64,82.89
1158,3.65,1.18,27.8,75.2,38.16,76.16
1518,3.36,3.05,25.2,91.8,35.58,68.14
569,3.22,1.52,41.7,49.2,44.43,84.93
1018,3.73,3.71,44.5,70.8,38.93,75.59
1980,3.31,2.16,41.4,104.9,29.91,56.24
1218,3.39,1.51,21.6,78.6,37.44,75.3
1109,3.42,2.63,33.5,69.7,39.61,76.83
550,4.1,4.96,49.0,54.8,44.65,86.79
1987,4.1,4.28,45.3,108.1,31.05,59.09
994,3.89,1.47,39.6,66.2,39.9,76.83
1745,3.32,4.3,23.4,96.8,33.02,65.45
711,3.72,3.52,34.7,61.6,43.43,84.99
1623,3.73,2.83,38.5,92.5,34.72,66.17
1767,3.37,2.04,25.3,96.0,32.54,65.08
986,3.55,0.97,49.2,69.8,39.49,77.98
1195,3.65,2.8,40.4,80.1,38.94,74.15
295,3.51,2.02,48.4,39.7,47.05,88.96
333,3.41,4.09,49.0,42.2,47.22,88.14
1105,3.86,4.81,28.4,76.3,38.72,78.45
906,3.95,0.67,47.0,64.8,41.61,78.19
1731,3.47,4.98,32.0,97.9,32.05,62.37
1830,3.78,1.79,32.8,98.3,31.31,63.82
1483,3.9,2.6,40.4,87.9,35.95,67.22
1209,3.68,2.21,37.3,83.2,37.63,72.15
301,4.02,1.28,47.9,41.4,47.35,92.37
925,3.77,1.92,24.1,63.6,41.16,80.35
1926,3.41,1.93,45.1,105.6,31.4,58.05
1057,3.31,1.96,25.9,75.4,38.98,80.71
1133,3.9,3.99,30.9,80.3,38.87,77.67
1855,3.64,3.98,28.3,103.1,30.87,61.48
205,3.51,1.15,27.5,39.5,48.13,97.24
79,3.79,2.75,33.0,36.2,49.36,96.75
321,4.01,2.39,21.1,46.1,45.89,93.71
1139,4.07,1.81,26.5,73.9,39.47,75.0
401,3.22,1.67,44.2,44.7,45.32,87.58
1213,4.08,3.81,38.7,74.7,37.27,73.63
39,3.4,2.49,32.6,36.2,49.73,98.18
137,3.51,2.26,44.8,37.6,48.72,95.0
43,3.62,3.47,32.5,32.4,49.75,96.57
1947,3.54,0.82,25.1,106.1,29.78,59.47
1232,4.02,1.1,47.4,81.7,37.06,71.41
1268,3.22,4.06,37.4,76.3,38.07,71.94
1582,3.75,1.29,38.3,93.2,34.95,68.01
1367,3.66,2.37,40.4,81.8,37.19,70.48
42,3.92,3.14,42.5,31.4,49.88,98.2
1597,3.91,1.25,29.2,95.8,34.58,69.25
1703,4.11,3.47,26.2,96.7,32.82,67.54
1619,3.39,3.46,34.9,94.5,34.25,64.91
850,4.05,3.13,44.9,60.6,41.97,78.08
1403,3.36,1.08,27.5,85.2,36.69,73.35
1599,3.45,2.05,35.4,89.5,34.42,66.89
618,3.69,2.35,37.6,57.8,44.23,85.5
1335,4.08,0.64,40.3,85.5,37.49,69.67
540,3.65,2.62,30.4,51.8,44.06,88.51
1516,3.33,2.24,41.0,92.2,35.02,69.11
1943,3.38,2.87,41.7,111.7,30.85,60.01
37,3.95,2.89,29.9,28.9,49.23,98.33
1088,3.65,2.52,29.1,72.4,39.36,76.81
768,3.55,1.25,33.1,63.6,41.4,82.73
1221,3.3,2.1,41.2,81.4,37.81,74.94
775,4.1,3.74,37.0,64.5,42.46,81.23
1350,3.85,3.86,25.2,87.4,36.11,74.84
254,3.28,3.48,33.9,35.7,46.74,94.4
1377,3.91,4.13,37.8,88.3,36.42,71.7
1559,3.44,1.37,40.7,91.8,35.28,64.99
1531,3.25,1.3,45.9,92.9,34.96,68.05
1844,3.71,3.34,29.2,104.9,30.96,63.56
1781,3.22,1.0,20.3,99.3,33.1,63.67
683,3.84,1.88,35.0,55.7,43.65,83.22
1095,4.16,4.7,40.9,78.1,38.55,74.18
1014,3.95,1.44,42.4,69.9,40.41,76.17
395,3.44,0.92,25.5,45.2,46.45,93.47
443,3.38,3.74,45.8,48.1,45.61,87.49
1,3.37,3.47,22.7,25.5,50.22,100.0
1749,3.74,2.54,38.7,101.6,32.56,62.02
1299,4.19,2.61,21.9,81.0,36.73,76.06
938,3.68,1.45,21.0,67.2,40.47,83.13
532,3.27,4.48,48.0,48.7,44.78,87.1
1126,3.65,4.95,49.2,74.0,38.21,73.78
1951,3.63,0.66,40.4,108.3,30.78,59.0
686,3.48,4.82,27.6,61.5,42.9,86.56
41,3.69,3.01,29.9,28.0,48.92,98.92
642,3.97,2.28,43.3,52.7,44.5,83.21
1685,3.79,2.38,38.4,93.2,32.56,63.02
280,4.13,2.92,41.0,46.1,47.16,93.1
997,3.55,3.26,44.7,72.5,39.38,77.17
1303,3.47,3.75,42.8,77.4,36.63,72.13
1084,3.35,1.92,24.2,77.5,39.32,78.47
484,3.35,1.4,41.0,48.3,44.53,88.56
879,3.56,4.48,21.8,68.1,40.7,83.75
275,3.96,1.6,33.4,39.4,47.42,92.01
407,3.49,2.17,23.4,43.5,45.04,91.71
1105,3.3,2.68,31.0,72.4,38.96,75.48
1975,4.06,4.12,39.2,105.5,30.07,56.64
819,4.09,3.45,20.4,66.9,41.61,82.71
96,3.53,1.32,48.5,29.5,50.01,92.73
1934,3.48,3.9,23.8,109.9,30.34,61.45
1073,3.51,4.04,23.7,69.7,39.28,79.58
480,3.76,4.21,23.5,49.2,45.89,90.38
939,3.54,3.22,30.2,70.2,40.12,79.76
303,3.99,3.89,33.9,38.4,46.59,91.08
636,3.25,1.64,47.2,55.8,44.27,84.25
1696,4.17,3.94,27.6,98.6,33.9,67.09
1485,4.12,2.57,25.9,84.6,34.34,69.83
259,3.5,4.31,35.0,39.1,46.53,91.62
856,4.02,2.47,25.1,61.0,41.84,82.99
673,4.17,0.84,43.0,57.4,42.4,85.59
190,3.27,3.39,46.3,40.0,48.98,91.67
1717,3.5,3.16,36.5,97.2,32.9,62.73
160,3.25,2.39,20.9,38.8,48.58,98.45
1562,4.18,2.78,23.7,88.6,34.05,70.73
400,4.14,3.72,37.4,43.5,46.45,91.27
1471,3.97,1.21,26.3,87.2,35.43,69.57
671,3.78,4.97,49.2,59.3,44.03,84.03
1300,4.12,4.72,33.1,86.3,36.12,73.83
447,3.3,2.37,34.4,50.7,45.24,89.08
940,4.19,4.69,22.4,65.8,40.6,80.8
1296,3.91,3.06,45.7,85.1,37.72,71.7
1115,3.67,1.3,22.8,70.0,39.05,76.48
916,3.95,4.46,28.4,70.0,41.54,79.92
1453,4.09,4.8,30.5,84.1,36.27,69.2
968,3.36,3.55,40.7,69.2,40.26,76.67
1163,3.68,4.02,37.8,76.7,38.78,75.79
673,3.6,1.92,49.2,58.8,42.52,81.19
1765,3.44,0.73,46.7,101.2,33.07,63.17
1199,3.94,3.26,35.2,75.2,38.58,74.63
1382,3.36,1.64,34.7,82.8,36.71,71.2
286,3.82,0.9,47.7,38.1,46.19,90.92
50,3.98,3.81,36.0,34.1,49.84,97.86
1225,3.71,4.93,49.5,83.5,37.88,71.23
749,3.84,2.02,35.5,58.6,42.27,82.35
1857,3.89,3.64,45.5,108.4,31.3,58.02
1551,3.4,3.77,37.6,90.6,34.02,66.52
1603,3.91,1.91,27.9,96.5,34.53,65.71
1899,3.27,0.74,29.4,108.6,30.19,63.08
1705,3.93,2.88,23.7,93.8,33.77,65.28
669,3.36,4.29,24.6,52.9,43.27,85.83
948,4.12,4.69,34.1,63.4,39.97,80.69
1484,3.21,1.16,26.1,84.5,35.32,69.81
197,3.87,1.05,34.6,36.9,48.77,95.7
86,3.55,4.07,49.2,29.5,49.42,92.92
693,3.82,0.87,35.7,58.8,43.79,83.94
459,3.72,4.63,48.6,52.8,46.16,88.4
589,3.74,2.98,29.5,55.5,44.45,86.02
667,3.69,3.36,42.1,53.9,43.95,85.87
1132,3.29,1.03,30.0,72.9,39.62,75.02
1335,3.7,3.38,35.8,86.1,36.82,69.84
1738,3.26,1.1,36.2,95.7,32.41,62.01
835,4.08,3.35,47.7,68.0,41.08,78.84
1668,3.27,2.96,33.9,94.6,33.06,66.74
1885,3.55,4.3,22.3,105.8,31.07,62.73
673,3.37,1.37,44.7,54.6,42.33,85.25
1027,3.93,2.81,26.1,70.1,40.12,79.91
1547,4.01,2.54,20.1,96.3,34.99,70.06
141,4.18,0.78,24.6,35.4,49.11,97.57
1826,3.36,0.57,43.7,103.5,32.15,59.72
1927,3.9,1.47,26.5,107.9,29.97,62.9
844,3.69,4.07,46.1,64.5,40.7,78.32
611,3.29,1.41,23.7,53.9,43.35,88.43
1433,4.02,2.73,23.5,84.8,36.12,73.06
1308,3.84,2.66,33.3,77.6,36.84,72.67
1199,3.69,2.3,47.7,80.2,38.82,73.8
484,3.69,1.42,30.9,52.1,45.27,89.68
1154,3.64,1.22,42.7,77.3,39.38,73.1
698,3.23,4.18,20.3,62.5,42.63,87.24
1090,3.46,3.68,44.6,73.8,39.81,76.63
45,4.2,3.86,33.3,28.7,49.08,99.01
1653,3.54,1.72,25.1,91.8,33.28,67.01
926,3.82,2.4,27.6,70.1,41.13,81.84
1816,3.65,3.14,43.9,98.9,31.5,60.6
681,3.55,2.72,29.9,55.7,43.07,84.86
1811,3.67,3.77,23.7,106.8,31.8,62.3
996,3.32,4.57,31.4,72.4,40.75,80.19
1016,4.12,4.18,38.0,72.9,39.46,79.69
209,3.29,4.41,41.4,43.2,47.02,94.79
1490,3.33,4.57,49.4,86.1,34.41,65.3
345,3.97,1.56,34.4,43.2,46.42,91.22
1262,3.38,4.13,33.8,83.4,36.47,73.22
620,3.87,1.5,37.1,57.7,44.29,85.91
567,3.93,1.04,38.3,52.1,43.61,84.99
164,3.42,1.1,22.1,33.8,49.3,99.11
1861,4.15,4.08,30.8,99.8,30.57,61.7
1416,3.48,2.4,30.9,83.8,35.82,71.21
1402,3.34,2.08,32.7,88.2,35.3,69.97
339,3.78,2.09,47.8,43.3,45.62,88.5
150,3.67,2.49,45.1,39.3,48.49,92.41
302,3.36,2.51,40.7,38.0,47.57,89.65
1161,4.09,1.02,25.7,77.8,38.97,74.99
3,3.87,3.77,26.3,32.0,50.87,100.0
1865,3.88,3.74,47.2,105.6,31.12,58.13
180,3.87,0.68,25.5,36.1,48.9,97.49
1887,3.45,4.39,24.5,108.0,31.47,62.52
107,3.72,1.77,20.1,37.6,48.99,97.87
1882,4.08,3.16,47.9,108.6,31.98,58.51
1875,3.78,4.17,43.6,106.1,32.14,61.62
1366,4.11,1.15,29.1,85.5,36.11,72.5
1693,3.69,3.74,26.6,95.0,33.06,67.14
22,3.89,1.04,20.8,33.5,50.11,99.78
779,3.51,3.08,47.2,63.0,42.31,79.54
1492,3.51,0.84,25.3,90.4,35.37,70.5
837,3.45,2.38,20.8,65.8,42.28,83.0
1438,3.5,4.77,41.2,86.1,35.34,67.86
800,4.18,3.8,31.1,58.3,41.89,83.85
547,4.14,1.99,28.8,55.3,44.29,86.63
1674,3.51,1.18,21.9,92.6,34.15,65.3
400,4.15,2.29,27.7,47.4,46.53,90.35
1431,3.73,0.93,28.4,90.7,36.62,69.18
1014,4.07,2.95,44.9,72.2,40.81,75.44
482,3.46,0.57,46.2,48.8,45.82,89.05
347,3.32,3.33,34.0,43.2,46.84,91.88
1925,3.55,0.9,32.0,103.2,30.64,62.11
1299,3.64,0.67,47.3,86.5,37.58,72.08
643,3.28,3.53,27.7,51.8,42.74,88.2
1561,3.78,4.96,35.2,93.2,34.01,68.37
1201,4.11,4.28,30.0,82.3,37.78,73.59
639,3.86,1.23,35.5,50.8,42.81,84.83
1636,3.79,2.24,44.7,94.1,33.92,64.35
700,3.87,3.21,33.9,55.1,43.3,82.69
1159,3.78,4.32,47.7,76.3,38.38,74.37
1789,3.5,0.89,48.2,101.5,32.49,61.46
26,3.38,3.68,39.4,27.2,48.89,95.93
1132,3.32,2.74,20.1,76.2,38.95,78.63
1494,3.52,1.51,39.8,92.0,34.3,69.09
860,3.76,2.21,40.4,60.3,40.73,81.6
62,3.72,2.45,45.8,31.8,49.17,93.65
1109,4.18,3.88,43.4,72.6,39.4,73.33
1086,3.86,1.86,46.8,75.5,39.1,73.58
806,3.9,4.7,40.0,59.3,41.27,82.57
180,4.06,3.23,38.6,33.6,47.35,94.52
1672,3.44,4.21,33.6,99.5,34.04,66.84
1950,3.66,1.26,47.0,104.3,29.85,56.85
802,3.93,3.73,22.0,66.6,42.03,84.82
1579,4.1,4.72,21.2,96.5,33.67,69.83
332,3.52,2.15,43.7,44.8,47.67,88.68
1045,3.61,4.62,22.9,72.4,39.57,80.11
424,3.3,1.54,48.5,46.8,46.07,86.89
26,3.72,2.96,37.9,35.7,49.53,96.62
1393,3.95,2.45,34.8,90.2,35.21,71.33
423,3.77,3.08,39.8,43.0,46.32,89.32
346,3.3,3.8,43.8,48.6,45.89,90.22
421,4.05,2.13,31.5,43.0,45.06,90.06
607,3.74,0.52,46.8,54.8,43.16,85.67
795,3.35,3.11,44.1,65.0,42.67,81.57
48,4.0,0.91,35.2,29.1,50.44,95.98
925,4.08,1.09,34.1,67.5,40.0,79.54
1407,3.51,3.85,25.6,82.8,36.52,71.86
613,3.46,3.89,35.8,51.0,43.31,86.56
383,3.39,3.77,42.8,44.2,46.93,87.72
190,4.13,4.78,24.5,34.5,47.14,96.72
1687,3.37,1.09,39.6,92.5,33.74,65.3
1938,4.13,1.18,39.5,102.7,30.71,59.6
523,3.62,4.88,35.2,47.3,45.58,87.92
927,3.3,4.93,28.8,62.7,41.68,82.6
1233,3.72,3.37,40.1,77.3,37.83,71.29
78,3.93,3.97,30.2,36.2,50.11,96.11
836,4.14,3.78,27.1,60.3,42.04,84.85
1094,4.01,4.91,44.1,69.8,40.0,74.52
62,4.12,4.07,40.3,36.6,50.26,97.09
1890,3.37,0.62,30.0,109.3,31.15,62.19
55,3.48,2.36,34.7,36.7,48.88,97.68
692,3.23,3.71,33.6,53.0,43.72,85.61
1737,3.33,0.55,43.6,102.9,32.53,62.23
1447,3.39,2.38,22.2,91.8,36.38,73.11
1862,3.32,1.92,27.1,103.0,32.19,61.97
406,3.24,1.25,21.5,47.5,46.34,90.61
1074,3.98,0.99,20.1,69.1,38.4,77.36
1496,3.83,4.81,42.2,89.9,35.61,68.43
949,4.15,3.6,20.3,66.5,41.3,80.28
1800,3.25,3.86,21.4,102.6,31.96,62.61
1435,3.88,0.59,37.3,91.4,36.18,68.96
1286,3.89,1.0,31.8,85.7,37.11,74.72
1136,3.48,3.82,47.7,78.3,39.11,72.79
405,3.99,2.55,30.9,49.8,45.25,91.15
1044,3.37,4.07,30.1,69.4,39.4,78.93
1883,3.74,1.61,26.7,107.1,30.89,62.05
968,3.22,0.63,48.4,69.6,39.64,75.5
1995,3.79,2.65,34.8,109.0,29.07,60.4
955,3.25,0.69,33.7,69.3,41.16,78.93
1600,3.58,4.32,39.8,94.1,33.53,65.28
1515,3.44,2.22,27.7,94.1,35.77,67.41
1721,3.63,1.78,39.5,94.8,32.82,64.42
381,4.06,3.6,38.5,42.3,46.88,90.13
1630,3.72,0.59,36.8,95.5,34.39,65.54
1040,3.74,1.76,32.6,73.5,40.53,78.51
1033,3.5,1.77,41.4,72.9,40.67,78.81
335,3.33,4.98,41.1,47.9,46.36,91.46
1328,4.01,3.83,24.1,84.0,36.81,75.42
439,3.37,2.26,40.4,44.1,46.44,87.67
1240,3.88,3.14,44.6,84.0,37.71,73.36
242,3.57,0.65,22.6,40.1,47.49,94.39
445,4.12,0.99,36.3,49.3,45.4,89.68
1010,4.14,1.58,42.2,70.9,40.84,77.01
498,4.1,2.76,33.2,51.6,45.56,90.61
1708,3.73,3.59,29.2,102.9,33.7,67.02
30,4.18,4.38,45.3,30.4,48.74,94.63
174,3.51,4.39,35.9,41.0,48.65,96.53
1385,3.63,1.74,39.9,80.5,35.67,71.02
1351,3.53,3.27,41.1,80.9,37.43,70.56
14,3.3,1.9,38.3,31.4,49.5,95.97
205,4.17,4.13,41.2,34.8,48.13,94.15
1898,3.6,1.98,27.2,109.1,31.57,61.81
754,3.35,0.75,28.7,60.4,43.26,82.69
1192,3.47,2.96,49.7,80.4,37.96,71.66
962,3.98,3.3,26.5,66.5,40.64,79.35
1853,3.69,4.8,39.8,100.8,31.2,60.18
1652,3.9,3.88,38.6,100.4,33.68,66.29
513,3.52,2.53,41.1,54.1,45.56,86.64
1643,3.77,3.99,44.8,97.4,33.53,65.06
557,3.65,1.61,33.1,53.7,43.48,88.51
203,4.06,3.95,29.3,36.9,48.41,95.9
401,4.03,1.15,42.1,42.2,45.27,88.68
457,3.4,2.48,20.9,50.9,44.66,92.61
1748,4.03,1.87,49.1,97.9,32.52,60.39
766,4.08,4.72,43.5,62.2,42.14,81.95
743,3.5,1.09,45.6,56.7,43.03,83.46
65,3.85,3.23,36.5,34.9,49.5,97.22
221,3.22,4.86,47.9,34.4,48.27,91.73
881,3.93,1.97,27.5,65.8,40.82,83.11
1358,3.94,2.49,41.5,81.6,36.54,69.67
384,3.37,1.63,27.5,43.2,45.37,91.35
1844,3.93,3.29,38.0,98.8,30.7,61.95
254,3.49,2.11,42.5,39.4,47.77,93.37
204,3.53,3.45,21.4,38.4,47.17,98.34
66,3.9,3.15,40.0,33.3,49.75,96.01
1125,4.17,4.77,43.7,72.8,39.46,76.68
478,3.83,1.99,23.7,49.4,45.09,89.74
1164,3.59,4.58,41.0,78.7,38.12,73.43
1757,3.75,2.97,38.0,104.8,33.34,61.18
638,3.71,4.65,26.7,59.7,43.58,88.37
1880,3.49,1.74,30.0,110.2,32.08,61.76
35,3.46,4.41,25.9,29.7,48.81,99.26
1543,3.45,3.27,31.8,91.3,34.7,66.64
1897,3.36,1.01,25.4,104.9,31.71,61.42
201,4.01,4.86,24.5,40.1,47.26,95.07
444,4.04,4.31,29.1,47.3,45.14,91.83
1334,3.56,0.8,46.2,86.3,37.55,70.77
924,4.19,3.71,41.8,65.4,40.93,77.23
798,3.75,0.94,25.3,61.1,42.37,83.44
771,4.09,2.85,47.1,63.4,41.64,81.24
526,3.6,4.77,30.3,47.2,44.42,87.16
1703,3.67,1.37,29.2,99.8,33.84,65.09
1171,3.24,1.7,31.3,73.9,39.25,76.96
907,3.97,3.84,22.3,61.8,40.32,83.06
1933,3.57,1.85,20.6,103.4,30.06,63.73
214,3.94,0.8,28.3,34.4,48.7,93.37
1439,3.67,1.98,42.4,84.2,35.62,68.18
1265,3.23,0.83,34.0,82.9,36.99,71.83
1368,3.77,0.65,23.2,88.7,36.37,72.27
1591,4.02,1.65,46.5,90.5,34.7,66.89
1352,4.11,2.47,27.5,80.0,36.43,73.69
1903,4.15,3.86,23.9,103.5,31.9,61.74
623,3.24,4.84,33.5,57.7,42.92,87.69
175,4.17,2.42,33.4,41.8,48.13,97.0
1386,4.06,3.49,43.8,87.9,36.08,68.29
1252,3.99,3.58,25.8,78.7,37.57,74.29
968,3.94,3.07,27.5,68.1,40.47,79.13
1522,3.27,1.91,45.1,95.6,34.74,68.35
1334,4.05,4.84,49.4,78.5,35.8,70.22
474,3.7,3.33,34.1,49.6,44.67,90.85
1409,3.91,4.21,49.0,86.5,35.12,68.04
211,3.92,3.05,43.7,42.0,48.52,92.29
1024,4.13,2.43,21.1,76.0,40.66,78.82
1228,3.81,2.59,32.8,74.2,37.12,73.65
1107,3.63,4.98,22.5,77.6,38.65,78.02
709,3.83,1.28,48.5,63.2,43.68,82.83
1500,3.87,4.27,35.0,87.9,34.09,66.72
1948,3.38,2.73,21.3,106.7,31.32,62.31
1105,3.55,3.09,41.1,77.0,39.12,73.79
1308,3.64,4.52,48.3,84.6,37.47,69.55
318,3.66,3.38,31.8,39.9,45.92,91.79
1171,3.51,3.4,48.4,77.8,38.82,73.96
334,3.7,3.11,20.5,47.0,47.09,95.17
1402,4.15,1.34,35.6,83.5,35.96,70.63
722,3.48,1.87,22.6,54.4,43.26,87.31
1459,3.46,1.82,43.1,86.9,34.46,68.35
923,3.6,1.27,40.1,63.4,41.66,78.8
1469,3.86,4.67,28.7,85.4,36.05,72.02
1040,3.4,1.9,33.6,67.7,39.15,79.63
1983,4.01,2.15,47.5,110.5,30.14,55.43
1936,4.14,3.2,40.0,112.1,30.17,59.73
1397,3.57,1.28,27.5,82.0,35.66,71.62
565,3.88,3.89,38.8,54.1,44.02,84.7
1441,4.12,1.94,25.8,87.1,35.55,72.06
1343,3.43,4.59,24.4,80.9,37.03,72.79
1268,3.97,3.3,26.4,83.0,37.43,74.33
1063,4.04,1.36,32.2,77.3,40.26,78.38
1989,3.81,4.03,30.2,113.5,30.03,59.6
1608,3.32,3.01,49.5,95.7,33.33,62.28
911,3.8,1.14,33.8,63.8,40.91,80.03
464,3.64,4.2,31.3,46.4,45.8,91.04
712,3.82,4.21,31.5,60.7,42.72,86.04
259,3.25,0.76,34.4,40.6,47.54,91.63
1751,3.76,2.73,48.2,103.6,31.79,62.22
1455,3.69,2.39,42.8,84.2,35.71,67.52
899,4.12,2.87,29.5,67.2,40.22,81.45
1099,3.47,3.3,35.1,69.9,38.98,77.46
1018,3.21,0.53,39.6,70.6,40.38,79.25
615,4.15,1.17,26.1,56.8,42.87,86.54
1281,3.88,4.65,45.3,85.3,37.7,72.71
1687,3.41,2.73,24.5,99.7,32.65,66.32
12,4.06,4.17,28.1,31.2,49.75,98.42
1778,4.15,4.38,39.2,98.5,31.38,60.77
938,3.3,2.64,29.0,62.6,40.08,82.25
1181,3.97,4.1,26.0,77.7,38.12,78.1
787,4.14,0.61,46.6,61.3,41.94,80.24
290,3.83,4.6,38.0,43.3,46.48,90.36
1165,3.39,0.95,45.3,76.4,38.53,74.61
1512,3.32,2.87,23.6,85.6,34.53,71.24
137,3.59,1.65,47.3,39.2,47.83,93.88
1736,3.7,2.87,29.6,102.0,32.2,64.11
1711,3.77,1.29,32.4,96.5,33.56,63.01
1743,3.72,2.07,23.0,98.3,31.81,65.07
206,3.94,0.57,33.0,37.5,48.84,93.01
1898,3.22,1.92,40.6,103.5,30.36,61.69
580,3.55,4.13,39.9,49.5,44.38,87.94
173,3.97,2.38,48.3,39.2,48.04,92.75
299,3.86,1.69,31.7,45.6,46.45,94.59
605,4.12,3.16,25.3,52.9,43.51,88.51
1791,3.31,1.65,31.6,105.5,32.49,62.76
1431,3.64,3.4,28.6,85.9,35.61,69.06
1493,3.62,2.1,26.9,85.9,34.79,71.27
953,3.49,2.29,38.2,70.1,39.82,77.77
1033,3.51,2.22,21.9,71.0,38.75,78.11
1005,3.63,3.47,33.8,71.2,40.25,79.51
610,3.65,3.03,31.9,54.4,43.11,85.35
1835,3.64,3.31,22.0,104.9,31.15,64.14
1281,4.08,2.93,36.9,83.9,37.03,71.71
910,3.85,4.74,37.6,67.6,41.75,81.84
1886,3.27,1.1,35.5,109.8,30.7,61.58
1309,3.54,2.3,43.9,79.5,36.97,71.63
1380,3.51,4.93,35.8,84.0,36.58,70.78
1452,3.27,3.4,28.3,86.0,36.37,71.56
1924,3.73,2.38,35.9,107.0,31.74,60.06
551,3.97,2.0,33.3,48.5,44.27,86.64
41,4.11,0.75,36.9,27.1,48.75,99.31
1769,3.65,3.96,21.3,101.4,31.88,65.62
1551,3.35,2.36,32.6,90.3,35.13,66.63
1829,3.28,0.76,47.4,107.3,30.81,61.58
1466,3.71,4.22,38.4,92.8,34.91,68.65
1839,3.39,3.76,49.0,105.0,32.32,58.37
205,3.67,2.54,48.6,40.8,48.2,93.25
1932,4.13,1.08,47.1,109.3,31.47,57.61
1047,3.98,3.87,43.0,70.9,38.65,74.44
1470,3.49,4.89,47.2,92.7,36.04,65.75
1774,3.8,3.11,30.3,96.2,32.97,62.15
766,3.32,2.14,35.1,56.8,41.54,84.02
923,3.34,4.87,21.7,64.6,40.62,80.79
316,3.47,0.83,46.4,42.9,46.5,89.46
1071,3.95,3.12,22.4,75.0,39.54,77.8
1610,4.0,1.49,28.4,93.8,33.66,68.48
1618,3.31,0.82,42.0,91.1,33.0,63.97
260,4.05,4.09,20.1,44.1,47.64,94.73
1415,3.79,2.82,38.0,91.5,36.81,68.61
22,3.93,4.82,41.3,34.2,50.49,96.69
246,3.48,4.74,40.2,41.1,46.77,91.94
837,3.76,3.82,47.1,60.9,42.55,80.7
704,3.57,4.67,35.0,56.0,42.77,82.72
17,4.16,2.38,39.1,29.3,50.04,99.37
204,3.23,4.55,22.3,37.2,46.98,95.19
1520,3.32,2.56,30.6,87.7,33.87,69.34
1397,3.87,1.02,33.9,85.6,35.52,69.22
1425,4.06,2.01,47.8,82.4,35.42,66.55
1516,3.9,2.61,22.7,93.8,35.19,71.95
1684,3.52,2.91,48.2,100.4,32.56,64.25
611,3.49,1.79,34.4,58.2,44.69,85.26
1182,3.38,3.7,27.0,74.3,39.07,74.63
1326,3.51,3.44,24.1,80.3,37.58,73.14
1671,3.48,1.47,23.8,98.7,33.41,68.14
1005,3.49,4.92,28.6,66.6,40.5,78.74
802,3.41,3.58,24.0,58.4,42.69,83.32
1052,3.35,2.11,45.9,68.0,39.52,77.12
286,4.14,0.72,26.3,43.8,46.96,94.68
1246,3.68,2.87,36.2,80.2,36.88,72.01
868,3.28,3.73,46.0,61.8,41.68,78.42
1383,3.29,3.17,35.4,85.4,37.05,71.59
812,3.51,3.73,37.1,66.9,40.97,83.16
1747,3.73,3.19,36.7,97.0,32.97,63.54
996,3.49,4.75,47.7,72.6,40.56,77.7
1024,3.32,3.98,35.6,73.6,38.93,76.52
563,4.01,1.73,21.1,48.4,43.54,90.53
1177,3.64,0.64,38.0,75.7,37.69,73.3
983,4.05,1.01,24.1,73.3,39.75,80.42
1477,3.86,2.18,37.8,93.1,34.91,67.25
1922,3.28,4.52,38.6,111.6,31.03,58.36
1320,3.75,2.38,35.0,82.1,37.02,70.9
1882,4.13,3.73,20.7,108.9,31.39,63.98
1736,3.63,1.42,35.9,95.6,33.29,64.22
1035,4.01,3.86,27.2,68.9,39.06,79.11
460,3.27,2.15,31.8,47.8,44.57,90.31
1630,3.94,0.87,32.8,100.0,33.65,65.05
95,3.88,4.62,41.2,38.0,48.5,96.07
426,3.74,3.7,26.7,44.0,46.57,89.33
1523,3.53,1.33,42.7,88.7,34.35,68.1
734,3.51,1.17,46.3,58.1,42.96,83.66
1039,3.89,4.0,28.6,74.8,39.24,76.81
1903,3.27,3.44,36.7,108.4,31.9,61.91
1527,4.04,2.5,24.5,89.8,34.63,68.8
612,3.45,2.17,38.5,54.6,43.91,83.76
1156,3.47,3.55,46.1,72.8,38.87,75.62
941,3.36,3.73,25.2,67.3,41.43,82.98
961,3.7,4.57,45.2,67.5,41.03,77.3
1594,3.41,1.43,48.8,92.0,33.24,64.45
201,3.62,2.45,38.8,33.9,47.92,93.73
954,3.96,2.46,32.8,70.2,39.8,80.11
1618,4.14,3.82,38.6,92.0,33.08,64.62
1005,3.71,1.39,27.3,70.4,39.47,77.88
910,3.27,2.25,33.9,66.7,40.19,78.92
302,3.76,2.0,37.4,43.9,46.41,90.13
1300,3.52,4.79,43.0,80.7,36.37,73.02
660,4.0,1.85,29.5,60.0,44.36,84.93
891,3.81,4.1,46.0,70.6,40.42,78.58
1543,4.08,1.24,30.3,88.1,34.59,68.93
1622,3.5,4.36,41.4,98.3,33.65,64.0
434,3.54,2.23,42.8,47.2,46.46,88.32
595,3.39,3.13,30.5,54.7,44.23,86.22
1932,4.01,1.4,25.2,103.0,29.69,59.97
1111,3.98,1.58,37.7,70.0,38.07,75.46
592,3.53,4.33,45.9,52.0,45.0,85.26
677,3.36,3.03,42.9,54.0,42.93,83.88
169,4.03,4.19,28.4,32.7,47.53,94.52
347,3.4,2.19,43.9,48.3,46.05,90.67
1030,4.09,1.04,46.6,68.6,39.6,77.79
618,3.91,4.05,31.2,54.9,44.59,86.86
1826,3.61,0.83,45.0,101.8,31.09,59.35
1323,3.67,3.15,47.8,78.2,37.08,71.75
1322,3.73,4.11,47.2,80.1,36.37,71.1
1206,4.18,1.1,46.0,82.0,38.92,73.75
1675,4.19,1.07,31.6,97.1,33.93,65.07
510,3.67,0.93,49.7,51.0,44.91,87.73
1714,3.77,1.84,22.2,95.1,33.41,64.45
1045,4.01,3.92,45.8,69.6,39.64,74.76
1577,3.42,3.18,24.9,91.5,33.75,66.67
839,3.4,2.8,20.9,63.7,41.16,82.12
484,3.38,2.52,38.5,51.0,45.1,89.78
978,3.99,4.15,26.1,73.2,39.26,79.33
1019,3.89,4.22,35.1,73.1,40.25,79.24
451,4.02,3.57,30.1,50.6,44.88,92.16
183,3.94,0.85,39.3,40.4,48.54,93.28
201,3.72,4.1,32.6,34.1,48.47,95.71
45,4.03,3.48,49.0,29.2,49.65,95.66
791,3.69,1.22,47.5,58.0,41.87,79.85
1897,3.94,4.54,38.9,107.1,31.75,61.6
1299,3.61,1.43,49.3,79.0,37.09,70.42
1404,3.44,4.38,29.9,85.0,36.21,70.3
420,3.72,3.77,41.5,46.8,45.81,89.5
1916,3.85,2.94,37.8,109.3,31.7,58.5
1580,4.0,0.7,38.0,93.8,33.25,65.52
1290,3.35,0.95,43.3,76.8,36.19,71.51
530,3.87,3.44,39.1,54.9,43.76,86.5
789,3.42,3.81,25.1,62.1,43.09,82.22
1684,3.99,3.75,28.6,96.9,33.86,65.33
1918,3.71,1.64,26.8,106.9,30.6,59.53
871,3.94,1.04,33.7,60.8,42.26,79.3
1567,4.15,4.4,24.6,97.6,35.19,66.97
908,3.94,0.74,38.3,71.0,41.79,80.31
875,3.83,4.21,23.8,61.9,40.67,81.12
144,3.38,3.6,36.0,32.2,48.05,96.81
1905,4.01,4.23,25.4,106.1,30.1,60.47
1164,3.24,1.89,41.3,77.7,37.6,76.25
1185,3.21,4.57,33.6,75.8,38.46,74.37
945,3.44,3.31,35.8,72.5,41.19,78.42
419,3.39,0.86,30.0,49.1,44.87,90.16
1524,4.12,4.26,21.1,92.5,35.32,68.76
1600,3.6,4.77,29.1,93.5,34.09,67.42
1559,4.14,4.92,31.4,95.1,34.54,69.85
1242,3.65,1.7,49.8,76.1,37.61,70.17
1846,3.52,2.81,32.2,101.3,31.86,63.3
1853,3.98,2.43,37.9,106.3,31.7,61.98
1997,3.76,0.89,24.2,106.8,29.1,59.61
1963,4.16,4.38,36.6,107.7,30.7,60.49
1305,3.83,2.75,21.1,83.5,36.51,72.84
1011,3.44,3.76,40.8,70.6,39.82,76.44
1962,3.9,4.48,25.1,103.6,29.65,60.0
1813,4.09,3.78,41.2,101.2,32.42,61.27
467,3.68,2.98,33.3,46.3,44.98,87.7
1102,3.47,4.43,45.7,72.7,38.2,73.11
20,3.61,1.62,23.5,27.9,50.04,100.0
1095,3.81,3.2,34.7,72.5,38.97,78.37
230,3.21,4.27,29.4,40.7,47.91,94.9
976,3.61,4.26,21.4,72.5,39.32,80.19
1190,3.28,0.5,27.8,79.6,38.82,77.14
1571,3.38,3.49,40.5,90.9,35.05,66.69
592,3.67,0.68,32.4,57.6,43.44,85.56
1538,4.07,2.0,29.9,89.5,35.6,67.95
480,3.57,2.37,28.8,49.8,45.41,89.17
1348,3.61,4.44,21.0,80.3,36.64,73.28
979,3.76,4.26,31.6,70.8,40.45,81.39
1914,3.64,2.06,29.1,104.2,31.24,62.06
934,3.62,2.16,20.4,63.3,40.83,80.19
507,3.26,3.64,21.0,52.1,45.11,88.88
864,3.31,3.09,42.8,63.8,40.69,79.29
670,3.67,2.43,37.2,56.9,44.3,83.75
883,3.99,0.54,38.1,70.0,41.04,80.45
860,4.12,2.33,39.9,64.6,40.82,81.17
1829,3.81,0.88,32.1,107.4,32.54,61.99
743,3.33,1.67,25.2,61.5,42.46,84.1
1565,3.69,2.6,45.7,95.5,35.14,65.13
746,4.09,4.14,27.4,63.6,43.25,83.02
1749,3.39,1.98,41.6,97.4,32.18,60.97
503,3.49,1.89,42.5,51.6,44.54,85.91
1656,4.01,4.78,48.0,99.0,32.82,63.43
1621,4.16,3.21,38.4,90.4,34.6,66.11
1723,3.37,2.58,23.6,101.9,32.14,64.89
97,3.33,3.49,37.3,37.8,48.66,96.52
1288,3.44,1.88,35.5,83.8,37.48,72.14
163,3.25,1.21,23.8,37.4,47.65,98.11
1856,3.87,2.55,22.5,104.6,31.66,63.45
1482,3.79,3.48,36.3,92.2,35.2,66.88
217,3.22,3.95,23.5,40.9,47.58,96.19
1638,3.53,1.45,30.0,93.9,33.18,64.63
597,3.83,4.19,46.1,56.9,44.87,84.74
1369,4.08,4.87,22.8,89.1,35.46,72.43
1306,3.49,3.13,41.7,83.1,37.23,71.93
1323,3.79,0.64,33.1,85.7,36.1,73.8
664,4.06,4.45,33.8,53.3,43.4,87.16
1529,3.87,3.36,25.0,87.5,34.46,67.47
651,3.61,2.19,29.0,60.2,43.26,85.65
1844,3.27,3.39,36.0,108.3,31.2,59.6
1739,3.63,1.38,23.8,101.9,32.86,66.7
923,3.35,4.33,21.5,64.4,39.92,83.6
51,4.12,0.73,42.9,31.1,50.11,96.1
1816,4.13,0.74,24.6,106.9,32.17,63.07
1996,3.78,0.79,41.8,109.5,29.15,58.3
791,3.52,3.43,22.8,62.7,41.66,85.19
1441,3.3,2.47,20.2,83.8,36.36,73.06
1773,3.93,3.95,41.2,96.1,31.83,60.4
1329,3.21,1.99,48.9,87.3,37.14,71.78
1790,3.94,4.58,33.3,102.0,31.56,61.53
1978,3.44,1.55,31.7,109.2,29.26,58.41
491,3.69,3.23,22.0,47.2,46.03,91.21
1777,3.46,3.54,37.6,103.7,31.57,62.01
1045,3.26,4.79,45.9,75.5,40.0,77.56
1577,3.62,1.76,37.7,92.7,34.14,68.51
1944,3.26,0.81,33.3,105.3,30.51,59.11
1742,4.15,1.74,34.1,99.2,31.59,63.88
1981,3.46,4.66,39.9,105.6,29.47,59.98
1914,3.53,3.13,33.6,102.8,30.85,58.48
422,3.5,3.91,24.1,50.9,45.78,91.41
1966,3.3,2.6,35.9,106.2,31.24,60.75
197,3.76,3.73,28.7,42.6,48.94,96.97
360,3.58,1.02,39.6,49.1,47.0,90.72
60,3.42,3.78,39.7,29.1,49.97,98.54
788,3.72,1.13,25.8,62.6,41.92,82.64
255,3.38,2.0,38.4,42.3,47.04,92.96
230,3.69,0.63,29.1,39.8,48.02,95.08
583,3.22,2.23,26.7,52.1,45.11,87.83
822,4.03,1.11,37.7,61.4,41.95,79.7
1133,4.13,1.19,36.9,73.6,39.48,74.87
466,3.67,4.26,21.8,49.6,44.57,90.02
1150,3.83,4.64,41.6,79.9,38.85,76.11
1225,3.6,3.27,47.8,83.6,36.86,71.23
670,3.46,3.4,47.4,57.4,42.58,83.51
604,3.75,0.76,43.9,54.6,44.86,86.09
1904,3.29,2.82,44.5,110.8,31.86,59.59
1554,3.86,4.85,33.7,88.3,34.3,69.59
1094,3.23,3.39,40.9,74.1,38.73,75.95
534,3.51,4.46,31.5,53.9,43.91,87.26
318,3.56,3.8,43.0,43.5,46.72,91.51
66,3.21,1.43,36.2,35.1,49.19,96.4
600,4.08,4.88,45.0,53.1,43.27,83.37
581,4.12,3.02,43.5,56.6,44.46,84.21
1482,3.38,2.65,29.7,86.8,35.03,70.95
883,3.85,2.54,28.4,68.3,41.34,80.99
1868,3.84,3.22,24.6,101.6,31.04,62.0
673,3.89,3.72,30.1,53.1,42.37,84.08
1875,3.84,2.62,21.1,107.8,31.57,65.07
1829,4.06,2.11,47.2,107.4,31.3,61.52
1999,3.73,0.59,40.7,111.2,30.72,59.52
791,3.63,3.02,29.1,61.7,42.65,83.41
1871,3.78,1.21,25.2,102.9,31.51,62.67
814,4.15,1.08,31.7,62.7,41.53,84.23
1856,3.4,1.3,40.1,105.8,31.86,62.25
390,3.53,2.21,39.6,45.0,45.1,89.41
881,3.58,1.68,42.6,68.5,41.24,78.88
683,3.59,3.44,49.2,60.9,44.0,84.55
1069,3.35,3.21,47.4,71.6,39.21,76.81
1866,3.76,4.23,29.9,108.8,31.94,61.49
1854,3.55,4.66,41.4,102.6,30.88,60.77
1327,3.5,1.18,35.7,84.5,37.33,72.7
594,3.91,4.58,37.6,50.4,44.51,85.23
1038,3.68,3.35,42.1,72.9,39.59,78.29
798,3.35,4.37,48.2,60.2,41.48,80.64
1949,3.72,2.09,36.8,109.3,30.77,59.35
1871,3.35,2.12,38.4,100.1,30.6,59.12
19,3.69,2.22,36.1,27.8,49.08,97.91
460,3.47,3.18,20.7,51.4,44.85,92.87
1392,3.71,2.36,37.5,85.5,36.46,71.24
1457,4.07,1.55,44.0,87.3,36.34,66.19
1588,3.34,1.47,41.4,89.6,33.19,65.27
1176,3.83,2.49,35.1,72.1,37.71,73.04
753,3.26,2.22,41.8,63.9,41.94,84.03
1659,3.52,1.39,36.7,97.5,33.53,65.37
247,3.48,2.65,22.7,37.2,46.67,96.21
1194,3.51,2.83,20.6,80.5,38.54,75.71
1300,3.94,2.89,40.5,77.3,37.29,72.28
203,3.69,0.65,30.1,33.8,48.34,96.64
355,3.96,3.24,35.9,46.7,46.23,93.11
583,3.98,4.29,34.5,48.7,44.34,85.46
1622,3.37,4.01,45.5,97.8,32.97,62.88
603,3.88,4.62,31.1,59.0,44.87,86.56
1849,4.15,3.0,38.9,99.9,31.74,59.44
303,3.64,2.49,28.1,39.4,46.4,95.2
1855,4.13,4.08,44.2,108.3,30.98,58.83
1686,3.49,2.4,49.4,100.3,33.16,62.88
1968,3.99,1.97,28.2,111.1,31.13,61.27
577,3.55,4.05,40.1,56.5,45.15,85.41
1437,4.13,4.82,47.6,92.2,36.02,65.93
1417,3.5,2.13,42.7,89.0,36.09,68.47
1400,3.68,4.67,36.4,88.8,36.49,72.15
621,3.26,2.27,27.5,59.3,43.8,87.62
1950,3.39,1.14,37.7,108.9,29.88,58.74
1893,3.38,4.8,42.0,103.4,32.0,59.99
995,4.16,2.33,47.8,69.6,40.95,77.63
1184,3.23,0.63,24.4,78.6,37.48,74.8
95,3.8,4.34,23.3,31.6,48.07,97.87
1536,3.78,3.13,31.4,95.5,35.55,68.39
1802,3.49,4.44,28.5,104.1,32.69,64.15
46,3.7,4.27,45.6,29.8,49.88,94.33
1116,3.77,4.35,48.0,75.8,39.46,75.86
1177,3.31,3.36,25.4,73.7,37.72,77.85
1372,4.15,4.12,34.6,81.7,35.99,69.98
1507,4.04,2.02,22.8,90.8,34.38,71.79
1043,3.39,4.54,41.8,72.7,40.09,77.64
1113,3.32,1.14,29.8,70.6,38.16,75.2
110,4.11,2.41,32.7,36.0,49.58,95.16
426,3.26,3.2,29.2,50.6,46.28,91.63
656,3.67,3.23,44.4,58.9,43.36,82.1
717,3.92,4.68,27.7,54.0,43.54,83.68
221,3.27,2.45,29.7,35.9,47.4,93.63
695,3.63,0.69,31.9,56.0,43.1,84.51
279,3.44,4.67,21.3,41.3,48.07,93.02
475,3.6,4.34,33.8,53.5,45.24,89.77
1089,3.87,4.2,30.1,76.1,38.17,77.7
653,3.23,3.38,20.7,52.8,44.43,86.85
787,3.5,3.4,42.4,58.1,42.49,82.09
444,3.8,0.66,21.2,46.3,44.78,90.61
78,4.13,4.77,46.0,35.0,48.8,95.68
179,3.49,0.73,25.4,37.2,48.12,97.2
491,3.83,4.08,23.1,47.2,45.88,91.36
1042,3.99,2.13,22.8,71.6,40.22,77.88
1611,4.08,0.96,32.7,92.5,34.15,65.42
823,3.3,1.98,37.1,66.5,42.19,81.35
497,3.8,4.15,49.5,53.8,44.61,85.29
1872,4.19,4.87,22.1,108.2,32.25,63.87
1329,3.44,3.65,25.3,81.9,37.15,72.53
1672,4.14,3.54,34.2,95.9,32.66,65.84
131,3.74,0.78,32.4,38.0,48.18,96.09
216,3.5,4.71,44.7,42.3,46.87,91.1
1429,4.02,4.15,32.1,82.5,35.81,72.31
607,3.72,0.79,49.5,49.4,44.27,82.9
349,3.82,0.77,39.0,46.7,46.86,90.99
707,3.4,4.25,22.2,59.9,42.2,87.27
568,3.99,3.96,45.4,57.4,44.51,84.41
1087,3.34,0.71,30.9,76.8,39.13,75.73
243,4.14,3.85,48.4,39.6,47.77,90.97
1020,3.91,1.37,38.2,75.2,39.4,78.77
1996,3.77,3.36,49.5,107.9,29.62,55.88
1877,4.15,4.62,41.5,109.7,31.04,58.18
876,3.5,0.52,23.9,69.0,41.12,81.13
1288,3.93,2.55,41.3,78.4,37.85,72.65
1157,3.27,1.03,32.7,76.4,38.51,77.22
750,3.51,1.3,35.5,58.5,42.33,83.48
1363,3.46,4.96,41.5,81.9,36.17,70.3
1346,4.18,4.02,43.2,84.7,37.0,70.1
742,3.75,1.78,47.3,55.2,42.84,83.65
655,3.98,2.49,38.8,56.9,43.54,85.73
1954,3.89,4.28,49.6,108.1,30.91,56.55
1007,4.03,4.48,35.9,74.2,40.27,79.17
1942,3.93,1.54,25.3,104.4,30.9,59.32
1361,3.88,4.87,41.8,86.0,35.82,71.67
738,3.42,2.71,43.2,62.5,41.91,81.05
1922,3.34,2.92,36.1,108.7,30.22,61.25
241,3.69,1.46,32.3,39.8,46.95,93.62
889,3.34,3.81,49.4,64.8,41.39,77.98
1262,3.67,1.01,30.9,78.9,37.44,73.59
576,3.52,4.04,32.1,56.7,44.02,87.06
1205,4.16,0.87,49.9,74.8,38.29,71.79
1385,3.88,2.59,25.2,84.0,36.65,72.88
1364,3.86,3.31,33.4,85.9,36.74,70.94
1478,3.55,1.31,37.2,86.7,34.25,68.54
1382,3.74,4.83,30.9,90.2,36.38,70.35
1334,3.64,4.87,29.6,82.1,37.34,71.72
300,3.9,0.89,37.9,42.2,47.47,92.52
305,3.28,2.35,23.9,38.6,47.69,93.17
460,4.01,3.95,42.7,49.0,45.24,86.43
802,3.92,4.82,25.3,60.8,41.83,81.97
268,3.23,1.86,44.6,43.6,47.02,89.93
448,3.47,2.5,41.4,47.4,46.29,89.24
1156,3.38,1.94,48.0,73.4,38.83,72.69
660,3.59,0.51,38.7,53.5,43.6,84.13
1914,4.16,2.14,40.5,102.2,29.98,59.79
1010,3.72,0.85,32.0,67.0,40.56,80.31
1823,3.33,1.15,21.3,105.8,31.95,63.22
1749,3.2,3.46,31.6,101.6,32.51,63.36
1268,4.09,0.93,21.0,83.2,38.2,73.3
342,3.93,3.03,24.0,42.7,46.12,92.98
1413,3.65,1.95,45.8,87.0,36.57,67.81
1787,3.44,0.84,40.3,99.2,31.54,62.35
325,3.7,1.76,25.9,40.4,47.35,93.7
711,3.52,2.81,27.5,58.4,42.72,86.69
283,3.36,1.52,40.0,40.5,47.37,90.33
1367,4.16,0.57,42.9,82.4,37.24,71.37
387,3.39,4.09,25.8,50.5,46.36,92.86
184,3.28,0.64,28.7,37.1,47.18,95.29
139,3.72,1.19,31.9,30.9,48.05,96.65
1447,3.94,3.69,29.0,90.7,36.16,69.08
1407,3.24,4.56,42.8,88.0,35.23,68.13
892,3.92,1.26,30.9,63.9,41.79,79.53
1137,3.93,4.95,47.8,74.5,38.4,75.52
694,3.43,1.08,39.7,56.2,42.12,83.3
20,3.99,4.1,37.8,27.9,49.08,99.36
368,3.24,2.4,37.6,46.3,47.03,89.95
1174,3.72,4.05,45.3,79.8,38.99,71.87
26,3.27,2.77,48.5,35.9,48.8,94.4
1727,3.59,3.57,22.8,99.9,32.5,67.69
878,3.38,4.99,20.1,67.3,41.63,82.7
199,4.04,1.17,35.2,39.8,48.84,95.85
1922,4.02,3.52,39.9,109.4,31.4,60.24
1162,3.42,1.47,32.2,80.4,38.2,74.64
966,3.62,3.86,45.9,71.1,40.03,77.03
530,3.25,1.45,33.6,47.2,44.06,86.67
1532,3.37,3.39,34.2,91.3,34.35,67.17
1322,3.69,2.07,30.4,84.6,37.13,71.4
48,3.99,3.55,43.3,33.8,50.26,94.78
1514,3.75,1.39,29.8,89.8,34.29,70.15
961,3.79,5.0,30.4,72.2,40.59,81.53
1655,3.7,4.41,26.6,100.7,34.33,65.92
865,4.1,1.84,30.6,68.4,42.09,80.37
680,4.0,0.51,44.6,56.9,43.63,83.85
1776,3.63,1.04,43.5,100.0,31.38,63.42
1678,3.6,0.72,37.0,100.5,33.69,64.84
872,4.12,3.61,37.0,65.7,41.65,79.07
1073,4.18,3.3,30.7,76.8,39.55,77.86
1448,3.61,3.87,20.3,84.7,35.82,70.12
771,3.52,1.16,35.3,64.3,41.4,81.3
1857,3.31,2.41,41.6,101.4,30.83,60.01
1477,3.56,3.28,22.8,85.9,35.98,72.06
111,4.18,2.13,31.0,30.7,48.86,98.53
645,3.32,3.66,28.0,57.6,44.32,88.4
1627,3.69,2.12,29.2,92.9,33.36,68.71
479,4.04,4.75,33.3,49.6,44.51,90.77
326,4.17,1.07,41.3,39.2,47.37,90.84
594,4.09,3.89,27.3,54.9,44.4,87.59
1815,3.77,1.94,36.4,104.2,31.64,61.33
1411,3.33,1.98,49.2,84.9,36.78,68.56
650,3.9,3.05,42.5,53.8,42.76,82.72
1415,3.27,2.89,32.0,84.7,36.34,71.5
240,3.77,1.1,40.9,40.9,46.64,93.83
1099,3.5,0.92,43.3,73.0,38.96,77.15
81,4.14,4.13,27.1,33.4,49.2,96.09
864,3.31,4.99,39.9,62.0,40.84,80.35
563,3.88,1.73,33.4,56.5,44.73,86.52
767,3.47,3.99,48.5,60.7,42.37,80.71
1128,3.74,2.82,33.0,73.6,39.37,75.98
779,3.66,2.32,23.5,60.1,41.26,85.78
105,3.27,2.98,39.0,30.3,49.81,95.87
573,3.91,1.03,30.7,52.8,43.31,87.68
474,3.62,0.76,23.7,52.5,46.22,89.82
1353,4.04,2.79,35.2,85.6,37.42,72.0
605,3.4,0.8,34.4,57.8,44.51,84.79
1022,3.25,4.73,35.3,75.8,40.54,76.79
758,3.48,4.93,31.0,57.2,41.75,85.73
750,3.73,0.98,33.8,55.7,41.64,82.23
422,3.28,4.13,40.5,42.7,45.73,89.65
947,3.61,3.66,23.8,70.6,40.8,81.38
1731,3.97,0.71,42.4,98.0,32.13,60.96
646,4.03,2.29,33.6,56.1,44.31,87.19
751,4.01,4.38,38.4,57.0,42.77,83.35
1980,4.13,3.51,49.2,109.6,30.98,57.62
950,3.87,2.41,29.5,64.2,39.64,79.71
381,3.48,3.92,47.4,40.9,47.07,88.86
145,3.65,2.88,29.0,35.9,48.38,97.73
25,3.41,1.68,29.2,27.0,50.52,97.8
86,3.72,1.48,48.0,37.5,49.74,93.07
1,3.76,4.52,35.6,28.3,50.55,99.01
1912,4.18,1.68,33.0,111.0,31.17,59.42
170,3.72,4.26,45.7,41.3,48.63,94.66
153,3.52,3.87,34.8,34.2,49.29,93.72
437,3.97,1.92,22.4,44.6,45.35,91.38
450,3.88,2.36,45.5,49.7,44.68,88.02
793,3.5,3.75,32.1,61.5,42.7,85.07
698,3.37,2.82,45.4,54.1,42.14,84.12
1095,3.65,3.72,42.5,74.2,38.51,76.85
128,3.7,2.51,32.3,31.8,48.51,97.3
1403,3.44,3.43,39.0,86.8,35.53,70.56
1325,4.02,2.34,28.3,80.5,36.88,74.21
983,3.53,4.69,42.0,68.2,40.58,77.08
1449,3.94,3.37,31.6,87.5,34.74,69.37
1006,3.23,1.89,49.5,73.1,39.25,75.89
86,3.6,3.47,26.0,32.8,49.65,96.57
1988,3.52,1.47,23.8,106.5,29.82,58.48
828,3.2,4.02,48.8,66.0,41.72,80.0
1498,3.56,0.85,26.9,88.1,35.05,67.81
1521,3.45,0.84,39.7,95.0,33.92,65.44
939,3.98,2.67,26.2,63.0,40.46,81.77
1136,3.92,3.19,35.2,76.3,38.96,76.53
696,3.63,3.42,27.0,62.6,43.72,86.02
836,3.92,3.32,34.8,61.0,42.0,80.98
1406,4.18,3.63,32.3,83.3,36.26,69.13
303,3.79,0.6,34.5,47.1,46.38,91.57
133,3.75,3.39,49.2,37.0,47.74,94.66
401,3.41,4.79,23.8,50.0,45.43,92.65
434,3.45,2.43,34.0,46.5,45.51,89.03
29,3.84,0.53,37.0,34.0,49.89,96.24
3,3.31,2.7,41.6,27.1,50.06,97.95
1613,3.95,1.13,31.5,98.1,34.42,66.79
537,3.82,4.39,27.7,49.2,44.58,89.96
198,3.55,2.04,26.5,42.1,47.69,93.99
1044,3.46,1.68,43.9,69.7,40.49,75.68
698,3.63,2.58,35.0,62.2,43.57,82.78
1629,3.76,1.69,23.4,93.4,32.73,66.8
1605,3.76,3.38,36.6,91.9,32.98,67.48
1491,4.09,1.28,21.4,92.0,34.91,72.1
149,3.68,3.91,37.2,31.4,49.3,93.38
1367,3.74,2.04,48.1,86.0,36.21,69.25
1901,4.17,4.09,40.1,103.8,30.86,58.2
1643,3.66,3.43,34.8,94.5,33.22,65.03
493,3.3,4.59,45.4,53.2,44.94,87.32
374,3.79,1.71,45.0,44.9,45.63,91.27
1276,3.35,3.14,22.4,83.0,37.45,76.05
274,3.75,3.61,38.5,39.5,47.8,92.27
1354,3.73,3.7,39.5,83.4,36.6,72.7
1663,3.87,1.0,29.1,95.5,34.35,66.77
1018,4.0,1.79,44.7,71.6,40.07,75.93
234,3.36,1.48,40.4,44.0,47.96,91.83
631,3.29,2.82,39.5,58.6,44.35,83.64
1504,3.57,3.62,33.7,89.8,34.49,68.91
1909,4.19,1.21,35.3,110.9,30.81,59.41
825,4.02,2.12,38.6,63.1,41.71,82.64
1613,3.77,4.74,39.7,89.8,33.31,66.64
1171,3.65,4.26,44.6,79.2,38.17,72.76
1186,3.61,3.12,40.4,78.3,37.61,74.09
589,3.5,0.95,46.8,54.1,44.13,86.63
1104,3.83,1.6,23.4,78.6,39.12,77.86
493,4.15,4.32,46.5,52.3,44.12,86.68
548,3.47,3.11,43.0,48.1,43.59,88.22
100,3.21,2.84,33.8,30.4,48.0,97.29
914,4.17,2.29,48.1,69.7,40.04,77.87
228,3.37,1.44,42.4,40.8,48.1,91.91
1159,3.41,4.72,43.5,75.6,37.52,72.83
400,3.43,0.78,25.2,41.9,46.99,93.01
819,3.3,3.25,47.9,60.7,42.32,79.25
461,4.12,2.8,35.5,51.4,44.61,89.11
1720,3.5,3.78,22.7,97.7,31.87,65.93
1588,3.72,2.78,22.3,96.1,33.67,69.92
1929,4.13,3.44,43.3,110.6,30.89,59.65
459,3.93,4.08,26.0,48.3,46.2,90.66
1762,3.7,2.36,39.5,96.5,32.21,61.11
114,3.32,4.55,31.3,29.9,49.24,95.06
1288,4.04,0.5,23.1,85.6,36.36,74.22
697,3.92,1.48,47.0,59.1,43.75,82.19
613,3.56,0.9,31.4,54.0,44.58,84.93
1450,3.59,1.09,44.4,90.4,35.28,69.19
1334,3.27,1.57,40.2,78.5,37.61,69.08
640,3.6,3.36,26.8,54.1,43.95,87.28
1480,3.32,4.36,22.8,86.2,34.76,68.76
801,3.83,4.52,41.2,64.7,42.68,80.6
5,3.74,3.59,29.5,26.6,49.74,98.58
550,3.35,2.83,21.8,52.7,44.88,88.29
1246,3.42,2.67,24.5,83.2,38.21,76.46
1771,3.99,4.82,32.5,103.0,31.37,62.12
997,3.94,4.8,24.6,71.4,39.7,78.24
1148,3.94,4.08,49.9,78.7,37.78,72.08
1254,3.88,3.13,28.2,83.9,38.41,74.43
1230,4.05,0.61,22.4,78.5,37.55,77.35
634,3.9,4.41,32.3,54.4,43.05,86.07
585,3.71,1.87,34.0,49.8,44.37,87.67
90,3.77,4.98,24.0,33.9,49.13,96.44
96,3.66,0.56,29.6,33.5,49.38,97.13
865,3.37,2.59,35.6,69.5,40.57,79.45
1549,3.81,0.97,45.7,90.6,34.24,67.42
1505,3.92,2.08,34.5,93.8,34.83,66.82
283,3.55,1.09,46.0,37.9,48.12,90.42
1995,3.79,1.49,28.0,106.2,29.8,58.16
239,3.92,1.19,33.7,38.2,47.79,92.0
771,3.73,2.52,33.4,62.7,42.49,84.78
172,3.56,2.11,45.2,39.2,47.86,95.33
946,3.64,3.1,23.5,65.0,41.51,81.05
1417,3.91,3.5,26.6,82.5,35.02,69.52
611,3.24,0.93,47.1,51.5,44.87,84.45
709,4.03,1.8,44.6,62.4,42.75,84.2
984,4.05,1.76,20.0,67.7,39.41,81.8
1528,3.35,4.82,30.2,91.7,35.09,69.94
1650,4.08,4.27,22.3,92.0,34.0,68.19
623,4.06,2.85,26.3,56.3,43.34,88.42
885,3.81,1.72,38.8,67.1,41.79,79.92
584,3.72,3.97,21.7,51.8,44.46,89.26
1584,3.87,4.5,47.2,94.1,33.28,63.25
573,3.36,4.73,28.5,51.2,44.68,88.27
444,3.81,4.74,24.2,52.5,46.35,91.83
1878,4.16,4.82,27.7,104.8,31.48,63.09
1580,3.27,0.99,34.4,97.1,33.51,65.62
461,3.45,4.43,48.0,50.9,44.53,87.72
1959,3.9,4.03,44.8,109.4,30.98,57.25
416,3.7,3.97,34.5,51.0,46.66,89.92
713,3.78,2.1,35.4,53.9,43.72,86.13
287,3.68,3.71,48.4,45.5,46.68,89.81
858,3.65,2.55,28.5,61.3,41.65,82.79
532,4.07,2.31,42.8,52.9,44.84,84.96
1238,3.54,3.7,42.7,75.6,37.15,71.51
1092,3.74,1.22,39.2,76.1,39.53,74.04
1972,3.8,4.78,32.1,113.2,30.39,61.36
1199,3.98,1.62,45.5,83.0,38.42,74.4
151,4.19,4.15,39.0,34.2,47.54,95.96
282,3.21,1.16,31.3,37.0,46.74,95.38
1189,3.78,2.8,42.3,73.9,37.12,74.73
911,3.68,1.77,48.9,69.5,40.87,76.27
683,3.22,2.57,45.4,58.7,43.73,84.46
1429,3.3,3.91,22.7,84.8,35.95,73.34
536,3.85,3.05,22.1,52.8,44.17,90.66
7,4.09,1.66,31.1,25.3,49.26,98.64
1208,4.12,4.49,42.4,76.9,38.19,72.03
1398,4.08,4.0,42.2,86.3,36.43,67.71
1442,4.19,2.87,43.7,83.0,35.72,68.75
708,3.3,2.08,37.6,54.6,43.79,85.61
366,3.75,0.74,34.2,42.9,47.08,89.45
450,4.15,2.86,29.2,49.4,45.05,92.06
439,3.64,2.51,36.3,47.0,45.02,90.64
753,3.62,4.41,44.4,60.2,43.18,81.82
827,3.78,2.99,25.4,61.3,42.64,82.56
16,3.26,4.22,46.5,29.2,50.56,95.25
475,4.13,0.93,39.8,52.6,44.3,87.12
201,3.82,0.58,22.0,33.9,48.28,97.09
1684,4.14,4.32,41.1,93.1,33.24,65.61
406,3.61,1.5,23.3,48.6,46.29,93.97
1372,4.17,4.43,37.4,82.5,35.56,68.77
1282,3.96,1.27,35.1,78.2,37.5,73.57
425,3.41,3.24,23.5,49.5,44.94,90.09
3,3.29,1.08,49.8,31.2,50.12,95.94
720,3.37,4.8,31.4,63.3,43.02,82.75
1258,3.22,4.73,26.0,83.7,36.67,76.45
1501,3.88,2.08,46.6,87.4,34.2,66.75
1098,3.42,2.37,35.3,73.0,38.4,74.66
586,3.35,3.24,26.4,53.5,45.01,88.22
1858,3.65,3.61,26.2,107.5,31.15,61.44
333,3.3,3.37,38.6,46.5,47.22,92.29
98,3.9,4.8,34.9,31.0,48.8,94.76
1045,3.54,4.02,46.8,71.7,39.1,76.37
982,3.45,1.93,30.9,66.4,39.88,80.99
954,3.99,4.72,31.3,71.9,39.79,81.59
1229,3.22,4.13,33.6,77.1,36.74,74.93
1600,3.85,1.69,44.1,92.6,34.0,66.3
233,4.11,0.62,47.2,41.7,48.44,93.33
1532,4.04,2.04,36.1,87.7,35.18,68.98
980,3.26,1.9,41.7,68.7,39.2,76.57
1646,3.27,3.68,25.6,99.6,33.03,65.85
116,4.19,3.72,31.1,38.7,49.58,95.99
1766,3.3,1.79,23.0,99.6,31.61,66.51
392,4.05,2.63,33.7,47.9,45.73,92.72
1556,3.58,3.92,36.5,87.6,35.22,66.17
1800,4.16,3.71,34.7,98.4,32.61,62.92
755,4.02,2.75,23.9,60.1,41.78,83.23
999,3.66,2.64,23.7,70.9,40.1,78.49
775,3.8,3.88,35.7,60.0,42.84,83.33
793,3.72,2.86,36.1,63.6,42.19,81.7
54,3.42,2.05,38.4,30.4,50.08,96.07
800,4.02,3.81,26.5,62.5,41.82,85.19
1996,4.06,3.06,38.5,108.7,29.24,59.54
741,3.24,2.37,23.5,62.1,42.48,84.25
792,3.77,0.83,21.0,63.6,41.69,83.03
759,3.44,0.96,22.6,65.3,42.78,83.33
1874,3.52,3.65,20.4,102.4,30.28,62.87
183,4.19,1.92,35.9,36.4,48.71,94.79
893,4.0,1.23,20.0,70.1,40.31,84.16
1533,3.72,1.08,45.3,90.2,34.3,64.62
1880,3.58,2.18,49.5,102.1,30.4,57.68
862,3.6,2.65,27.6,62.2,40.52,83.8
863,3.63,1.97,41.3,63.3,41.55,78.54
1096,4.18,3.39,46.6,77.6,38.6,74.03
1319,3.61,4.24,45.7,79.8,36.0,70.55
63,3.7,4.63,33.4,36.6,49.2,97.11
987,3.86,2.02,43.5,73.9,39.94,78.29
1076,3.82,1.18,25.5,75.0,39.35,77.71
398,3.8,3.36,26.0,43.0,46.16,92.31
452,3.64,4.98,28.7,47.2,46.04,89.68
116,4.12,3.12,27.9,30.5,48.63,96.1
379,3.75,1.22,46.0,47.2,46.09,89.2
